2026-07-26T16:31:17.0490009Z Current runner version: '2.336.0'
2026-07-26T16:31:17.0527030Z ##[group]Runner Image Provisioner
2026-07-26T16:31:17.0528262Z Hosted Compute Agent
2026-07-26T16:31:17.0528837Z Version: 20260707.563
2026-07-26T16:31:17.0529400Z Commit: 02667638d2b423fbc733a8e32a88b44996a3ba6e
2026-07-26T16:31:17.0530071Z Build Date: 2026-07-07T19:33:50Z
2026-07-26T16:31:17.0530726Z Worker ID: {de1f5bd1-9234-4860-b074-1a99982e9f48}
2026-07-26T16:31:17.0531374Z Azure Region: eastus
2026-07-26T16:31:17.0532360Z ##[endgroup]
2026-07-26T16:31:17.0533814Z ##[group]Operating System
2026-07-26T16:31:17.0534416Z Microsoft Windows Server 2025
2026-07-26T16:31:17.0535008Z 10.0.26100
2026-07-26T16:31:17.0535468Z Datacenter
2026-07-26T16:31:17.0535934Z ##[endgroup]
2026-07-26T16:31:17.0536448Z ##[group]Runner Image
2026-07-26T16:31:17.0536999Z Image: windows-2025-vs2026
2026-07-26T16:31:17.0537564Z Version: 20260714.173.1
2026-07-26T16:31:17.0539159Z Included Software: https://github.com/actions/runner-images/blob/win25-vs2026/20260714.173/images/windows/Windows2025-VS2026-Readme.md
2026-07-26T16:31:17.0540794Z Image Release: https://github.com/actions/runner-images/releases/tag/win25-vs2026%2F20260714.173
2026-07-26T16:31:17.0541710Z ##[endgroup]
2026-07-26T16:31:17.0542755Z ##[group]GITHUB_TOKEN Permissions
2026-07-26T16:31:17.0545030Z Contents: read
2026-07-26T16:31:17.0545614Z Metadata: read
2026-07-26T16:31:17.0546103Z ##[endgroup]
2026-07-26T16:31:17.0548642Z Secret source: Actions
2026-07-26T16:31:17.0549643Z Prepare workflow directory
2026-07-26T16:31:17.1134411Z Prepare all required actions
2026-07-26T16:31:17.1181131Z Getting action download info
2026-07-26T16:31:17.2704844Z Download action repository 'actions/checkout@v6' (SHA:d23441a48e516b6c34aea4fa41551a30e30af803)
2026-07-26T16:31:17.4765528Z Download action repository 'ilammy/msvc-dev-cmd@v1' (SHA:0b201ec74fa43914dc39ae48a89fd1d8cb592756)
2026-07-26T16:31:17.6391834Z Download action repository 'actions/cache@v4' (SHA:0057852bfaa89a56745cba8c7296529d2fc39830)
2026-07-26T16:31:17.7814384Z Download action repository 'actions/upload-artifact@v7' (SHA:043fb46d1a93c77aae656e7c1c64a875d1fc6a0a)
2026-07-26T16:31:18.0385927Z Uses: Velfi/adriatic/.github/workflows/release-windows.yml@refs/tags/v0.1.0-0 (5fbfe025042adf424f3e784ff742c1be3304b28e)
2026-07-26T16:31:18.0390788Z ##[group] Inputs
2026-07-26T16:31:18.0391324Z   release_tag: v0.1.0-0
2026-07-26T16:31:18.0391803Z ##[endgroup]
2026-07-26T16:31:18.0392332Z Complete job name: windows / Release Windows
2026-07-26T16:31:18.1900769Z ##[group]Run actions/checkout@v6
2026-07-26T16:31:18.1901964Z with:
2026-07-26T16:31:18.1902392Z   ref: v0.1.0-0
2026-07-26T16:31:18.1902842Z   repository: Velfi/adriatic
2026-07-26T16:31:18.1907606Z   token: ***
2026-07-26T16:31:18.1908108Z   ssh-strict: true
2026-07-26T16:31:18.1908541Z   ssh-user: git
2026-07-26T16:31:18.1908994Z   persist-credentials: true
2026-07-26T16:31:18.1909481Z   clean: true
2026-07-26T16:31:18.1909915Z   sparse-checkout-cone-mode: true
2026-07-26T16:31:18.1910500Z   fetch-depth: 1
2026-07-26T16:31:18.1910919Z   fetch-tags: false
2026-07-26T16:31:18.1911350Z   show-progress: true
2026-07-26T16:31:18.1911782Z   lfs: false
2026-07-26T16:31:18.1912172Z   submodules: false
2026-07-26T16:31:18.1912601Z   set-safe-directory: true
2026-07-26T16:31:18.1913096Z   allow-unsafe-pr-checkout: false
2026-07-26T16:31:18.1913900Z env:
2026-07-26T16:31:18.1914307Z   RELEASE_TAG: v0.1.0-0
2026-07-26T16:31:18.1914774Z   VCPKG_ROOT: C:\vcpkg
2026-07-26T16:31:18.1915286Z   VCPKG_DEFAULT_TRIPLET: x64-windows
2026-07-26T16:31:18.1915929Z   VCPKG_BINARY_CACHE: D:\a\adriatic\adriatic\.cache\vcpkg
2026-07-26T16:31:18.1916639Z   ZELDA_ENGINE_REPOSITORY: Velfi/zelda-engine
2026-07-26T16:31:18.1917216Z   ZELDA_ENGINE_REF: main
2026-07-26T16:31:18.1917788Z   ZELDA_ENGINE_ROOT: D:\a\adriatic\adriatic\zelda-engine
2026-07-26T16:31:18.1918450Z ##[endgroup]
2026-07-26T16:31:18.3393018Z Syncing repository: Velfi/adriatic
2026-07-26T16:31:18.3395154Z ##[group]Getting Git version info
2026-07-26T16:31:18.3398728Z Working directory is 'D:\a\adriatic\adriatic'
2026-07-26T16:31:18.4133969Z [command]"C:\Program Files\Git\bin\git.exe" version
2026-07-26T16:31:18.5724690Z git version 2.55.0.windows.2
2026-07-26T16:31:18.5894295Z ##[endgroup]
2026-07-26T16:31:18.5903111Z Temporarily overriding HOME='D:\a\_temp\78575515-468a-47cf-83b0-3a0cbdb38f91' before making global git config changes
2026-07-26T16:31:18.5906213Z Adding repository directory to the temporary git global config as a safe directory
2026-07-26T16:31:18.5909153Z [command]"C:\Program Files\Git\bin\git.exe" config --global --add safe.directory D:\a\adriatic\adriatic
2026-07-26T16:31:18.6161993Z Deleting the contents of 'D:\a\adriatic\adriatic'
2026-07-26T16:31:18.6168388Z ##[group]Determining repository object format
2026-07-26T16:31:18.7646387Z ##[endgroup]
2026-07-26T16:31:18.7648072Z ##[group]Initializing the repository
2026-07-26T16:31:18.7656897Z [command]"C:\Program Files\Git\bin\git.exe" init D:\a\adriatic\adriatic
2026-07-26T16:31:18.8161858Z Initialized empty Git repository in D:/a/adriatic/adriatic/.git/
2026-07-26T16:31:18.8228122Z [command]"C:\Program Files\Git\bin\git.exe" remote add origin https://github.com/Velfi/adriatic
2026-07-26T16:31:18.8584899Z ##[endgroup]
2026-07-26T16:31:18.8586235Z ##[group]Disabling automatic garbage collection
2026-07-26T16:31:18.8594315Z [command]"C:\Program Files\Git\bin\git.exe" config --local gc.auto 0
2026-07-26T16:31:18.8897962Z ##[endgroup]
2026-07-26T16:31:18.8899462Z ##[group]Setting up auth
2026-07-26T16:31:18.8900452Z Removing SSH command configuration
2026-07-26T16:31:18.8912338Z [command]"C:\Program Files\Git\bin\git.exe" config --local --name-only --get-regexp core\.sshCommand
2026-07-26T16:31:18.9225401Z [command]"C:\Program Files\Git\bin\git.exe" submodule foreach --recursive "sh -c \"git config --local --name-only --get-regexp 'core\.sshCommand' && git config --local --unset-all 'core.sshCommand' || :\""
2026-07-26T16:31:19.8245876Z Removing HTTP extra header
2026-07-26T16:31:19.8256677Z [command]"C:\Program Files\Git\bin\git.exe" config --local --name-only --get-regexp http\.https\:\/\/github\.com\/\.extraheader
2026-07-26T16:31:19.8574185Z [command]"C:\Program Files\Git\bin\git.exe" submodule foreach --recursive "sh -c \"git config --local --name-only --get-regexp 'http\.https\:\/\/github\.com\/\.extraheader' && git config --local --unset-all 'http.https://github.com/.extraheader' || :\""
2026-07-26T16:31:20.4424573Z Removing includeIf entries pointing to credentials config files
2026-07-26T16:31:20.4440588Z [command]"C:\Program Files\Git\bin\git.exe" config --local --name-only --get-regexp ^includeIf\.gitdir:
2026-07-26T16:31:20.4771808Z [command]"C:\Program Files\Git\bin\git.exe" submodule foreach --recursive "git config --local --show-origin --name-only --get-regexp remote.origin.url"
2026-07-26T16:31:20.9962042Z [command]"C:\Program Files\Git\bin\git.exe" config --file D:\a\_temp\git-credentials-be6605da-78b5-4206-b033-7df354846478.config http.https://github.com/.extraheader "AUTHORIZATION: basic ***"
2026-07-26T16:31:21.0262348Z [command]"C:\Program Files\Git\bin\git.exe" config --local includeIf.gitdir:D:/a/adriatic/adriatic/.git.path D:\a\_temp\git-credentials-be6605da-78b5-4206-b033-7df354846478.config
2026-07-26T16:31:21.0555730Z [command]"C:\Program Files\Git\bin\git.exe" config --local includeIf.gitdir:D:/a/adriatic/adriatic/.git/worktrees/*.path D:\a\_temp\git-credentials-be6605da-78b5-4206-b033-7df354846478.config
2026-07-26T16:31:21.0863358Z [command]"C:\Program Files\Git\bin\git.exe" config --local includeIf.gitdir:/github/workspace/.git.path /github/runner_temp/git-credentials-be6605da-78b5-4206-b033-7df354846478.config
2026-07-26T16:31:21.1165102Z [command]"C:\Program Files\Git\bin\git.exe" config --local includeIf.gitdir:/github/workspace/.git/worktrees/*.path /github/runner_temp/git-credentials-be6605da-78b5-4206-b033-7df354846478.config
2026-07-26T16:31:21.1472680Z ##[endgroup]
2026-07-26T16:31:21.1473483Z ##[group]Fetching the repository
2026-07-26T16:31:21.1487838Z [command]"C:\Program Files\Git\bin\git.exe" -c protocol.version=2 fetch --no-tags --prune --no-recurse-submodules --depth=1 origin +refs/heads/v0.1.0-0*:refs/remotes/origin/v0.1.0-0* +refs/tags/v0.1.0-0*:refs/tags/v0.1.0-0*
2026-07-26T16:31:22.4993982Z From https://github.com/Velfi/adriatic
2026-07-26T16:31:22.4994627Z  * [new tag]         v0.1.0-0   -> v0.1.0-0
2026-07-26T16:31:22.5037326Z ##[endgroup]
2026-07-26T16:31:22.5038532Z ##[group]Determining the checkout info
2026-07-26T16:31:22.5054152Z [command]"C:\Program Files\Git\bin\git.exe" branch --list --remote origin/v0.1.0-0
2026-07-26T16:31:22.5388682Z [command]"C:\Program Files\Git\bin\git.exe" tag --list v0.1.0-0
2026-07-26T16:31:22.5667097Z v0.1.0-0
2026-07-26T16:31:22.5702236Z ##[endgroup]
2026-07-26T16:31:22.5715747Z [command]"C:\Program Files\Git\bin\git.exe" sparse-checkout disable
2026-07-26T16:31:22.6078017Z [command]"C:\Program Files\Git\bin\git.exe" config --local --unset-all extensions.worktreeConfig
2026-07-26T16:31:22.6382175Z ##[group]Checking out the ref
2026-07-26T16:31:22.6391815Z [command]"C:\Program Files\Git\bin\git.exe" checkout --progress --force refs/tags/v0.1.0-0
2026-07-26T16:31:23.3973424Z Note: switching to 'refs/tags/v0.1.0-0'.
2026-07-26T16:31:23.3974732Z 
2026-07-26T16:31:23.3975092Z You are in 'detached HEAD' state. You can look around, make experimental
2026-07-26T16:31:23.3976045Z changes and commit them, and you can discard any commits you make in this
2026-07-26T16:31:23.3976972Z state without impacting any branches by switching back to a branch.
2026-07-26T16:31:23.3977848Z 
2026-07-26T16:31:23.3978241Z If you want to create a new branch to retain commits you create, you may
2026-07-26T16:31:23.3979039Z do so (now or later) by using -c with the switch command. Example:
2026-07-26T16:31:23.3979344Z 
2026-07-26T16:31:23.3979469Z   git switch -c <new-branch-name>
2026-07-26T16:31:23.3979701Z 
2026-07-26T16:31:23.3979807Z Or undo this operation with:
2026-07-26T16:31:23.3980044Z 
2026-07-26T16:31:23.3980134Z   git switch -
2026-07-26T16:31:23.3980256Z 
2026-07-26T16:31:23.3980499Z Turn off this advice by setting config variable advice.detachedHead to false
2026-07-26T16:31:23.3980857Z 
2026-07-26T16:31:23.3980969Z HEAD is now at 5fbfe02 fix missing dep
2026-07-26T16:31:23.4110875Z ##[endgroup]
2026-07-26T16:31:23.4468153Z [command]"C:\Program Files\Git\bin\git.exe" log -1 --format=%H
2026-07-26T16:31:23.4741673Z 5fbfe025042adf424f3e784ff742c1be3304b28e
2026-07-26T16:31:23.5208981Z ##[group]Run actions/checkout@v6
2026-07-26T16:31:23.5209284Z with:
2026-07-26T16:31:23.5209480Z   repository: Velfi/zelda-engine
2026-07-26T16:31:23.5209692Z   ref: main
2026-07-26T16:31:23.5209850Z   path: zelda-engine
2026-07-26T16:31:23.5210195Z   submodules: recursive
2026-07-26T16:31:23.5213179Z   token: ***
2026-07-26T16:31:23.5213359Z   ssh-strict: true
2026-07-26T16:31:23.5213737Z   ssh-user: git
2026-07-26T16:31:23.5213922Z   persist-credentials: true
2026-07-26T16:31:23.5214151Z   clean: true
2026-07-26T16:31:23.5214331Z   sparse-checkout-cone-mode: true
2026-07-26T16:31:23.5214557Z   fetch-depth: 1
2026-07-26T16:31:23.5214739Z   fetch-tags: false
2026-07-26T16:31:23.5214923Z   show-progress: true
2026-07-26T16:31:23.5215108Z   lfs: false
2026-07-26T16:31:23.5215277Z   set-safe-directory: true
2026-07-26T16:31:23.5215494Z   allow-unsafe-pr-checkout: false
2026-07-26T16:31:23.5215710Z env:
2026-07-26T16:31:23.5215936Z   RELEASE_TAG: v0.1.0-0
2026-07-26T16:31:23.5216178Z   VCPKG_ROOT: C:\vcpkg
2026-07-26T16:31:23.5216384Z   VCPKG_DEFAULT_TRIPLET: x64-windows
2026-07-26T16:31:23.5216672Z   VCPKG_BINARY_CACHE: D:\a\adriatic\adriatic\.cache\vcpkg
2026-07-26T16:31:23.5216991Z   ZELDA_ENGINE_REPOSITORY: Velfi/zelda-engine
2026-07-26T16:31:23.5217249Z   ZELDA_ENGINE_REF: main
2026-07-26T16:31:23.5217488Z   ZELDA_ENGINE_ROOT: D:\a\adriatic\adriatic\zelda-engine
2026-07-26T16:31:23.5217762Z ##[endgroup]
2026-07-26T16:31:23.6333265Z Syncing repository: Velfi/zelda-engine
2026-07-26T16:31:23.6342593Z ##[group]Getting Git version info
2026-07-26T16:31:23.6343196Z Working directory is 'D:\a\adriatic\adriatic\zelda-engine'
2026-07-26T16:31:23.7117495Z [command]"C:\Program Files\Git\bin\git.exe" version
2026-07-26T16:31:23.7380373Z git version 2.55.0.windows.2
2026-07-26T16:31:23.7424667Z ##[endgroup]
2026-07-26T16:31:23.7444710Z Temporarily overriding HOME='D:\a\_temp\a363f313-a401-40c7-96cf-f8b19f099a98' before making global git config changes
2026-07-26T16:31:23.7445422Z Adding repository directory to the temporary git global config as a safe directory
2026-07-26T16:31:23.7455379Z [command]"C:\Program Files\Git\bin\git.exe" config --global --add safe.directory D:\a\adriatic\adriatic\zelda-engine
2026-07-26T16:31:23.7756885Z ##[group]Determining repository object format
2026-07-26T16:31:23.9216084Z ##[endgroup]
2026-07-26T16:31:23.9217292Z ##[group]Initializing the repository
2026-07-26T16:31:23.9230147Z [command]"C:\Program Files\Git\bin\git.exe" init D:\a\adriatic\adriatic\zelda-engine
2026-07-26T16:31:23.9705881Z Initialized empty Git repository in D:/a/adriatic/adriatic/zelda-engine/.git/
2026-07-26T16:31:23.9767962Z [command]"C:\Program Files\Git\bin\git.exe" remote add origin https://github.com/Velfi/zelda-engine
2026-07-26T16:31:24.0083245Z ##[endgroup]
2026-07-26T16:31:24.0083800Z ##[group]Disabling automatic garbage collection
2026-07-26T16:31:24.0098479Z [command]"C:\Program Files\Git\bin\git.exe" config --local gc.auto 0
2026-07-26T16:31:24.0431164Z ##[endgroup]
2026-07-26T16:31:24.0431705Z ##[group]Setting up auth
2026-07-26T16:31:24.0434127Z Removing SSH command configuration
2026-07-26T16:31:24.0452014Z [command]"C:\Program Files\Git\bin\git.exe" config --local --name-only --get-regexp core\.sshCommand
2026-07-26T16:31:24.0787400Z [command]"C:\Program Files\Git\bin\git.exe" submodule foreach --recursive "sh -c \"git config --local --name-only --get-regexp 'core\.sshCommand' && git config --local --unset-all 'core.sshCommand' || :\""
2026-07-26T16:31:24.6609038Z Removing HTTP extra header
2026-07-26T16:31:24.6619761Z [command]"C:\Program Files\Git\bin\git.exe" config --local --name-only --get-regexp http\.https\:\/\/github\.com\/\.extraheader
2026-07-26T16:31:24.6941362Z [command]"C:\Program Files\Git\bin\git.exe" submodule foreach --recursive "sh -c \"git config --local --name-only --get-regexp 'http\.https\:\/\/github\.com\/\.extraheader' && git config --local --unset-all 'http.https://github.com/.extraheader' || :\""
2026-07-26T16:31:25.2446085Z Removing includeIf entries pointing to credentials config files
2026-07-26T16:31:25.2455482Z [command]"C:\Program Files\Git\bin\git.exe" config --local --name-only --get-regexp ^includeIf\.gitdir:
2026-07-26T16:31:25.2768479Z [command]"C:\Program Files\Git\bin\git.exe" submodule foreach --recursive "git config --local --show-origin --name-only --get-regexp remote.origin.url"
2026-07-26T16:31:25.8350766Z [command]"C:\Program Files\Git\bin\git.exe" config --file D:\a\_temp\git-credentials-eb23ad40-7233-4d6e-a808-90d7acf0d1aa.config http.https://github.com/.extraheader "AUTHORIZATION: basic ***"
2026-07-26T16:31:25.8664125Z [command]"C:\Program Files\Git\bin\git.exe" config --local includeIf.gitdir:D:/a/adriatic/adriatic/zelda-engine/.git.path D:\a\_temp\git-credentials-eb23ad40-7233-4d6e-a808-90d7acf0d1aa.config
2026-07-26T16:31:25.8969189Z [command]"C:\Program Files\Git\bin\git.exe" config --local includeIf.gitdir:D:/a/adriatic/adriatic/zelda-engine/.git/worktrees/*.path D:\a\_temp\git-credentials-eb23ad40-7233-4d6e-a808-90d7acf0d1aa.config
2026-07-26T16:31:25.9275999Z [command]"C:\Program Files\Git\bin\git.exe" config --local includeIf.gitdir:/github/workspace/zelda-engine/.git.path /github/runner_temp/git-credentials-eb23ad40-7233-4d6e-a808-90d7acf0d1aa.config
2026-07-26T16:31:25.9575593Z [command]"C:\Program Files\Git\bin\git.exe" config --local includeIf.gitdir:/github/workspace/zelda-engine/.git/worktrees/*.path /github/runner_temp/git-credentials-eb23ad40-7233-4d6e-a808-90d7acf0d1aa.config
2026-07-26T16:31:25.9853475Z ##[endgroup]
2026-07-26T16:31:25.9853829Z ##[group]Fetching the repository
2026-07-26T16:31:25.9867497Z [command]"C:\Program Files\Git\bin\git.exe" -c protocol.version=2 fetch --no-tags --prune --no-recurse-submodules --depth=1 origin +refs/heads/main*:refs/remotes/origin/main* +refs/tags/main*:refs/tags/main*
2026-07-26T16:31:26.3980808Z From https://github.com/Velfi/zelda-engine
2026-07-26T16:31:26.3981393Z  * [new branch]      main       -> origin/main
2026-07-26T16:31:26.4023494Z ##[endgroup]
2026-07-26T16:31:26.4024425Z ##[group]Determining the checkout info
2026-07-26T16:31:26.4034649Z [command]"C:\Program Files\Git\bin\git.exe" branch --list --remote origin/main
2026-07-26T16:31:26.4313670Z   origin/main
2026-07-26T16:31:26.4347888Z ##[endgroup]
2026-07-26T16:31:26.4357845Z [command]"C:\Program Files\Git\bin\git.exe" sparse-checkout disable
2026-07-26T16:31:26.4716962Z [command]"C:\Program Files\Git\bin\git.exe" config --local --unset-all extensions.worktreeConfig
2026-07-26T16:31:26.5025320Z ##[group]Checking out the ref
2026-07-26T16:31:26.5035100Z [command]"C:\Program Files\Git\bin\git.exe" checkout --progress --force -B main refs/remotes/origin/main
2026-07-26T16:31:26.5752824Z Switched to a new branch 'main'
2026-07-26T16:31:26.5772079Z branch 'main' set up to track 'origin/main'.
2026-07-26T16:31:26.5817501Z ##[endgroup]
2026-07-26T16:31:26.5817933Z ##[group]Setting up auth for fetching submodules
2026-07-26T16:31:26.5828744Z [command]"C:\Program Files\Git\bin\git.exe" config --file D:\a\_temp\git-credentials-eb23ad40-7233-4d6e-a808-90d7acf0d1aa.config http.https://github.com/.extraheader "AUTHORIZATION: basic ***"
2026-07-26T16:31:26.6154965Z [command]"C:\Program Files\Git\bin\git.exe" config --global include.path D:\a\_temp\git-credentials-eb23ad40-7233-4d6e-a808-90d7acf0d1aa.config
2026-07-26T16:31:26.6466743Z [command]"C:\Program Files\Git\bin\git.exe" config --global --unset-all url.https://github.com/.insteadOf
2026-07-26T16:31:26.6765037Z [command]"C:\Program Files\Git\bin\git.exe" config --global --add url.https://github.com/.insteadOf git@github.com:
2026-07-26T16:31:26.7064039Z [command]"C:\Program Files\Git\bin\git.exe" config --global --add url.https://github.com/.insteadOf org-4008103@github.com:
2026-07-26T16:31:26.7358421Z ##[endgroup]
2026-07-26T16:31:26.7359028Z ##[group]Fetching submodules
2026-07-26T16:31:26.7368008Z [command]"C:\Program Files\Git\bin\git.exe" submodule sync --recursive
2026-07-26T16:31:27.2589664Z [command]"C:\Program Files\Git\bin\git.exe" -c protocol.version=2 submodule update --init --force --depth=1 --recursive
2026-07-26T16:31:27.8068071Z [command]"C:\Program Files\Git\bin\git.exe" submodule foreach --recursive "git config --local gc.auto 0"
2026-07-26T16:31:28.3546892Z ##[endgroup]
2026-07-26T16:31:28.3547247Z ##[group]Persisting credentials for submodules
2026-07-26T16:31:28.3558828Z [command]"C:\Program Files\Git\bin\git.exe" submodule foreach --recursive "sh -c \"git config --local --name-only --get-regexp 'url\.https\:\/\/github\.com\/\.insteadOf' && git config --local --unset-all 'url.https://github.com/.insteadOf' || :\""
2026-07-26T16:31:28.8841127Z [command]"C:\Program Files\Git\bin\git.exe" submodule foreach --recursive "git config --local --show-origin --name-only --get-regexp remote.origin.url"
2026-07-26T16:31:29.4358559Z [command]"C:\Program Files\Git\bin\git.exe" submodule foreach --recursive "git config --local --add 'url.https://github.com/.insteadOf' 'git@github.com:'"
2026-07-26T16:31:29.9958754Z [command]"C:\Program Files\Git\bin\git.exe" submodule foreach --recursive "git config --local --add 'url.https://github.com/.insteadOf' 'org-4008103@github.com:'"
2026-07-26T16:31:30.5521951Z ##[endgroup]
2026-07-26T16:31:30.5922515Z [command]"C:\Program Files\Git\bin\git.exe" log -1 --format=%H
2026-07-26T16:31:30.6261765Z 13be8db95e30493b8cd1b29f67121d549e180afe
2026-07-26T16:31:30.6614730Z Node 20 is being deprecated. This workflow is running with Node 24 by default. If you need to temporarily use Node 20, you can set the ACTIONS_ALLOW_USE_UNSECURE_NODE_VERSION=true environment variable. For more information see: https://github.blog/changelog/2025-09-19-deprecation-of-node-20-on-github-actions-runners/
2026-07-26T16:31:30.6616812Z ##[group]Run ilammy/msvc-dev-cmd@v1
2026-07-26T16:31:30.6617045Z with:
2026-07-26T16:31:30.6617205Z   arch: x64
2026-07-26T16:31:30.6617355Z env:
2026-07-26T16:31:30.6617514Z   RELEASE_TAG: v0.1.0-0
2026-07-26T16:31:30.6617709Z   VCPKG_ROOT: C:\vcpkg
2026-07-26T16:31:30.6617907Z   VCPKG_DEFAULT_TRIPLET: x64-windows
2026-07-26T16:31:30.6618193Z   VCPKG_BINARY_CACHE: D:\a\adriatic\adriatic\.cache\vcpkg
2026-07-26T16:31:30.6618507Z   ZELDA_ENGINE_REPOSITORY: Velfi/zelda-engine
2026-07-26T16:31:30.6618761Z   ZELDA_ENGINE_REF: main
2026-07-26T16:31:30.6619007Z   ZELDA_ENGINE_ROOT: D:\a\adriatic\adriatic\zelda-engine
2026-07-26T16:31:30.6619321Z ##[endgroup]
2026-07-26T16:31:31.1771711Z Found with vswhere: C:\Program Files\Microsoft Visual Studio\18\Enterprise\VC\Auxiliary\Build\vcvarsall.bat
2026-07-26T16:31:51.1594759Z ##[group]Environment variables
2026-07-26T16:31:51.1595230Z Setting CommandPromptType
2026-07-26T16:31:51.1606639Z Setting DevEnvDir
2026-07-26T16:31:51.1610173Z Setting ExtensionSdkDir
2026-07-26T16:31:51.1613029Z Setting EXTERNAL_INCLUDE
2026-07-26T16:31:51.1619770Z Setting Framework40Version
2026-07-26T16:31:51.1622899Z Setting FrameworkDir
2026-07-26T16:31:51.1625508Z Setting FrameworkDir64
2026-07-26T16:31:51.1628620Z Setting FrameworkVersion
2026-07-26T16:31:51.1631789Z Setting FrameworkVersion64
2026-07-26T16:31:51.1634961Z Setting FSHARPINSTALLDIR
2026-07-26T16:31:51.1639317Z Setting HTMLHelpDir
2026-07-26T16:31:51.1642051Z Setting INCLUDE
2026-07-26T16:31:51.1646040Z Setting LIB
2026-07-26T16:31:51.1648704Z Setting LIBPATH
2026-07-26T16:31:51.1651552Z Setting llvmArm64
2026-07-26T16:31:51.1654045Z Setting llvmX64
2026-07-26T16:31:51.1656642Z Setting NETFXSDKDir
2026-07-26T16:31:51.1659458Z Setting Path
2026-07-26T16:31:51.1663899Z Setting Platform
2026-07-26T16:31:51.1666975Z Setting UCRTVersion
2026-07-26T16:31:51.1669782Z Setting UniversalCRTSdkDir
2026-07-26T16:31:51.1672517Z Setting use_x64_llvm
2026-07-26T16:31:51.1674513Z Setting VCIDEInstallDir
2026-07-26T16:31:51.1676546Z Setting VCINSTALLDIR
2026-07-26T16:31:51.1678616Z Setting VCPKG_ROOT
2026-07-26T16:31:51.1680804Z Setting VCToolsInstallDir
2026-07-26T16:31:51.1683291Z Setting VCToolsRedistDir
2026-07-26T16:31:51.1685283Z Setting VCToolsVersion
2026-07-26T16:31:51.1687306Z Setting VisualStudioVersion
2026-07-26T16:31:51.1689299Z Setting VS180COMNTOOLS
2026-07-26T16:31:51.1691225Z Setting VSCMD_ARG_app_plat
2026-07-26T16:31:51.1693139Z Setting VSCMD_ARG_HOST_ARCH
2026-07-26T16:31:51.1695008Z Setting VSCMD_ARG_TGT_ARCH
2026-07-26T16:31:51.1697248Z Setting VSCMD_VER
2026-07-26T16:31:51.1699411Z Setting VSINSTALLDIR
2026-07-26T16:31:51.1701096Z Setting VSSDK150INSTALL
2026-07-26T16:31:51.1703837Z Setting VSSDKINSTALL
2026-07-26T16:31:51.1705615Z Setting WindowsLibPath
2026-07-26T16:31:51.1707730Z Setting WindowsSdkBinPath
2026-07-26T16:31:51.1709666Z Setting WindowsSdkDir
2026-07-26T16:31:51.1711633Z Setting WindowsSDKLibVersion
2026-07-26T16:31:51.1713611Z Setting WindowsSdkVerBinPath
2026-07-26T16:31:51.1715491Z Setting WindowsSDKVersion
2026-07-26T16:31:51.1717473Z Setting WindowsSDK_ExecutablePath_x64
2026-07-26T16:31:51.1719744Z Setting WindowsSDK_ExecutablePath_x86
2026-07-26T16:31:51.1721747Z Setting __DOTNET_ADD_64BIT
2026-07-26T16:31:51.1723765Z Setting __DOTNET_PREFERRED_BITNESS
2026-07-26T16:31:51.1725700Z Setting __VSCMD_PREINIT_PATH
2026-07-26T16:31:51.1729645Z ##[endgroup]
2026-07-26T16:31:51.1730007Z Configured Developer Command Prompt
2026-07-26T16:31:51.3213723Z Node 20 is being deprecated. This workflow is running with Node 24 by default. If you need to temporarily use Node 20, you can set the ACTIONS_ALLOW_USE_UNSECURE_NODE_VERSION=true environment variable. For more information see: https://github.blog/changelog/2025-09-19-deprecation-of-node-20-on-github-actions-runners/
2026-07-26T16:31:51.3215276Z ##[group]Run actions/cache/restore@v4
2026-07-26T16:31:51.3215519Z with:
2026-07-26T16:31:51.3215686Z   path: .tools
2026-07-26T16:31:51.3216064Z   key: Windows-X64-tools-v2-5428020f193e719fd868c855590b259bb710338d1cbc48accfc6d9a7d24f80f1
2026-07-26T16:31:51.3216525Z   enableCrossOsArchive: false
2026-07-26T16:31:51.3216751Z   fail-on-cache-miss: false
2026-07-26T16:31:51.3216952Z   lookup-only: false
2026-07-26T16:31:51.3217128Z env:
2026-07-26T16:31:51.3217285Z   RELEASE_TAG: v0.1.0-0
2026-07-26T16:31:51.3217607Z   VCPKG_ROOT: C:\Program Files\Microsoft Visual Studio\18\Enterprise\VC\vcpkg
2026-07-26T16:31:51.3218037Z   VCPKG_DEFAULT_TRIPLET: x64-windows
2026-07-26T16:31:51.3218327Z   VCPKG_BINARY_CACHE: D:\a\adriatic\adriatic\.cache\vcpkg
2026-07-26T16:31:51.3218654Z   ZELDA_ENGINE_REPOSITORY: Velfi/zelda-engine
2026-07-26T16:31:51.3218979Z   ZELDA_ENGINE_REF: main
2026-07-26T16:31:51.3219235Z   ZELDA_ENGINE_ROOT: D:\a\adriatic\adriatic\zelda-engine
2026-07-26T16:31:51.3219521Z   CommandPromptType: Native
2026-07-26T16:31:51.3219851Z   DevEnvDir: C:\Program Files\Microsoft Visual Studio\18\Enterprise\Common7\IDE\
2026-07-26T16:31:51.3220354Z   ExtensionSdkDir: C:\Program Files (x86)\Microsoft SDKs\Windows Kits\10\ExtensionSDKs
2026-07-26T16:31:51.3222714Z   EXTERNAL_INCLUDE: C:\Program Files\Microsoft Visual Studio\18\Enterprise\VC\Tools\MSVC\14.51.36231\include;C:\Program Files\Microsoft Visual Studio\18\Enterprise\VC\Tools\MSVC\14.51.36231\ATLMFC\include;C:\Program Files\Microsoft Visual Studio\18\Enterprise\VC\Auxiliary\VS\include;C:\Program Files (x86)\Windows Kits\10\include\10.0.26100.0\ucrt;C:\Program Files (x86)\Windows Kits\10\\include\10.0.26100.0\\um;C:\Program Files (x86)\Windows Kits\10\\include\10.0.26100.0\\shared;C:\Program Files (x86)\Windows Kits\10\\include\10.0.26100.0\\winrt;C:\Program Files (x86)\Windows Kits\10\\include\10.0.26100.0\\cppwinrt;C:\Program Files (x86)\Windows Kits\NETFXSDK\4.8.1\include\um
2026-07-26T16:31:51.3224920Z   Framework40Version: v4.0
2026-07-26T16:31:51.3225182Z   FrameworkDir: C:\Windows\Microsoft.NET\Framework64\
2026-07-26T16:31:51.3225504Z   FrameworkDir64: C:\Windows\Microsoft.NET\Framework64\
2026-07-26T16:31:51.3225787Z   FrameworkVersion: v4.0.30319
2026-07-26T16:31:51.3226005Z   FrameworkVersion64: v4.0.30319
2026-07-26T16:31:51.3226506Z   FSHARPINSTALLDIR: C:\Program Files\Microsoft Visual Studio\18\Enterprise\Common7\IDE\CommonExtensions\Microsoft\FSharp\Tools
2026-07-26T16:31:51.3227078Z   HTMLHelpDir: C:\Program Files (x86)\HTML Help Workshop
2026-07-26T16:31:51.3229275Z   INCLUDE: C:\Program Files\Microsoft Visual Studio\18\Enterprise\VC\Tools\MSVC\14.51.36231\include;C:\Program Files\Microsoft Visual Studio\18\Enterprise\VC\Tools\MSVC\14.51.36231\ATLMFC\include;C:\Program Files\Microsoft Visual Studio\18\Enterprise\VC\Auxiliary\VS\include;C:\Program Files (x86)\Windows Kits\10\include\10.0.26100.0\ucrt;C:\Program Files (x86)\Windows Kits\10\\include\10.0.26100.0\\um;C:\Program Files (x86)\Windows Kits\10\\include\10.0.26100.0\\shared;C:\Program Files (x86)\Windows Kits\10\\include\10.0.26100.0\\winrt;C:\Program Files (x86)\Windows Kits\10\\include\10.0.26100.0\\cppwinrt;C:\Program Files (x86)\Windows Kits\NETFXSDK\4.8.1\include\um
2026-07-26T16:31:51.3232457Z   LIB: C:\Program Files\Microsoft Visual Studio\18\Enterprise\VC\Tools\MSVC\14.51.36231\ATLMFC\lib\x64;C:\Program Files\Microsoft Visual Studio\18\Enterprise\VC\Tools\MSVC\14.51.36231\lib\x64;C:\Program Files (x86)\Windows Kits\NETFXSDK\4.8.1\lib\um\x64;C:\Program Files (x86)\Windows Kits\10\lib\10.0.26100.0\ucrt\x64;C:\Program Files (x86)\Windows Kits\10\\lib\10.0.26100.0\\um\x64
2026-07-26T16:31:51.3236888Z   LIBPATH: C:\Program Files\Microsoft Visual Studio\18\Enterprise\VC\Tools\MSVC\14.51.36231\ATLMFC\lib\x64;C:\Program Files\Microsoft Visual Studio\18\Enterprise\VC\Tools\MSVC\14.51.36231\lib\x64;C:\Program Files\Microsoft Visual Studio\18\Enterprise\VC\Tools\MSVC\14.51.36231\lib\x86\store\references;C:\Program Files (x86)\Windows Kits\10\UnionMetadata\10.0.26100.0;C:\Program Files (x86)\Windows Kits\10\References\10.0.26100.0;C:\Windows\Microsoft.NET\Framework64\v4.0.30319
2026-07-26T16:31:51.3238942Z   llvmArm64: C:\Program Files\Microsoft Visual Studio\18\Enterprise\VC\Tools\Llvm\ARM64\bin
2026-07-26T16:31:51.3239512Z   llvmX64: C:\Program Files\Microsoft Visual Studio\18\Enterprise\VC\Tools\Llvm\x64\bin
2026-07-26T16:31:51.3239978Z   NETFXSDKDir: C:\Program Files (x86)\Windows Kits\NETFXSDK\4.8.1\
2026-07-26T16:31:51.3255049Z   Path: C:\Program Files\Microsoft Visual Studio\18\Enterprise\VC\Tools\MSVC\14.51.36231\bin\HostX64\x64;C:\Program Files\Microsoft Visual Studio\18\Enterprise\Common7\IDE\VC\VCPackages;C:\Program Files\Microsoft Visual Studio\18\Enterprise\Common7\IDE\CommonExtensions\Microsoft\TestWindow;C:\Program Files\Microsoft Visual Studio\18\Enterprise\Common7\IDE\CommonExtensions\Microsoft\TeamFoundation\Team Explorer;C:\Program Files\Microsoft Visual Studio\18\Enterprise\MSBuild\Current\bin\Roslyn;C:\Program Files (x86)\Microsoft SDKs\Windows\v10.0A\bin\NETFX 4.8.1 Tools\x64\;C:\Program Files (x86)\HTML Help Workshop;C:\Program Files\Microsoft Visual Studio\18\Enterprise\Common7\IDE\CommonExtensions\Microsoft\FSharp\Tools;C:\Program Files\Microsoft Visual Studio\18\Enterprise\Team Tools\DiagnosticsHub\Collector;C:\Program Files\Microsoft Visual Studio\18\Enterprise\Common7\IDE\Extensions\Microsoft\CodeCoverage.Console;C:\Program Files (x86)\Windows Kits\10\bin\10.0.26100.0\\x64;C:\Program Files (x86)\Windows Kits\10\bin\\x64;C:\Program Files\Microsoft Visual Studio\18\Enterprise\\MSBuild\Current\Bin\amd64;C:\Windows\Microsoft.NET\Framework64\v4.0.30319;C:\Program Files\Microsoft Visual Studio\18\Enterprise\Common7\IDE\;C:\Program Files\Microsoft Visual Studio\18\Enterprise\Common7\Tools\;C:\Program Files\MongoDB\Server\7.0\bin;C:\vcpkg;C:\tools\zstd;C:\hostedtoolcache\windows\stack\3.11.1\x64;C:\cabal\bin;C:\\ghcup\bin;C:\mingw64\bin;C:\Program Files\dotnet;C:\Program Files\MySQL\MySQL Server 8.0\bin;C:\Program Files\R\R-4.6.1\bin\x64;C:\SeleniumWebDrivers\GeckoDriver;C:\SeleniumWebDrivers\EdgeDriver\;C:\SeleniumWebDrivers\ChromeDriver;C:\Program Files (x86)\sbt\bin;C:\Program Files (x86)\GitHub CLI;C:\Program Files\Git\bin;C:\Program Files (x86)\pipx_bin;C:\npm\prefix;C:\hostedtoolcache\windows\go\1.24.13\x64\bin;C:\hostedtoolcache\windows\Python\3.12.10\x64\Scripts;C:\hostedtoolcache\windows\Python\3.12.10\x64;C:\hostedtoolcache\windows\Ruby\3.3.11\x64\bin;C:\Program Files\OpenSSL\bin;C:\tools\kotlinc\bin;C:\hostedtoolcache\windows\Java_Temurin-Hotspot_jdk\17.0.19-10\x64\bin;C:\Program Files\ImageMagick-7.1.2-Q16-HDRI;C:\Program Files\Microsoft SDKs\Azure\CLI2\wbin;C:\ProgramData\kind;C:\ProgramData\Chocolatey\bin;C:\Windows\system32;C:\Windows;C:\Windows\System32\Wbem;C:\Windows\System32\WindowsPowerShell\v1.0\;C:\Windows\System32\OpenSSH\;C:\Program Files\PowerShell\7\;C:\Program Files\Microsoft\Web Platform Installer\;C:\Program Files\Microsoft SQL Server\170\Tools\Binn\;C:\Program Files\Microsoft SQL Server\Client SDK\ODBC\170\Tools\Binn\;C:\Program Files\dotnet\;C:\Program Files (x86)\Windows Kits\10\Windows Performance Toolkit\;C:\Program Files (x86)\WiX Toolset v3.14\bin;C:\Program Files\Microsoft SQL Server\130\DTS\Binn\;C:\Program Files\Microsoft SQL Server\140\DTS\Binn\;C:\Program Files\Microsoft SQL Server\150\DTS\Binn\;C:\Program Files\Microsoft SQL Server\160\DTS\Binn\;C:\Program Files\Microsoft SQL Server\170\DTS\Binn\;C:\ProgramData\chocolatey\lib\pulumi\tools\Pulumi\bin;C:\Program Files\CMake\bin;C:\Strawberry\c\bin;C:\Strawberry\perl\site\bin;C:\Strawberry\perl\bin;C:\ProgramData\chocolatey\lib\maven\apache-maven-3.9.16\bin;C:\Program Files\Microsoft Service Fabric\bin\Fabric\Fabric.Code;C:\Program Files\Microsoft SDKs\Service Fabric\Tools\ServiceFabricLocalClusterManager;C:\Program Files\nodejs\;C:\Program Files\Git\cmd;C:\Program Files\Git\mingw64\bin;C:\Program Files\Git\usr\bin;C:\Program Files\GitHub CLI\;c:\tools\php;C:\Program Files\Amazon\AWSCLIV2\;C:\Program Files\Amazon\SessionManagerPlugin\bin\;C:\Program Files\Amazon\AWSSAMCLI\bin\;C:\Program Files\Microsoft SQL Server\130\Tools\Binn\;C:\Program Files\mongosh\;C:\Program Files\LLVM\bin;C:\Program Files (x86)\LLVM\bin;C:\Users\runneradmin\.dotnet\tools;C:\Users\runneradmin\.cargo\bin;C:\Users\runneradmin\AppData\Local\Microsoft\WindowsApps;C:\Program Files (x86)\Microsoft Visual Studio\Installer;C:\Program Files\Microsoft Visual Studio\18\Enterprise\VC\Tools\Llvm\x64\bin;C:\Program Files\Microsoft Visual Studio\18\Enterprise\Common7\IDE\CommonExtensions\Microsoft\CMake\CMake\bin;C:\Program Files\Microsoft Visual Studio\18\Enterprise\Common7\IDE\CommonExtensions\Microsoft\CMake\Ninja;C:\Program Files\Microsoft Visual Studio\18\Enterprise\Common7\IDE\VC\Linux\bin\ConnectionManagerExe;C:\Program Files\Microsoft Visual Studio\18\Enterprise\VC\vcpkg
2026-07-26T16:31:51.3270135Z   Platform: x64
2026-07-26T16:31:51.3270320Z   UCRTVersion: 10.0.26100.0
2026-07-26T16:31:51.3270611Z   UniversalCRTSdkDir: C:\Program Files (x86)\Windows Kits\10\
2026-07-26T16:31:51.3270914Z   use_x64_llvm: true
2026-07-26T16:31:51.3271253Z   VCIDEInstallDir: C:\Program Files\Microsoft Visual Studio\18\Enterprise\Common7\IDE\VC\
2026-07-26T16:31:51.3271764Z   VCINSTALLDIR: C:\Program Files\Microsoft Visual Studio\18\Enterprise\VC\
2026-07-26T16:31:51.3272312Z   VCToolsInstallDir: C:\Program Files\Microsoft Visual Studio\18\Enterprise\VC\Tools\MSVC\14.51.36231\
2026-07-26T16:31:51.3272943Z   VCToolsRedistDir: C:\Program Files\Microsoft Visual Studio\18\Enterprise\VC\Redist\MSVC\14.51.36231\
2026-07-26T16:31:51.3273386Z   VCToolsVersion: 14.51.36231
2026-07-26T16:31:51.3273608Z   VisualStudioVersion: 18.0
2026-07-26T16:31:51.3273959Z   VS180COMNTOOLS: C:\Program Files\Microsoft Visual Studio\18\Enterprise\Common7\Tools\
2026-07-26T16:31:51.3274353Z   VSCMD_ARG_app_plat: Desktop
2026-07-26T16:31:51.3274565Z   VSCMD_ARG_HOST_ARCH: x64
2026-07-26T16:31:51.3274762Z   VSCMD_ARG_TGT_ARCH: x64
2026-07-26T16:31:51.3274950Z   VSCMD_VER: 18.7.3
2026-07-26T16:31:51.3275222Z   VSINSTALLDIR: C:\Program Files\Microsoft Visual Studio\18\Enterprise\
2026-07-26T16:31:51.3275676Z   VSSDK150INSTALL: C:\Program Files\Microsoft Visual Studio\18\Enterprise\VSSDK
2026-07-26T16:31:51.3276141Z   VSSDKINSTALL: C:\Program Files\Microsoft Visual Studio\18\Enterprise\VSSDK
2026-07-26T16:31:51.3276809Z   WindowsLibPath: C:\Program Files (x86)\Windows Kits\10\UnionMetadata\10.0.26100.0;C:\Program Files (x86)\Windows Kits\10\References\10.0.26100.0
2026-07-26T16:31:51.3277750Z   WindowsSdkBinPath: C:\Program Files (x86)\Windows Kits\10\bin\
2026-07-26T16:31:51.3278129Z   WindowsSdkDir: C:\Program Files (x86)\Windows Kits\10\
2026-07-26T16:31:51.3278435Z   WindowsSDKLibVersion: 10.0.26100.0\
2026-07-26T16:31:51.3278781Z   WindowsSdkVerBinPath: C:\Program Files (x86)\Windows Kits\10\bin\10.0.26100.0\
2026-07-26T16:31:51.3279145Z   WindowsSDKVersion: 10.0.26100.0\
2026-07-26T16:31:51.3279577Z   WindowsSDK_ExecutablePath_x64: C:\Program Files (x86)\Microsoft SDKs\Windows\v10.0A\bin\NETFX 4.8.1 Tools\x64\
2026-07-26T16:31:51.3280237Z   WindowsSDK_ExecutablePath_x86: C:\Program Files (x86)\Microsoft SDKs\Windows\v10.0A\bin\NETFX 4.8.1 Tools\
2026-07-26T16:31:51.3280677Z   __DOTNET_ADD_64BIT: 1
2026-07-26T16:31:51.3280871Z   __DOTNET_PREFERRED_BITNESS: 64
2026-07-26T16:31:51.3289722Z   __VSCMD_PREINIT_PATH: C:\Program Files\MongoDB\Server\7.0\bin;C:\vcpkg;C:\tools\zstd;C:\hostedtoolcache\windows\stack\3.11.1\x64;C:\cabal\bin;C:\\ghcup\bin;C:\mingw64\bin;C:\Program Files\dotnet;C:\Program Files\MySQL\MySQL Server 8.0\bin;C:\Program Files\R\R-4.6.1\bin\x64;C:\SeleniumWebDrivers\GeckoDriver;C:\SeleniumWebDrivers\EdgeDriver\;C:\SeleniumWebDrivers\ChromeDriver;C:\Program Files (x86)\sbt\bin;C:\Program Files (x86)\GitHub CLI;C:\Program Files\Git\bin;C:\Program Files (x86)\pipx_bin;C:\npm\prefix;C:\hostedtoolcache\windows\go\1.24.13\x64\bin;C:\hostedtoolcache\windows\Python\3.12.10\x64\Scripts;C:\hostedtoolcache\windows\Python\3.12.10\x64;C:\hostedtoolcache\windows\Ruby\3.3.11\x64\bin;C:\Program Files\OpenSSL\bin;C:\tools\kotlinc\bin;C:\hostedtoolcache\windows\Java_Temurin-Hotspot_jdk\17.0.19-10\x64\bin;C:\Program Files\ImageMagick-7.1.2-Q16-HDRI;C:\Program Files\Microsoft SDKs\Azure\CLI2\wbin;C:\ProgramData\kind;C:\ProgramData\Chocolatey\bin;C:\Windows\system32;C:\Windows;C:\Windows\System32\Wbem;C:\Windows\System32\WindowsPowerShell\v1.0\;C:\Windows\System32\OpenSSH\;C:\Program Files\PowerShell\7\;C:\Program Files\Microsoft\Web Platform Installer\;C:\Program Files\Microsoft SQL Server\170\Tools\Binn\;C:\Program Files\Microsoft SQL Server\Client SDK\ODBC\170\Tools\Binn\;C:\Program Files\dotnet\;C:\Program Files (x86)\Windows Kits\10\Windows Performance Toolkit\;C:\Program Files (x86)\WiX Toolset v3.14\bin;C:\Program Files\Microsoft SQL Server\130\DTS\Binn\;C:\Program Files\Microsoft SQL Server\140\DTS\Binn\;C:\Program Files\Microsoft SQL Server\150\DTS\Binn\;C:\Program Files\Microsoft SQL Server\160\DTS\Binn\;C:\Program Files\Microsoft SQL Server\170\DTS\Binn\;C:\ProgramData\chocolatey\lib\pulumi\tools\Pulumi\bin;C:\Program Files\CMake\bin;C:\Strawberry\c\bin;C:\Strawberry\perl\site\bin;C:\Strawberry\perl\bin;C:\ProgramData\chocolatey\lib\maven\apache-maven-3.9.16\bin;C:\Program Files\Microsoft Service Fabric\bin\Fabric\Fabric.Code;C:\Program Files\Microsoft SDKs\Service Fabric\Tools\ServiceFabricLocalClusterManager;C:\Program Files\nodejs\;C:\Program Files\Git\cmd;C:\Program Files\Git\mingw64\bin;C:\Program Files\Git\usr\bin;C:\Program Files\GitHub CLI\;c:\tools\php;C:\Program Files (x86)\sbt\bin;C:\Program Files\Amazon\AWSCLIV2\;C:\Program Files\Amazon\SessionManagerPlugin\bin\;C:\Program Files\Amazon\AWSSAMCLI\bin\;C:\Program Files\Microsoft SQL Server\130\Tools\Binn\;C:\Program Files\mongosh\;C:\Program Files\LLVM\bin;C:\Program Files (x86)\LLVM\bin;C:\Users\runneradmin\.dotnet\tools;C:\Users\runneradmin\.cargo\bin;C:\Users\runneradmin\AppData\Local\Microsoft\WindowsApps;C:\Program Files (x86)\Microsoft Visual Studio\Installer
2026-07-26T16:31:51.3299599Z ##[endgroup]
2026-07-26T16:31:51.4655280Z (node:2876) [DEP0040] DeprecationWarning: The `punycode` module is deprecated. Please use a userland alternative instead.
2026-07-26T16:31:51.4655986Z (Use `node --trace-deprecation ...` to show where the warning was created)
2026-07-26T16:31:51.7812695Z Cache hit for: Windows-X64-tools-v2-5428020f193e719fd868c855590b259bb710338d1cbc48accfc6d9a7d24f80f1
2026-07-26T16:31:51.7931579Z (node:2876) [DEP0169] DeprecationWarning: `url.parse()` behavior is not standardized and prone to errors that have security implications. Use the WHATWG URL API instead. CVEs are not issued for `url.parse()` vulnerabilities.
2026-07-26T16:31:52.8758043Z Received 155189248 of 906101034 (17.1%), 142.3 MBs/sec
2026-07-26T16:31:53.8855340Z Received 360710144 of 906101034 (39.8%), 167.8 MBs/sec
2026-07-26T16:31:54.9706807Z Received 536870912 of 906101034 (59.3%), 163.3 MBs/sec
2026-07-26T16:31:55.9767784Z Received 725614592 of 906101034 (80.1%), 167.3 MBs/sec
2026-07-26T16:31:56.9530593Z Received 906101034 of 906101034 (100.0%), 168.8 MBs/sec
2026-07-26T16:31:56.9535969Z Cache Size: ~864 MB (906101034 B)
2026-07-26T16:31:56.9580637Z [command]"C:\Program Files\Git\usr\bin\tar.exe" -xf D:/a/_temp/227350a1-94da-43c2-973c-5d503f426788/cache.tzst -P -C D:/a/adriatic/adriatic --force-local --use-compress-program "zstd -d"
2026-07-26T16:32:01.3559700Z Cache restored successfully
2026-07-26T16:32:01.4172031Z Cache restored from key: Windows-X64-tools-v2-5428020f193e719fd868c855590b259bb710338d1cbc48accfc6d9a7d24f80f1
2026-07-26T16:32:01.4604876Z ##[group]Run $odin = (Resolve-Path ".tools/odin/*/odin.exe" | Select-Object -First 1).Path
2026-07-26T16:32:01.4605598Z [36;1m$odin = (Resolve-Path ".tools/odin/*/odin.exe" | Select-Object -First 1).Path[0m
2026-07-26T16:32:01.4606082Z [36;1m$slang = (Resolve-Path ".tools/slang/bin").Path[0m
2026-07-26T16:32:01.4606520Z [36;1mSplit-Path $odin -Parent | Out-File -FilePath $env:GITHUB_PATH -Append[0m
2026-07-26T16:32:01.4607209Z [36;1m$slang | Out-File -FilePath $env:GITHUB_PATH -Append[0m
2026-07-26T16:32:01.7863187Z shell: C:\Program Files\PowerShell\7\pwsh.EXE -command ". '{0}'"
2026-07-26T16:32:01.7863550Z env:
2026-07-26T16:32:01.7863729Z   RELEASE_TAG: v0.1.0-0
2026-07-26T16:32:01.7864068Z   VCPKG_ROOT: C:\Program Files\Microsoft Visual Studio\18\Enterprise\VC\vcpkg
2026-07-26T16:32:01.7864451Z   VCPKG_DEFAULT_TRIPLET: x64-windows
2026-07-26T16:32:01.7865132Z   VCPKG_BINARY_CACHE: D:\a\adriatic\adriatic\.cache\vcpkg
2026-07-26T16:32:01.7865508Z   ZELDA_ENGINE_REPOSITORY: Velfi/zelda-engine
2026-07-26T16:32:01.7865787Z   ZELDA_ENGINE_REF: main
2026-07-26T16:32:01.7866039Z   ZELDA_ENGINE_ROOT: D:\a\adriatic\adriatic\zelda-engine
2026-07-26T16:32:01.7866352Z   CommandPromptType: Native
2026-07-26T16:32:01.7866700Z   DevEnvDir: C:\Program Files\Microsoft Visual Studio\18\Enterprise\Common7\IDE\
2026-07-26T16:32:01.7867253Z   ExtensionSdkDir: C:\Program Files (x86)\Microsoft SDKs\Windows Kits\10\ExtensionSDKs
2026-07-26T16:32:01.7869818Z   EXTERNAL_INCLUDE: C:\Program Files\Microsoft Visual Studio\18\Enterprise\VC\Tools\MSVC\14.51.36231\include;C:\Program Files\Microsoft Visual Studio\18\Enterprise\VC\Tools\MSVC\14.51.36231\ATLMFC\include;C:\Program Files\Microsoft Visual Studio\18\Enterprise\VC\Auxiliary\VS\include;C:\Program Files (x86)\Windows Kits\10\include\10.0.26100.0\ucrt;C:\Program Files (x86)\Windows Kits\10\\include\10.0.26100.0\\um;C:\Program Files (x86)\Windows Kits\10\\include\10.0.26100.0\\shared;C:\Program Files (x86)\Windows Kits\10\\include\10.0.26100.0\\winrt;C:\Program Files (x86)\Windows Kits\10\\include\10.0.26100.0\\cppwinrt;C:\Program Files (x86)\Windows Kits\NETFXSDK\4.8.1\include\um
2026-07-26T16:32:01.7872061Z   Framework40Version: v4.0
2026-07-26T16:32:01.7872338Z   FrameworkDir: C:\Windows\Microsoft.NET\Framework64\
2026-07-26T16:32:01.7872681Z   FrameworkDir64: C:\Windows\Microsoft.NET\Framework64\
2026-07-26T16:32:01.7872977Z   FrameworkVersion: v4.0.30319
2026-07-26T16:32:01.7873213Z   FrameworkVersion64: v4.0.30319
2026-07-26T16:32:01.7873724Z   FSHARPINSTALLDIR: C:\Program Files\Microsoft Visual Studio\18\Enterprise\Common7\IDE\CommonExtensions\Microsoft\FSharp\Tools
2026-07-26T16:32:01.7874315Z   HTMLHelpDir: C:\Program Files (x86)\HTML Help Workshop
2026-07-26T16:32:01.7876519Z   INCLUDE: C:\Program Files\Microsoft Visual Studio\18\Enterprise\VC\Tools\MSVC\14.51.36231\include;C:\Program Files\Microsoft Visual Studio\18\Enterprise\VC\Tools\MSVC\14.51.36231\ATLMFC\include;C:\Program Files\Microsoft Visual Studio\18\Enterprise\VC\Auxiliary\VS\include;C:\Program Files (x86)\Windows Kits\10\include\10.0.26100.0\ucrt;C:\Program Files (x86)\Windows Kits\10\\include\10.0.26100.0\\um;C:\Program Files (x86)\Windows Kits\10\\include\10.0.26100.0\\shared;C:\Program Files (x86)\Windows Kits\10\\include\10.0.26100.0\\winrt;C:\Program Files (x86)\Windows Kits\10\\include\10.0.26100.0\\cppwinrt;C:\Program Files (x86)\Windows Kits\NETFXSDK\4.8.1\include\um
2026-07-26T16:32:01.7879741Z   LIB: C:\Program Files\Microsoft Visual Studio\18\Enterprise\VC\Tools\MSVC\14.51.36231\ATLMFC\lib\x64;C:\Program Files\Microsoft Visual Studio\18\Enterprise\VC\Tools\MSVC\14.51.36231\lib\x64;C:\Program Files (x86)\Windows Kits\NETFXSDK\4.8.1\lib\um\x64;C:\Program Files (x86)\Windows Kits\10\lib\10.0.26100.0\ucrt\x64;C:\Program Files (x86)\Windows Kits\10\\lib\10.0.26100.0\\um\x64
2026-07-26T16:32:01.7884553Z   LIBPATH: C:\Program Files\Microsoft Visual Studio\18\Enterprise\VC\Tools\MSVC\14.51.36231\ATLMFC\lib\x64;C:\Program Files\Microsoft Visual Studio\18\Enterprise\VC\Tools\MSVC\14.51.36231\lib\x64;C:\Program Files\Microsoft Visual Studio\18\Enterprise\VC\Tools\MSVC\14.51.36231\lib\x86\store\references;C:\Program Files (x86)\Windows Kits\10\UnionMetadata\10.0.26100.0;C:\Program Files (x86)\Windows Kits\10\References\10.0.26100.0;C:\Windows\Microsoft.NET\Framework64\v4.0.30319
2026-07-26T16:32:01.7886653Z   llvmArm64: C:\Program Files\Microsoft Visual Studio\18\Enterprise\VC\Tools\Llvm\ARM64\bin
2026-07-26T16:32:01.7887462Z   llvmX64: C:\Program Files\Microsoft Visual Studio\18\Enterprise\VC\Tools\Llvm\x64\bin
2026-07-26T16:32:01.7888111Z   NETFXSDKDir: C:\Program Files (x86)\Windows Kits\NETFXSDK\4.8.1\
2026-07-26T16:32:01.7903248Z   Path: C:\Program Files\Microsoft Visual Studio\18\Enterprise\VC\Tools\MSVC\14.51.36231\bin\HostX64\x64;C:\Program Files\Microsoft Visual Studio\18\Enterprise\Common7\IDE\VC\VCPackages;C:\Program Files\Microsoft Visual Studio\18\Enterprise\Common7\IDE\CommonExtensions\Microsoft\TestWindow;C:\Program Files\Microsoft Visual Studio\18\Enterprise\Common7\IDE\CommonExtensions\Microsoft\TeamFoundation\Team Explorer;C:\Program Files\Microsoft Visual Studio\18\Enterprise\MSBuild\Current\bin\Roslyn;C:\Program Files (x86)\Microsoft SDKs\Windows\v10.0A\bin\NETFX 4.8.1 Tools\x64\;C:\Program Files (x86)\HTML Help Workshop;C:\Program Files\Microsoft Visual Studio\18\Enterprise\Common7\IDE\CommonExtensions\Microsoft\FSharp\Tools;C:\Program Files\Microsoft Visual Studio\18\Enterprise\Team Tools\DiagnosticsHub\Collector;C:\Program Files\Microsoft Visual Studio\18\Enterprise\Common7\IDE\Extensions\Microsoft\CodeCoverage.Console;C:\Program Files (x86)\Windows Kits\10\bin\10.0.26100.0\\x64;C:\Program Files (x86)\Windows Kits\10\bin\\x64;C:\Program Files\Microsoft Visual Studio\18\Enterprise\\MSBuild\Current\Bin\amd64;C:\Windows\Microsoft.NET\Framework64\v4.0.30319;C:\Program Files\Microsoft Visual Studio\18\Enterprise\Common7\IDE\;C:\Program Files\Microsoft Visual Studio\18\Enterprise\Common7\Tools\;C:\Program Files\MongoDB\Server\7.0\bin;C:\vcpkg;C:\tools\zstd;C:\hostedtoolcache\windows\stack\3.11.1\x64;C:\cabal\bin;C:\\ghcup\bin;C:\mingw64\bin;C:\Program Files\dotnet;C:\Program Files\MySQL\MySQL Server 8.0\bin;C:\Program Files\R\R-4.6.1\bin\x64;C:\SeleniumWebDrivers\GeckoDriver;C:\SeleniumWebDrivers\EdgeDriver\;C:\SeleniumWebDrivers\ChromeDriver;C:\Program Files (x86)\sbt\bin;C:\Program Files (x86)\GitHub CLI;C:\Program Files\Git\bin;C:\Program Files (x86)\pipx_bin;C:\npm\prefix;C:\hostedtoolcache\windows\go\1.24.13\x64\bin;C:\hostedtoolcache\windows\Python\3.12.10\x64\Scripts;C:\hostedtoolcache\windows\Python\3.12.10\x64;C:\hostedtoolcache\windows\Ruby\3.3.11\x64\bin;C:\Program Files\OpenSSL\bin;C:\tools\kotlinc\bin;C:\hostedtoolcache\windows\Java_Temurin-Hotspot_jdk\17.0.19-10\x64\bin;C:\Program Files\ImageMagick-7.1.2-Q16-HDRI;C:\Program Files\Microsoft SDKs\Azure\CLI2\wbin;C:\ProgramData\kind;C:\ProgramData\Chocolatey\bin;C:\Windows\system32;C:\Windows;C:\Windows\System32\Wbem;C:\Windows\System32\WindowsPowerShell\v1.0\;C:\Windows\System32\OpenSSH\;C:\Program Files\PowerShell\7\;C:\Program Files\Microsoft\Web Platform Installer\;C:\Program Files\Microsoft SQL Server\170\Tools\Binn\;C:\Program Files\Microsoft SQL Server\Client SDK\ODBC\170\Tools\Binn\;C:\Program Files\dotnet\;C:\Program Files (x86)\Windows Kits\10\Windows Performance Toolkit\;C:\Program Files (x86)\WiX Toolset v3.14\bin;C:\Program Files\Microsoft SQL Server\130\DTS\Binn\;C:\Program Files\Microsoft SQL Server\140\DTS\Binn\;C:\Program Files\Microsoft SQL Server\150\DTS\Binn\;C:\Program Files\Microsoft SQL Server\160\DTS\Binn\;C:\Program Files\Microsoft SQL Server\170\DTS\Binn\;C:\ProgramData\chocolatey\lib\pulumi\tools\Pulumi\bin;C:\Program Files\CMake\bin;C:\Strawberry\c\bin;C:\Strawberry\perl\site\bin;C:\Strawberry\perl\bin;C:\ProgramData\chocolatey\lib\maven\apache-maven-3.9.16\bin;C:\Program Files\Microsoft Service Fabric\bin\Fabric\Fabric.Code;C:\Program Files\Microsoft SDKs\Service Fabric\Tools\ServiceFabricLocalClusterManager;C:\Program Files\nodejs\;C:\Program Files\Git\cmd;C:\Program Files\Git\mingw64\bin;C:\Program Files\Git\usr\bin;C:\Program Files\GitHub CLI\;c:\tools\php;C:\Program Files\Amazon\AWSCLIV2\;C:\Program Files\Amazon\SessionManagerPlugin\bin\;C:\Program Files\Amazon\AWSSAMCLI\bin\;C:\Program Files\Microsoft SQL Server\130\Tools\Binn\;C:\Program Files\mongosh\;C:\Program Files\LLVM\bin;C:\Program Files (x86)\LLVM\bin;C:\Users\runneradmin\.dotnet\tools;C:\Users\runneradmin\.cargo\bin;C:\Users\runneradmin\AppData\Local\Microsoft\WindowsApps;C:\Program Files (x86)\Microsoft Visual Studio\Installer;C:\Program Files\Microsoft Visual Studio\18\Enterprise\VC\Tools\Llvm\x64\bin;C:\Program Files\Microsoft Visual Studio\18\Enterprise\Common7\IDE\CommonExtensions\Microsoft\CMake\CMake\bin;C:\Program Files\Microsoft Visual Studio\18\Enterprise\Common7\IDE\CommonExtensions\Microsoft\CMake\Ninja;C:\Program Files\Microsoft Visual Studio\18\Enterprise\Common7\IDE\VC\Linux\bin\ConnectionManagerExe;C:\Program Files\Microsoft Visual Studio\18\Enterprise\VC\vcpkg
2026-07-26T16:32:01.7918495Z   Platform: x64
2026-07-26T16:32:01.7918695Z   UCRTVersion: 10.0.26100.0
2026-07-26T16:32:01.7918992Z   UniversalCRTSdkDir: C:\Program Files (x86)\Windows Kits\10\
2026-07-26T16:32:01.7919313Z   use_x64_llvm: true
2026-07-26T16:32:01.7919662Z   VCIDEInstallDir: C:\Program Files\Microsoft Visual Studio\18\Enterprise\Common7\IDE\VC\
2026-07-26T16:32:01.7920177Z   VCINSTALLDIR: C:\Program Files\Microsoft Visual Studio\18\Enterprise\VC\
2026-07-26T16:32:01.7920745Z   VCToolsInstallDir: C:\Program Files\Microsoft Visual Studio\18\Enterprise\VC\Tools\MSVC\14.51.36231\
2026-07-26T16:32:01.7921388Z   VCToolsRedistDir: C:\Program Files\Microsoft Visual Studio\18\Enterprise\VC\Redist\MSVC\14.51.36231\
2026-07-26T16:32:01.7921841Z   VCToolsVersion: 14.51.36231
2026-07-26T16:32:01.7922066Z   VisualStudioVersion: 18.0
2026-07-26T16:32:01.7922424Z   VS180COMNTOOLS: C:\Program Files\Microsoft Visual Studio\18\Enterprise\Common7\Tools\
2026-07-26T16:32:01.7922834Z   VSCMD_ARG_app_plat: Desktop
2026-07-26T16:32:01.7923055Z   VSCMD_ARG_HOST_ARCH: x64
2026-07-26T16:32:01.7923260Z   VSCMD_ARG_TGT_ARCH: x64
2026-07-26T16:32:01.7923453Z   VSCMD_VER: 18.7.3
2026-07-26T16:32:01.7923735Z   VSINSTALLDIR: C:\Program Files\Microsoft Visual Studio\18\Enterprise\
2026-07-26T16:32:01.7924200Z   VSSDK150INSTALL: C:\Program Files\Microsoft Visual Studio\18\Enterprise\VSSDK
2026-07-26T16:32:01.7924675Z   VSSDKINSTALL: C:\Program Files\Microsoft Visual Studio\18\Enterprise\VSSDK
2026-07-26T16:32:01.7925531Z   WindowsLibPath: C:\Program Files (x86)\Windows Kits\10\UnionMetadata\10.0.26100.0;C:\Program Files (x86)\Windows Kits\10\References\10.0.26100.0
2026-07-26T16:32:01.7926185Z   WindowsSdkBinPath: C:\Program Files (x86)\Windows Kits\10\bin\
2026-07-26T16:32:01.7926561Z   WindowsSdkDir: C:\Program Files (x86)\Windows Kits\10\
2026-07-26T16:32:01.7926862Z   WindowsSDKLibVersion: 10.0.26100.0\
2026-07-26T16:32:01.7927223Z   WindowsSdkVerBinPath: C:\Program Files (x86)\Windows Kits\10\bin\10.0.26100.0\
2026-07-26T16:32:01.7927616Z   WindowsSDKVersion: 10.0.26100.0\
2026-07-26T16:32:01.7928219Z   WindowsSDK_ExecutablePath_x64: C:\Program Files (x86)\Microsoft SDKs\Windows\v10.0A\bin\NETFX 4.8.1 Tools\x64\
2026-07-26T16:32:01.7928899Z   WindowsSDK_ExecutablePath_x86: C:\Program Files (x86)\Microsoft SDKs\Windows\v10.0A\bin\NETFX 4.8.1 Tools\
2026-07-26T16:32:01.7929354Z   __DOTNET_ADD_64BIT: 1
2026-07-26T16:32:01.7929560Z   __DOTNET_PREFERRED_BITNESS: 64
2026-07-26T16:32:01.7938503Z   __VSCMD_PREINIT_PATH: C:\Program Files\MongoDB\Server\7.0\bin;C:\vcpkg;C:\tools\zstd;C:\hostedtoolcache\windows\stack\3.11.1\x64;C:\cabal\bin;C:\\ghcup\bin;C:\mingw64\bin;C:\Program Files\dotnet;C:\Program Files\MySQL\MySQL Server 8.0\bin;C:\Program Files\R\R-4.6.1\bin\x64;C:\SeleniumWebDrivers\GeckoDriver;C:\SeleniumWebDrivers\EdgeDriver\;C:\SeleniumWebDrivers\ChromeDriver;C:\Program Files (x86)\sbt\bin;C:\Program Files (x86)\GitHub CLI;C:\Program Files\Git\bin;C:\Program Files (x86)\pipx_bin;C:\npm\prefix;C:\hostedtoolcache\windows\go\1.24.13\x64\bin;C:\hostedtoolcache\windows\Python\3.12.10\x64\Scripts;C:\hostedtoolcache\windows\Python\3.12.10\x64;C:\hostedtoolcache\windows\Ruby\3.3.11\x64\bin;C:\Program Files\OpenSSL\bin;C:\tools\kotlinc\bin;C:\hostedtoolcache\windows\Java_Temurin-Hotspot_jdk\17.0.19-10\x64\bin;C:\Program Files\ImageMagick-7.1.2-Q16-HDRI;C:\Program Files\Microsoft SDKs\Azure\CLI2\wbin;C:\ProgramData\kind;C:\ProgramData\Chocolatey\bin;C:\Windows\system32;C:\Windows;C:\Windows\System32\Wbem;C:\Windows\System32\WindowsPowerShell\v1.0\;C:\Windows\System32\OpenSSH\;C:\Program Files\PowerShell\7\;C:\Program Files\Microsoft\Web Platform Installer\;C:\Program Files\Microsoft SQL Server\170\Tools\Binn\;C:\Program Files\Microsoft SQL Server\Client SDK\ODBC\170\Tools\Binn\;C:\Program Files\dotnet\;C:\Program Files (x86)\Windows Kits\10\Windows Performance Toolkit\;C:\Program Files (x86)\WiX Toolset v3.14\bin;C:\Program Files\Microsoft SQL Server\130\DTS\Binn\;C:\Program Files\Microsoft SQL Server\140\DTS\Binn\;C:\Program Files\Microsoft SQL Server\150\DTS\Binn\;C:\Program Files\Microsoft SQL Server\160\DTS\Binn\;C:\Program Files\Microsoft SQL Server\170\DTS\Binn\;C:\ProgramData\chocolatey\lib\pulumi\tools\Pulumi\bin;C:\Program Files\CMake\bin;C:\Strawberry\c\bin;C:\Strawberry\perl\site\bin;C:\Strawberry\perl\bin;C:\ProgramData\chocolatey\lib\maven\apache-maven-3.9.16\bin;C:\Program Files\Microsoft Service Fabric\bin\Fabric\Fabric.Code;C:\Program Files\Microsoft SDKs\Service Fabric\Tools\ServiceFabricLocalClusterManager;C:\Program Files\nodejs\;C:\Program Files\Git\cmd;C:\Program Files\Git\mingw64\bin;C:\Program Files\Git\usr\bin;C:\Program Files\GitHub CLI\;c:\tools\php;C:\Program Files (x86)\sbt\bin;C:\Program Files\Amazon\AWSCLIV2\;C:\Program Files\Amazon\SessionManagerPlugin\bin\;C:\Program Files\Amazon\AWSSAMCLI\bin\;C:\Program Files\Microsoft SQL Server\130\Tools\Binn\;C:\Program Files\mongosh\;C:\Program Files\LLVM\bin;C:\Program Files (x86)\LLVM\bin;C:\Users\runneradmin\.dotnet\tools;C:\Users\runneradmin\.cargo\bin;C:\Users\runneradmin\AppData\Local\Microsoft\WindowsApps;C:\Program Files (x86)\Microsoft Visual Studio\Installer
2026-07-26T16:32:01.7947801Z ##[endgroup]
2026-07-26T16:32:02.6673346Z Node 20 is being deprecated. This workflow is running with Node 24 by default. If you need to temporarily use Node 20, you can set the ACTIONS_ALLOW_USE_UNSECURE_NODE_VERSION=true environment variable. For more information see: https://github.blog/changelog/2025-09-19-deprecation-of-node-20-on-github-actions-runners/
2026-07-26T16:32:02.6676153Z ##[group]Run actions/cache@v4
2026-07-26T16:32:02.6676542Z with:
2026-07-26T16:32:02.6676993Z   path: C:\vcpkg\installed
D:\a\adriatic\adriatic\.cache\vcpkg

2026-07-26T16:32:02.6677960Z   key: Windows-X64-vcpkg-v1-03ba4f237c68b8c15638dcaa1ae0863e21d5b5be6b7add0b4c83182c70dcdebc
2026-07-26T16:32:02.6678823Z   enableCrossOsArchive: false
2026-07-26T16:32:02.6679248Z   fail-on-cache-miss: false
2026-07-26T16:32:02.6679612Z   lookup-only: false
2026-07-26T16:32:02.6679932Z   save-always: false
2026-07-26T16:32:02.6680233Z env:
2026-07-26T16:32:02.6680509Z   RELEASE_TAG: v0.1.0-0
2026-07-26T16:32:02.6681137Z   VCPKG_ROOT: C:\Program Files\Microsoft Visual Studio\18\Enterprise\VC\vcpkg
2026-07-26T16:32:02.6681590Z   VCPKG_DEFAULT_TRIPLET: x64-windows
2026-07-26T16:32:02.6681901Z   VCPKG_BINARY_CACHE: D:\a\adriatic\adriatic\.cache\vcpkg
2026-07-26T16:32:02.6682236Z   ZELDA_ENGINE_REPOSITORY: Velfi/zelda-engine
2026-07-26T16:32:02.6682505Z   ZELDA_ENGINE_REF: main
2026-07-26T16:32:02.6682778Z   ZELDA_ENGINE_ROOT: D:\a\adriatic\adriatic\zelda-engine
2026-07-26T16:32:02.6683083Z   CommandPromptType: Native
2026-07-26T16:32:02.6683451Z   DevEnvDir: C:\Program Files\Microsoft Visual Studio\18\Enterprise\Common7\IDE\
2026-07-26T16:32:02.6683984Z   ExtensionSdkDir: C:\Program Files (x86)\Microsoft SDKs\Windows Kits\10\ExtensionSDKs
2026-07-26T16:32:02.6686376Z   EXTERNAL_INCLUDE: C:\Program Files\Microsoft Visual Studio\18\Enterprise\VC\Tools\MSVC\14.51.36231\include;C:\Program Files\Microsoft Visual Studio\18\Enterprise\VC\Tools\MSVC\14.51.36231\ATLMFC\include;C:\Program Files\Microsoft Visual Studio\18\Enterprise\VC\Auxiliary\VS\include;C:\Program Files (x86)\Windows Kits\10\include\10.0.26100.0\ucrt;C:\Program Files (x86)\Windows Kits\10\\include\10.0.26100.0\\um;C:\Program Files (x86)\Windows Kits\10\\include\10.0.26100.0\\shared;C:\Program Files (x86)\Windows Kits\10\\include\10.0.26100.0\\winrt;C:\Program Files (x86)\Windows Kits\10\\include\10.0.26100.0\\cppwinrt;C:\Program Files (x86)\Windows Kits\NETFXSDK\4.8.1\include\um
2026-07-26T16:32:02.6688829Z   Framework40Version: v4.0
2026-07-26T16:32:02.6689099Z   FrameworkDir: C:\Windows\Microsoft.NET\Framework64\
2026-07-26T16:32:02.6689450Z   FrameworkDir64: C:\Windows\Microsoft.NET\Framework64\
2026-07-26T16:32:02.6689744Z   FrameworkVersion: v4.0.30319
2026-07-26T16:32:02.6689974Z   FrameworkVersion64: v4.0.30319
2026-07-26T16:32:02.6690501Z   FSHARPINSTALLDIR: C:\Program Files\Microsoft Visual Studio\18\Enterprise\Common7\IDE\CommonExtensions\Microsoft\FSharp\Tools
2026-07-26T16:32:02.6691094Z   HTMLHelpDir: C:\Program Files (x86)\HTML Help Workshop
2026-07-26T16:32:02.6693952Z   INCLUDE: C:\Program Files\Microsoft Visual Studio\18\Enterprise\VC\Tools\MSVC\14.51.36231\include;C:\Program Files\Microsoft Visual Studio\18\Enterprise\VC\Tools\MSVC\14.51.36231\ATLMFC\include;C:\Program Files\Microsoft Visual Studio\18\Enterprise\VC\Auxiliary\VS\include;C:\Program Files (x86)\Windows Kits\10\include\10.0.26100.0\ucrt;C:\Program Files (x86)\Windows Kits\10\\include\10.0.26100.0\\um;C:\Program Files (x86)\Windows Kits\10\\include\10.0.26100.0\\shared;C:\Program Files (x86)\Windows Kits\10\\include\10.0.26100.0\\winrt;C:\Program Files (x86)\Windows Kits\10\\include\10.0.26100.0\\cppwinrt;C:\Program Files (x86)\Windows Kits\NETFXSDK\4.8.1\include\um
2026-07-26T16:32:02.6698924Z   LIB: C:\Program Files\Microsoft Visual Studio\18\Enterprise\VC\Tools\MSVC\14.51.36231\ATLMFC\lib\x64;C:\Program Files\Microsoft Visual Studio\18\Enterprise\VC\Tools\MSVC\14.51.36231\lib\x64;C:\Program Files (x86)\Windows Kits\NETFXSDK\4.8.1\lib\um\x64;C:\Program Files (x86)\Windows Kits\10\lib\10.0.26100.0\ucrt\x64;C:\Program Files (x86)\Windows Kits\10\\lib\10.0.26100.0\\um\x64
2026-07-26T16:32:02.6701700Z   LIBPATH: C:\Program Files\Microsoft Visual Studio\18\Enterprise\VC\Tools\MSVC\14.51.36231\ATLMFC\lib\x64;C:\Program Files\Microsoft Visual Studio\18\Enterprise\VC\Tools\MSVC\14.51.36231\lib\x64;C:\Program Files\Microsoft Visual Studio\18\Enterprise\VC\Tools\MSVC\14.51.36231\lib\x86\store\references;C:\Program Files (x86)\Windows Kits\10\UnionMetadata\10.0.26100.0;C:\Program Files (x86)\Windows Kits\10\References\10.0.26100.0;C:\Windows\Microsoft.NET\Framework64\v4.0.30319
2026-07-26T16:32:02.6703502Z   llvmArm64: C:\Program Files\Microsoft Visual Studio\18\Enterprise\VC\Tools\Llvm\ARM64\bin
2026-07-26T16:32:02.6704070Z   llvmX64: C:\Program Files\Microsoft Visual Studio\18\Enterprise\VC\Tools\Llvm\x64\bin
2026-07-26T16:32:02.6704550Z   NETFXSDKDir: C:\Program Files (x86)\Windows Kits\NETFXSDK\4.8.1\
2026-07-26T16:32:02.6720217Z   Path: C:\Program Files\Microsoft Visual Studio\18\Enterprise\VC\Tools\MSVC\14.51.36231\bin\HostX64\x64;C:\Program Files\Microsoft Visual Studio\18\Enterprise\Common7\IDE\VC\VCPackages;C:\Program Files\Microsoft Visual Studio\18\Enterprise\Common7\IDE\CommonExtensions\Microsoft\TestWindow;C:\Program Files\Microsoft Visual Studio\18\Enterprise\Common7\IDE\CommonExtensions\Microsoft\TeamFoundation\Team Explorer;C:\Program Files\Microsoft Visual Studio\18\Enterprise\MSBuild\Current\bin\Roslyn;C:\Program Files (x86)\Microsoft SDKs\Windows\v10.0A\bin\NETFX 4.8.1 Tools\x64\;C:\Program Files (x86)\HTML Help Workshop;C:\Program Files\Microsoft Visual Studio\18\Enterprise\Common7\IDE\CommonExtensions\Microsoft\FSharp\Tools;C:\Program Files\Microsoft Visual Studio\18\Enterprise\Team Tools\DiagnosticsHub\Collector;C:\Program Files\Microsoft Visual Studio\18\Enterprise\Common7\IDE\Extensions\Microsoft\CodeCoverage.Console;C:\Program Files (x86)\Windows Kits\10\bin\10.0.26100.0\\x64;C:\Program Files (x86)\Windows Kits\10\bin\\x64;C:\Program Files\Microsoft Visual Studio\18\Enterprise\\MSBuild\Current\Bin\amd64;C:\Windows\Microsoft.NET\Framework64\v4.0.30319;C:\Program Files\Microsoft Visual Studio\18\Enterprise\Common7\IDE\;C:\Program Files\Microsoft Visual Studio\18\Enterprise\Common7\Tools\;C:\Program Files\MongoDB\Server\7.0\bin;C:\vcpkg;C:\tools\zstd;C:\hostedtoolcache\windows\stack\3.11.1\x64;C:\cabal\bin;C:\\ghcup\bin;C:\mingw64\bin;C:\Program Files\dotnet;C:\Program Files\MySQL\MySQL Server 8.0\bin;C:\Program Files\R\R-4.6.1\bin\x64;C:\SeleniumWebDrivers\GeckoDriver;C:\SeleniumWebDrivers\EdgeDriver\;C:\SeleniumWebDrivers\ChromeDriver;C:\Program Files (x86)\sbt\bin;C:\Program Files (x86)\GitHub CLI;C:\Program Files\Git\bin;C:\Program Files (x86)\pipx_bin;C:\npm\prefix;C:\hostedtoolcache\windows\go\1.24.13\x64\bin;C:\hostedtoolcache\windows\Python\3.12.10\x64\Scripts;C:\hostedtoolcache\windows\Python\3.12.10\x64;C:\hostedtoolcache\windows\Ruby\3.3.11\x64\bin;C:\Program Files\OpenSSL\bin;C:\tools\kotlinc\bin;C:\hostedtoolcache\windows\Java_Temurin-Hotspot_jdk\17.0.19-10\x64\bin;C:\Program Files\ImageMagick-7.1.2-Q16-HDRI;C:\Program Files\Microsoft SDKs\Azure\CLI2\wbin;C:\ProgramData\kind;C:\ProgramData\Chocolatey\bin;C:\Windows\system32;C:\Windows;C:\Windows\System32\Wbem;C:\Windows\System32\WindowsPowerShell\v1.0\;C:\Windows\System32\OpenSSH\;C:\Program Files\PowerShell\7\;C:\Program Files\Microsoft\Web Platform Installer\;C:\Program Files\Microsoft SQL Server\170\Tools\Binn\;C:\Program Files\Microsoft SQL Server\Client SDK\ODBC\170\Tools\Binn\;C:\Program Files\dotnet\;C:\Program Files (x86)\Windows Kits\10\Windows Performance Toolkit\;C:\Program Files (x86)\WiX Toolset v3.14\bin;C:\Program Files\Microsoft SQL Server\130\DTS\Binn\;C:\Program Files\Microsoft SQL Server\140\DTS\Binn\;C:\Program Files\Microsoft SQL Server\150\DTS\Binn\;C:\Program Files\Microsoft SQL Server\160\DTS\Binn\;C:\Program Files\Microsoft SQL Server\170\DTS\Binn\;C:\ProgramData\chocolatey\lib\pulumi\tools\Pulumi\bin;C:\Program Files\CMake\bin;C:\Strawberry\c\bin;C:\Strawberry\perl\site\bin;C:\Strawberry\perl\bin;C:\ProgramData\chocolatey\lib\maven\apache-maven-3.9.16\bin;C:\Program Files\Microsoft Service Fabric\bin\Fabric\Fabric.Code;C:\Program Files\Microsoft SDKs\Service Fabric\Tools\ServiceFabricLocalClusterManager;C:\Program Files\nodejs\;C:\Program Files\Git\cmd;C:\Program Files\Git\mingw64\bin;C:\Program Files\Git\usr\bin;C:\Program Files\GitHub CLI\;c:\tools\php;C:\Program Files\Amazon\AWSCLIV2\;C:\Program Files\Amazon\SessionManagerPlugin\bin\;C:\Program Files\Amazon\AWSSAMCLI\bin\;C:\Program Files\Microsoft SQL Server\130\Tools\Binn\;C:\Program Files\mongosh\;C:\Program Files\LLVM\bin;C:\Program Files (x86)\LLVM\bin;C:\Users\runneradmin\.dotnet\tools;C:\Users\runneradmin\.cargo\bin;C:\Users\runneradmin\AppData\Local\Microsoft\WindowsApps;C:\Program Files (x86)\Microsoft Visual Studio\Installer;C:\Program Files\Microsoft Visual Studio\18\Enterprise\VC\Tools\Llvm\x64\bin;C:\Program Files\Microsoft Visual Studio\18\Enterprise\Common7\IDE\CommonExtensions\Microsoft\CMake\CMake\bin;C:\Program Files\Microsoft Visual Studio\18\Enterprise\Common7\IDE\CommonExtensions\Microsoft\CMake\Ninja;C:\Program Files\Microsoft Visual Studio\18\Enterprise\Common7\IDE\VC\Linux\bin\ConnectionManagerExe;C:\Program Files\Microsoft Visual Studio\18\Enterprise\VC\vcpkg
2026-07-26T16:32:02.6735459Z   Platform: x64
2026-07-26T16:32:02.6735658Z   UCRTVersion: 10.0.26100.0
2026-07-26T16:32:02.6735956Z   UniversalCRTSdkDir: C:\Program Files (x86)\Windows Kits\10\
2026-07-26T16:32:02.6736271Z   use_x64_llvm: true
2026-07-26T16:32:02.6736623Z   VCIDEInstallDir: C:\Program Files\Microsoft Visual Studio\18\Enterprise\Common7\IDE\VC\
2026-07-26T16:32:02.6737148Z   VCINSTALLDIR: C:\Program Files\Microsoft Visual Studio\18\Enterprise\VC\
2026-07-26T16:32:02.6737718Z   VCToolsInstallDir: C:\Program Files\Microsoft Visual Studio\18\Enterprise\VC\Tools\MSVC\14.51.36231\
2026-07-26T16:32:02.6738365Z   VCToolsRedistDir: C:\Program Files\Microsoft Visual Studio\18\Enterprise\VC\Redist\MSVC\14.51.36231\
2026-07-26T16:32:02.6738814Z   VCToolsVersion: 14.51.36231
2026-07-26T16:32:02.6739041Z   VisualStudioVersion: 18.0
2026-07-26T16:32:02.6739400Z   VS180COMNTOOLS: C:\Program Files\Microsoft Visual Studio\18\Enterprise\Common7\Tools\
2026-07-26T16:32:02.6739819Z   VSCMD_ARG_app_plat: Desktop
2026-07-26T16:32:02.6740041Z   VSCMD_ARG_HOST_ARCH: x64
2026-07-26T16:32:02.6740249Z   VSCMD_ARG_TGT_ARCH: x64
2026-07-26T16:32:02.6740581Z   VSCMD_VER: 18.7.3
2026-07-26T16:32:02.6740873Z   VSINSTALLDIR: C:\Program Files\Microsoft Visual Studio\18\Enterprise\
2026-07-26T16:32:02.6741350Z   VSSDK150INSTALL: C:\Program Files\Microsoft Visual Studio\18\Enterprise\VSSDK
2026-07-26T16:32:02.6741837Z   VSSDKINSTALL: C:\Program Files\Microsoft Visual Studio\18\Enterprise\VSSDK
2026-07-26T16:32:02.6742714Z   WindowsLibPath: C:\Program Files (x86)\Windows Kits\10\UnionMetadata\10.0.26100.0;C:\Program Files (x86)\Windows Kits\10\References\10.0.26100.0
2026-07-26T16:32:02.6743447Z   WindowsSdkBinPath: C:\Program Files (x86)\Windows Kits\10\bin\
2026-07-26T16:32:02.6743832Z   WindowsSdkDir: C:\Program Files (x86)\Windows Kits\10\
2026-07-26T16:32:02.6744132Z   WindowsSDKLibVersion: 10.0.26100.0\
2026-07-26T16:32:02.6744491Z   WindowsSdkVerBinPath: C:\Program Files (x86)\Windows Kits\10\bin\10.0.26100.0\
2026-07-26T16:32:02.6744883Z   WindowsSDKVersion: 10.0.26100.0\
2026-07-26T16:32:02.6745337Z   WindowsSDK_ExecutablePath_x64: C:\Program Files (x86)\Microsoft SDKs\Windows\v10.0A\bin\NETFX 4.8.1 Tools\x64\
2026-07-26T16:32:02.6746005Z   WindowsSDK_ExecutablePath_x86: C:\Program Files (x86)\Microsoft SDKs\Windows\v10.0A\bin\NETFX 4.8.1 Tools\
2026-07-26T16:32:02.6746455Z   __DOTNET_ADD_64BIT: 1
2026-07-26T16:32:02.6746661Z   __DOTNET_PREFERRED_BITNESS: 64
2026-07-26T16:32:02.6755970Z   __VSCMD_PREINIT_PATH: C:\Program Files\MongoDB\Server\7.0\bin;C:\vcpkg;C:\tools\zstd;C:\hostedtoolcache\windows\stack\3.11.1\x64;C:\cabal\bin;C:\\ghcup\bin;C:\mingw64\bin;C:\Program Files\dotnet;C:\Program Files\MySQL\MySQL Server 8.0\bin;C:\Program Files\R\R-4.6.1\bin\x64;C:\SeleniumWebDrivers\GeckoDriver;C:\SeleniumWebDrivers\EdgeDriver\;C:\SeleniumWebDrivers\ChromeDriver;C:\Program Files (x86)\sbt\bin;C:\Program Files (x86)\GitHub CLI;C:\Program Files\Git\bin;C:\Program Files (x86)\pipx_bin;C:\npm\prefix;C:\hostedtoolcache\windows\go\1.24.13\x64\bin;C:\hostedtoolcache\windows\Python\3.12.10\x64\Scripts;C:\hostedtoolcache\windows\Python\3.12.10\x64;C:\hostedtoolcache\windows\Ruby\3.3.11\x64\bin;C:\Program Files\OpenSSL\bin;C:\tools\kotlinc\bin;C:\hostedtoolcache\windows\Java_Temurin-Hotspot_jdk\17.0.19-10\x64\bin;C:\Program Files\ImageMagick-7.1.2-Q16-HDRI;C:\Program Files\Microsoft SDKs\Azure\CLI2\wbin;C:\ProgramData\kind;C:\ProgramData\Chocolatey\bin;C:\Windows\system32;C:\Windows;C:\Windows\System32\Wbem;C:\Windows\System32\WindowsPowerShell\v1.0\;C:\Windows\System32\OpenSSH\;C:\Program Files\PowerShell\7\;C:\Program Files\Microsoft\Web Platform Installer\;C:\Program Files\Microsoft SQL Server\170\Tools\Binn\;C:\Program Files\Microsoft SQL Server\Client SDK\ODBC\170\Tools\Binn\;C:\Program Files\dotnet\;C:\Program Files (x86)\Windows Kits\10\Windows Performance Toolkit\;C:\Program Files (x86)\WiX Toolset v3.14\bin;C:\Program Files\Microsoft SQL Server\130\DTS\Binn\;C:\Program Files\Microsoft SQL Server\140\DTS\Binn\;C:\Program Files\Microsoft SQL Server\150\DTS\Binn\;C:\Program Files\Microsoft SQL Server\160\DTS\Binn\;C:\Program Files\Microsoft SQL Server\170\DTS\Binn\;C:\ProgramData\chocolatey\lib\pulumi\tools\Pulumi\bin;C:\Program Files\CMake\bin;C:\Strawberry\c\bin;C:\Strawberry\perl\site\bin;C:\Strawberry\perl\bin;C:\ProgramData\chocolatey\lib\maven\apache-maven-3.9.16\bin;C:\Program Files\Microsoft Service Fabric\bin\Fabric\Fabric.Code;C:\Program Files\Microsoft SDKs\Service Fabric\Tools\ServiceFabricLocalClusterManager;C:\Program Files\nodejs\;C:\Program Files\Git\cmd;C:\Program Files\Git\mingw64\bin;C:\Program Files\Git\usr\bin;C:\Program Files\GitHub CLI\;c:\tools\php;C:\Program Files (x86)\sbt\bin;C:\Program Files\Amazon\AWSCLIV2\;C:\Program Files\Amazon\SessionManagerPlugin\bin\;C:\Program Files\Amazon\AWSSAMCLI\bin\;C:\Program Files\Microsoft SQL Server\130\Tools\Binn\;C:\Program Files\mongosh\;C:\Program Files\LLVM\bin;C:\Program Files (x86)\LLVM\bin;C:\Users\runneradmin\.dotnet\tools;C:\Users\runneradmin\.cargo\bin;C:\Users\runneradmin\AppData\Local\Microsoft\WindowsApps;C:\Program Files (x86)\Microsoft Visual Studio\Installer
2026-07-26T16:32:02.6765517Z ##[endgroup]
2026-07-26T16:32:02.8148944Z (node:8972) [DEP0040] DeprecationWarning: The `punycode` module is deprecated. Please use a userland alternative instead.
2026-07-26T16:32:02.8149815Z (Use `node --trace-deprecation ...` to show where the warning was created)
2026-07-26T16:32:03.0100669Z Cache not found for input keys: Windows-X64-vcpkg-v1-03ba4f237c68b8c15638dcaa1ae0863e21d5b5be6b7add0b4c83182c70dcdebc
2026-07-26T16:32:03.0329479Z ##[group]Run New-Item -ItemType Directory -Force -Path $env:VCPKG_BINARY_CACHE | Out-Null
2026-07-26T16:32:03.0330319Z [36;1mNew-Item -ItemType Directory -Force -Path $env:VCPKG_BINARY_CACHE | Out-Null[0m
2026-07-26T16:32:03.0330896Z [36;1m$env:VCPKG_BINARY_SOURCES = "clear;files,$env:VCPKG_BINARY_CACHE,readwrite"[0m
2026-07-26T16:32:03.0331584Z [36;1m& "$env:VCPKG_ROOT\vcpkg.exe" install --triplet $env:VCPKG_DEFAULT_TRIPLET --x-install-root "$env:VCPKG_ROOT\installed"[0m
2026-07-26T16:32:03.0332202Z [36;1mif ($LASTEXITCODE -ne 0) { throw "vcpkg install failed" }[0m
2026-07-26T16:32:03.0394599Z shell: C:\Program Files\PowerShell\7\pwsh.EXE -command ". '{0}'"
2026-07-26T16:32:03.0394948Z env:
2026-07-26T16:32:03.0395126Z   RELEASE_TAG: v0.1.0-0
2026-07-26T16:32:03.0395457Z   VCPKG_ROOT: C:\Program Files\Microsoft Visual Studio\18\Enterprise\VC\vcpkg
2026-07-26T16:32:03.0395837Z   VCPKG_DEFAULT_TRIPLET: x64-windows
2026-07-26T16:32:03.0396180Z   VCPKG_BINARY_CACHE: D:\a\adriatic\adriatic\.cache\vcpkg
2026-07-26T16:32:03.0396514Z   ZELDA_ENGINE_REPOSITORY: Velfi/zelda-engine
2026-07-26T16:32:03.0396778Z   ZELDA_ENGINE_REF: main
2026-07-26T16:32:03.0397034Z   ZELDA_ENGINE_ROOT: D:\a\adriatic\adriatic\zelda-engine
2026-07-26T16:32:03.0397333Z   CommandPromptType: Native
2026-07-26T16:32:03.0397676Z   DevEnvDir: C:\Program Files\Microsoft Visual Studio\18\Enterprise\Common7\IDE\
2026-07-26T16:32:03.0398198Z   ExtensionSdkDir: C:\Program Files (x86)\Microsoft SDKs\Windows Kits\10\ExtensionSDKs
2026-07-26T16:32:03.0400823Z   EXTERNAL_INCLUDE: C:\Program Files\Microsoft Visual Studio\18\Enterprise\VC\Tools\MSVC\14.51.36231\include;C:\Program Files\Microsoft Visual Studio\18\Enterprise\VC\Tools\MSVC\14.51.36231\ATLMFC\include;C:\Program Files\Microsoft Visual Studio\18\Enterprise\VC\Auxiliary\VS\include;C:\Program Files (x86)\Windows Kits\10\include\10.0.26100.0\ucrt;C:\Program Files (x86)\Windows Kits\10\\include\10.0.26100.0\\um;C:\Program Files (x86)\Windows Kits\10\\include\10.0.26100.0\\shared;C:\Program Files (x86)\Windows Kits\10\\include\10.0.26100.0\\winrt;C:\Program Files (x86)\Windows Kits\10\\include\10.0.26100.0\\cppwinrt;C:\Program Files (x86)\Windows Kits\NETFXSDK\4.8.1\include\um
2026-07-26T16:32:03.0403279Z   Framework40Version: v4.0
2026-07-26T16:32:03.0403546Z   FrameworkDir: C:\Windows\Microsoft.NET\Framework64\
2026-07-26T16:32:03.0403881Z   FrameworkDir64: C:\Windows\Microsoft.NET\Framework64\
2026-07-26T16:32:03.0404170Z   FrameworkVersion: v4.0.30319
2026-07-26T16:32:03.0404396Z   FrameworkVersion64: v4.0.30319
2026-07-26T16:32:03.0404913Z   FSHARPINSTALLDIR: C:\Program Files\Microsoft Visual Studio\18\Enterprise\Common7\IDE\CommonExtensions\Microsoft\FSharp\Tools
2026-07-26T16:32:03.0405510Z   HTMLHelpDir: C:\Program Files (x86)\HTML Help Workshop
2026-07-26T16:32:03.0407744Z   INCLUDE: C:\Program Files\Microsoft Visual Studio\18\Enterprise\VC\Tools\MSVC\14.51.36231\include;C:\Program Files\Microsoft Visual Studio\18\Enterprise\VC\Tools\MSVC\14.51.36231\ATLMFC\include;C:\Program Files\Microsoft Visual Studio\18\Enterprise\VC\Auxiliary\VS\include;C:\Program Files (x86)\Windows Kits\10\include\10.0.26100.0\ucrt;C:\Program Files (x86)\Windows Kits\10\\include\10.0.26100.0\\um;C:\Program Files (x86)\Windows Kits\10\\include\10.0.26100.0\\shared;C:\Program Files (x86)\Windows Kits\10\\include\10.0.26100.0\\winrt;C:\Program Files (x86)\Windows Kits\10\\include\10.0.26100.0\\cppwinrt;C:\Program Files (x86)\Windows Kits\NETFXSDK\4.8.1\include\um
2026-07-26T16:32:03.0410966Z   LIB: C:\Program Files\Microsoft Visual Studio\18\Enterprise\VC\Tools\MSVC\14.51.36231\ATLMFC\lib\x64;C:\Program Files\Microsoft Visual Studio\18\Enterprise\VC\Tools\MSVC\14.51.36231\lib\x64;C:\Program Files (x86)\Windows Kits\NETFXSDK\4.8.1\lib\um\x64;C:\Program Files (x86)\Windows Kits\10\lib\10.0.26100.0\ucrt\x64;C:\Program Files (x86)\Windows Kits\10\\lib\10.0.26100.0\\um\x64
2026-07-26T16:32:03.0415416Z   LIBPATH: C:\Program Files\Microsoft Visual Studio\18\Enterprise\VC\Tools\MSVC\14.51.36231\ATLMFC\lib\x64;C:\Program Files\Microsoft Visual Studio\18\Enterprise\VC\Tools\MSVC\14.51.36231\lib\x64;C:\Program Files\Microsoft Visual Studio\18\Enterprise\VC\Tools\MSVC\14.51.36231\lib\x86\store\references;C:\Program Files (x86)\Windows Kits\10\UnionMetadata\10.0.26100.0;C:\Program Files (x86)\Windows Kits\10\References\10.0.26100.0;C:\Windows\Microsoft.NET\Framework64\v4.0.30319
2026-07-26T16:32:03.0417277Z   llvmArm64: C:\Program Files\Microsoft Visual Studio\18\Enterprise\VC\Tools\Llvm\ARM64\bin
2026-07-26T16:32:03.0417855Z   llvmX64: C:\Program Files\Microsoft Visual Studio\18\Enterprise\VC\Tools\Llvm\x64\bin
2026-07-26T16:32:03.0418332Z   NETFXSDKDir: C:\Program Files (x86)\Windows Kits\NETFXSDK\4.8.1\
2026-07-26T16:32:03.0433763Z   Path: C:\Program Files\Microsoft Visual Studio\18\Enterprise\VC\Tools\MSVC\14.51.36231\bin\HostX64\x64;C:\Program Files\Microsoft Visual Studio\18\Enterprise\Common7\IDE\VC\VCPackages;C:\Program Files\Microsoft Visual Studio\18\Enterprise\Common7\IDE\CommonExtensions\Microsoft\TestWindow;C:\Program Files\Microsoft Visual Studio\18\Enterprise\Common7\IDE\CommonExtensions\Microsoft\TeamFoundation\Team Explorer;C:\Program Files\Microsoft Visual Studio\18\Enterprise\MSBuild\Current\bin\Roslyn;C:\Program Files (x86)\Microsoft SDKs\Windows\v10.0A\bin\NETFX 4.8.1 Tools\x64\;C:\Program Files (x86)\HTML Help Workshop;C:\Program Files\Microsoft Visual Studio\18\Enterprise\Common7\IDE\CommonExtensions\Microsoft\FSharp\Tools;C:\Program Files\Microsoft Visual Studio\18\Enterprise\Team Tools\DiagnosticsHub\Collector;C:\Program Files\Microsoft Visual Studio\18\Enterprise\Common7\IDE\Extensions\Microsoft\CodeCoverage.Console;C:\Program Files (x86)\Windows Kits\10\bin\10.0.26100.0\\x64;C:\Program Files (x86)\Windows Kits\10\bin\\x64;C:\Program Files\Microsoft Visual Studio\18\Enterprise\\MSBuild\Current\Bin\amd64;C:\Windows\Microsoft.NET\Framework64\v4.0.30319;C:\Program Files\Microsoft Visual Studio\18\Enterprise\Common7\IDE\;C:\Program Files\Microsoft Visual Studio\18\Enterprise\Common7\Tools\;C:\Program Files\MongoDB\Server\7.0\bin;C:\vcpkg;C:\tools\zstd;C:\hostedtoolcache\windows\stack\3.11.1\x64;C:\cabal\bin;C:\\ghcup\bin;C:\mingw64\bin;C:\Program Files\dotnet;C:\Program Files\MySQL\MySQL Server 8.0\bin;C:\Program Files\R\R-4.6.1\bin\x64;C:\SeleniumWebDrivers\GeckoDriver;C:\SeleniumWebDrivers\EdgeDriver\;C:\SeleniumWebDrivers\ChromeDriver;C:\Program Files (x86)\sbt\bin;C:\Program Files (x86)\GitHub CLI;C:\Program Files\Git\bin;C:\Program Files (x86)\pipx_bin;C:\npm\prefix;C:\hostedtoolcache\windows\go\1.24.13\x64\bin;C:\hostedtoolcache\windows\Python\3.12.10\x64\Scripts;C:\hostedtoolcache\windows\Python\3.12.10\x64;C:\hostedtoolcache\windows\Ruby\3.3.11\x64\bin;C:\Program Files\OpenSSL\bin;C:\tools\kotlinc\bin;C:\hostedtoolcache\windows\Java_Temurin-Hotspot_jdk\17.0.19-10\x64\bin;C:\Program Files\ImageMagick-7.1.2-Q16-HDRI;C:\Program Files\Microsoft SDKs\Azure\CLI2\wbin;C:\ProgramData\kind;C:\ProgramData\Chocolatey\bin;C:\Windows\system32;C:\Windows;C:\Windows\System32\Wbem;C:\Windows\System32\WindowsPowerShell\v1.0\;C:\Windows\System32\OpenSSH\;C:\Program Files\PowerShell\7\;C:\Program Files\Microsoft\Web Platform Installer\;C:\Program Files\Microsoft SQL Server\170\Tools\Binn\;C:\Program Files\Microsoft SQL Server\Client SDK\ODBC\170\Tools\Binn\;C:\Program Files\dotnet\;C:\Program Files (x86)\Windows Kits\10\Windows Performance Toolkit\;C:\Program Files (x86)\WiX Toolset v3.14\bin;C:\Program Files\Microsoft SQL Server\130\DTS\Binn\;C:\Program Files\Microsoft SQL Server\140\DTS\Binn\;C:\Program Files\Microsoft SQL Server\150\DTS\Binn\;C:\Program Files\Microsoft SQL Server\160\DTS\Binn\;C:\Program Files\Microsoft SQL Server\170\DTS\Binn\;C:\ProgramData\chocolatey\lib\pulumi\tools\Pulumi\bin;C:\Program Files\CMake\bin;C:\Strawberry\c\bin;C:\Strawberry\perl\site\bin;C:\Strawberry\perl\bin;C:\ProgramData\chocolatey\lib\maven\apache-maven-3.9.16\bin;C:\Program Files\Microsoft Service Fabric\bin\Fabric\Fabric.Code;C:\Program Files\Microsoft SDKs\Service Fabric\Tools\ServiceFabricLocalClusterManager;C:\Program Files\nodejs\;C:\Program Files\Git\cmd;C:\Program Files\Git\mingw64\bin;C:\Program Files\Git\usr\bin;C:\Program Files\GitHub CLI\;c:\tools\php;C:\Program Files\Amazon\AWSCLIV2\;C:\Program Files\Amazon\SessionManagerPlugin\bin\;C:\Program Files\Amazon\AWSSAMCLI\bin\;C:\Program Files\Microsoft SQL Server\130\Tools\Binn\;C:\Program Files\mongosh\;C:\Program Files\LLVM\bin;C:\Program Files (x86)\LLVM\bin;C:\Users\runneradmin\.dotnet\tools;C:\Users\runneradmin\.cargo\bin;C:\Users\runneradmin\AppData\Local\Microsoft\WindowsApps;C:\Program Files (x86)\Microsoft Visual Studio\Installer;C:\Program Files\Microsoft Visual Studio\18\Enterprise\VC\Tools\Llvm\x64\bin;C:\Program Files\Microsoft Visual Studio\18\Enterprise\Common7\IDE\CommonExtensions\Microsoft\CMake\CMake\bin;C:\Program Files\Microsoft Visual Studio\18\Enterprise\Common7\IDE\CommonExtensions\Microsoft\CMake\Ninja;C:\Program Files\Microsoft Visual Studio\18\Enterprise\Common7\IDE\VC\Linux\bin\ConnectionManagerExe;C:\Program Files\Microsoft Visual Studio\18\Enterprise\VC\vcpkg
2026-07-26T16:32:03.0448776Z   Platform: x64
2026-07-26T16:32:03.0448973Z   UCRTVersion: 10.0.26100.0
2026-07-26T16:32:03.0449260Z   UniversalCRTSdkDir: C:\Program Files (x86)\Windows Kits\10\
2026-07-26T16:32:03.0449573Z   use_x64_llvm: true
2026-07-26T16:32:03.0449918Z   VCIDEInstallDir: C:\Program Files\Microsoft Visual Studio\18\Enterprise\Common7\IDE\VC\
2026-07-26T16:32:03.0450426Z   VCINSTALLDIR: C:\Program Files\Microsoft Visual Studio\18\Enterprise\VC\
2026-07-26T16:32:03.0450984Z   VCToolsInstallDir: C:\Program Files\Microsoft Visual Studio\18\Enterprise\VC\Tools\MSVC\14.51.36231\
2026-07-26T16:32:03.0451627Z   VCToolsRedistDir: C:\Program Files\Microsoft Visual Studio\18\Enterprise\VC\Redist\MSVC\14.51.36231\
2026-07-26T16:32:03.0452071Z   VCToolsVersion: 14.51.36231
2026-07-26T16:32:03.0452289Z   VisualStudioVersion: 18.0
2026-07-26T16:32:03.0452640Z   VS180COMNTOOLS: C:\Program Files\Microsoft Visual Studio\18\Enterprise\Common7\Tools\
2026-07-26T16:32:03.0453046Z   VSCMD_ARG_app_plat: Desktop
2026-07-26T16:32:03.0453256Z   VSCMD_ARG_HOST_ARCH: x64
2026-07-26T16:32:03.0453462Z   VSCMD_ARG_TGT_ARCH: x64
2026-07-26T16:32:03.0453657Z   VSCMD_VER: 18.7.3
2026-07-26T16:32:03.0453935Z   VSINSTALLDIR: C:\Program Files\Microsoft Visual Studio\18\Enterprise\
2026-07-26T16:32:03.0454396Z   VSSDK150INSTALL: C:\Program Files\Microsoft Visual Studio\18\Enterprise\VSSDK
2026-07-26T16:32:03.0454875Z   VSSDKINSTALL: C:\Program Files\Microsoft Visual Studio\18\Enterprise\VSSDK
2026-07-26T16:32:03.0455558Z   WindowsLibPath: C:\Program Files (x86)\Windows Kits\10\UnionMetadata\10.0.26100.0;C:\Program Files (x86)\Windows Kits\10\References\10.0.26100.0
2026-07-26T16:32:03.0456210Z   WindowsSdkBinPath: C:\Program Files (x86)\Windows Kits\10\bin\
2026-07-26T16:32:03.0456581Z   WindowsSdkDir: C:\Program Files (x86)\Windows Kits\10\
2026-07-26T16:32:03.0456883Z   WindowsSDKLibVersion: 10.0.26100.0\
2026-07-26T16:32:03.0457245Z   WindowsSdkVerBinPath: C:\Program Files (x86)\Windows Kits\10\bin\10.0.26100.0\
2026-07-26T16:32:03.0457631Z   WindowsSDKVersion: 10.0.26100.0\
2026-07-26T16:32:03.0458082Z   WindowsSDK_ExecutablePath_x64: C:\Program Files (x86)\Microsoft SDKs\Windows\v10.0A\bin\NETFX 4.8.1 Tools\x64\
2026-07-26T16:32:03.0458753Z   WindowsSDK_ExecutablePath_x86: C:\Program Files (x86)\Microsoft SDKs\Windows\v10.0A\bin\NETFX 4.8.1 Tools\
2026-07-26T16:32:03.0459201Z   __DOTNET_ADD_64BIT: 1
2026-07-26T16:32:03.0459404Z   __DOTNET_PREFERRED_BITNESS: 64
2026-07-26T16:32:03.0468612Z   __VSCMD_PREINIT_PATH: C:\Program Files\MongoDB\Server\7.0\bin;C:\vcpkg;C:\tools\zstd;C:\hostedtoolcache\windows\stack\3.11.1\x64;C:\cabal\bin;C:\\ghcup\bin;C:\mingw64\bin;C:\Program Files\dotnet;C:\Program Files\MySQL\MySQL Server 8.0\bin;C:\Program Files\R\R-4.6.1\bin\x64;C:\SeleniumWebDrivers\GeckoDriver;C:\SeleniumWebDrivers\EdgeDriver\;C:\SeleniumWebDrivers\ChromeDriver;C:\Program Files (x86)\sbt\bin;C:\Program Files (x86)\GitHub CLI;C:\Program Files\Git\bin;C:\Program Files (x86)\pipx_bin;C:\npm\prefix;C:\hostedtoolcache\windows\go\1.24.13\x64\bin;C:\hostedtoolcache\windows\Python\3.12.10\x64\Scripts;C:\hostedtoolcache\windows\Python\3.12.10\x64;C:\hostedtoolcache\windows\Ruby\3.3.11\x64\bin;C:\Program Files\OpenSSL\bin;C:\tools\kotlinc\bin;C:\hostedtoolcache\windows\Java_Temurin-Hotspot_jdk\17.0.19-10\x64\bin;C:\Program Files\ImageMagick-7.1.2-Q16-HDRI;C:\Program Files\Microsoft SDKs\Azure\CLI2\wbin;C:\ProgramData\kind;C:\ProgramData\Chocolatey\bin;C:\Windows\system32;C:\Windows;C:\Windows\System32\Wbem;C:\Windows\System32\WindowsPowerShell\v1.0\;C:\Windows\System32\OpenSSH\;C:\Program Files\PowerShell\7\;C:\Program Files\Microsoft\Web Platform Installer\;C:\Program Files\Microsoft SQL Server\170\Tools\Binn\;C:\Program Files\Microsoft SQL Server\Client SDK\ODBC\170\Tools\Binn\;C:\Program Files\dotnet\;C:\Program Files (x86)\Windows Kits\10\Windows Performance Toolkit\;C:\Program Files (x86)\WiX Toolset v3.14\bin;C:\Program Files\Microsoft SQL Server\130\DTS\Binn\;C:\Program Files\Microsoft SQL Server\140\DTS\Binn\;C:\Program Files\Microsoft SQL Server\150\DTS\Binn\;C:\Program Files\Microsoft SQL Server\160\DTS\Binn\;C:\Program Files\Microsoft SQL Server\170\DTS\Binn\;C:\ProgramData\chocolatey\lib\pulumi\tools\Pulumi\bin;C:\Program Files\CMake\bin;C:\Strawberry\c\bin;C:\Strawberry\perl\site\bin;C:\Strawberry\perl\bin;C:\ProgramData\chocolatey\lib\maven\apache-maven-3.9.16\bin;C:\Program Files\Microsoft Service Fabric\bin\Fabric\Fabric.Code;C:\Program Files\Microsoft SDKs\Service Fabric\Tools\ServiceFabricLocalClusterManager;C:\Program Files\nodejs\;C:\Program Files\Git\cmd;C:\Program Files\Git\mingw64\bin;C:\Program Files\Git\usr\bin;C:\Program Files\GitHub CLI\;c:\tools\php;C:\Program Files (x86)\sbt\bin;C:\Program Files\Amazon\AWSCLIV2\;C:\Program Files\Amazon\SessionManagerPlugin\bin\;C:\Program Files\Amazon\AWSSAMCLI\bin\;C:\Program Files\Microsoft SQL Server\130\Tools\Binn\;C:\Program Files\mongosh\;C:\Program Files\LLVM\bin;C:\Program Files (x86)\LLVM\bin;C:\Users\runneradmin\.dotnet\tools;C:\Users\runneradmin\.cargo\bin;C:\Users\runneradmin\AppData\Local\Microsoft\WindowsApps;C:\Program Files (x86)\Microsoft Visual Studio\Installer
2026-07-26T16:32:03.0477662Z ##[endgroup]
2026-07-26T16:32:06.2893651Z Fetching registry information from https://github.com/microsoft/vcpkg (HEAD)...
2026-07-26T16:32:49.9955725Z Detecting compiler hash for triplet x64-windows...
2026-07-26T16:33:06.0192214Z Compiler found: C:/Program Files/Microsoft Visual Studio/18/Enterprise/VC/Tools/MSVC/14.51.36231/bin/Hostx64/x64/cl.exe
2026-07-26T16:33:06.1644384Z The following packages will be built and installed:
2026-07-26T16:33:06.1645055Z   * brotli:x64-windows@1.2.0 -- git+https://github.com/microsoft/vcpkg@0fb79bb13588702a9e06057745b4aed95ce5c861
2026-07-26T16:33:06.1645867Z   * bzip2[core,tool]:x64-windows@1.0.8#6 -- git+https://github.com/microsoft/vcpkg@2d029da682847c5ebdc54e4dbea001331a02207e
2026-07-26T16:33:06.1646765Z     freetype[brotli,bzip2,core,png,zlib]:x64-windows@2.14.3 -- git+https://github.com/microsoft/vcpkg@37a2b08e48b987c9b2a45a075fed1bc382e8de03
2026-07-26T16:33:06.1647653Z     harfbuzz[core,freetype]:x64-windows@14.2.1#1 -- git+https://github.com/microsoft/vcpkg@772427b3577e234222ef95d5c0c3d091ffdc784d
2026-07-26T16:33:06.1648428Z   * libpng:x64-windows@1.6.58 -- git+https://github.com/microsoft/vcpkg@909d98e06046a0901fd11300b3d725d6a80d27bf
2026-07-26T16:33:06.1649175Z     sdl3[core,vulkan]:x64-windows@3.4.10#1 -- git+https://github.com/microsoft/vcpkg@44322d309eb956a8df1853a453f8dbcf8ec8be90
2026-07-26T16:33:06.1650226Z   * vcpkg-cmake:x64-windows@2024-04-23 -- git+https://github.com/microsoft/vcpkg@e74aa1e8f93278a8e71372f1fa08c3df420eb840
2026-07-26T16:33:06.1651031Z   * vcpkg-cmake-config:x64-windows@2024-05-23 -- git+https://github.com/microsoft/vcpkg@97a63e4bc1a17422ffe4eff71da53b4b561a7841
2026-07-26T16:33:06.1651857Z   * vcpkg-cmake-get-vars:x64-windows@2025-05-29 -- git+https://github.com/microsoft/vcpkg@d6510f888dd526c7828f6b973349e7f30be51254
2026-07-26T16:33:06.1652810Z   * vcpkg-tool-meson:x64-windows@1.9.0#10 -- git+https://github.com/microsoft/vcpkg@86a0d388e3e72719eadc392e359ee80f2f8d8a16
2026-07-26T16:33:06.1653603Z     vulkan-headers:x64-windows@1.4.350.0 -- git+https://github.com/microsoft/vcpkg@dc3793083715c097448e904e34c8483f6f885369
2026-07-26T16:33:06.1654365Z     vulkan-loader:x64-windows@1.4.350.0 -- git+https://github.com/microsoft/vcpkg@8c5e48549412c251b157e18ff4d332176b71696d
2026-07-26T16:33:06.1655083Z   * zlib:x64-windows@1.3.2#1 -- git+https://github.com/microsoft/vcpkg@f49b05c666425471a7f6dc8b6156e9b3675a3c90
2026-07-26T16:33:06.1655661Z Additional packages (*) will be modified to complete this operation.
2026-07-26T16:33:06.2611561Z Restored 0 package(s) from D:\a\adriatic\adriatic\.cache\vcpkg in 150 us. Use --debug to see more details.
2026-07-26T16:33:06.2612672Z Installing 1/13 vcpkg-cmake-config:x64-windows@2024-05-23...
2026-07-26T16:33:06.2613792Z vcpkg-cmake-config:x64-windows@2024-05-23 package ABI: 62e49ccaa40b231d6403e47ec2bed12afb6995913523d05aa5f8ed55d874d2ea
2026-07-26T16:33:06.2614882Z Building vcpkg-cmake-config:x64-windows@2024-05-23...
2026-07-26T16:33:06.2616496Z C:\Users\runneradmin\AppData\Local\vcpkg\registries\git-trees\97a63e4bc1a17422ffe4eff71da53b4b561a7841: info: installing from git registry git+https://github.com/microsoft/vcpkg@97a63e4bc1a17422ffe4eff71da53b4b561a7841
2026-07-26T16:33:06.3070343Z -- Installing: C:/Program Files/Microsoft Visual Studio/18/Enterprise/VC/vcpkg/installed/vcpkg/pkgs/vcpkg-cmake-config_x64-windows/share/vcpkg-cmake-config/vcpkg_cmake_config_fixup.cmake
2026-07-26T16:33:06.3081777Z -- Installing: C:/Program Files/Microsoft Visual Studio/18/Enterprise/VC/vcpkg/installed/vcpkg/pkgs/vcpkg-cmake-config_x64-windows/share/vcpkg-cmake-config/vcpkg-port-config.cmake
2026-07-26T16:33:06.3093067Z -- Installing: C:/Program Files/Microsoft Visual Studio/18/Enterprise/VC/vcpkg/installed/vcpkg/pkgs/vcpkg-cmake-config_x64-windows/share/vcpkg-cmake-config/copyright
2026-07-26T16:33:06.3299344Z -- Skipping post-build validation due to VCPKG_POLICY_EMPTY_PACKAGE
2026-07-26T16:33:06.3725359Z Starting submission of vcpkg-cmake-config:x64-windows@2024-05-23 to 1 binary cache(s) in the background
2026-07-26T16:33:06.3726482Z Elapsed time to handle vcpkg-cmake-config:x64-windows: 111 ms
2026-07-26T16:33:06.3726955Z Installing 2/13 vcpkg-cmake:x64-windows@2024-04-23...
2026-07-26T16:33:06.3727636Z vcpkg-cmake:x64-windows@2024-04-23 package ABI: 4eb4104911352b35ca12f1b535da6a1de285f4163879d72da5fbf53359e7c9f0
2026-07-26T16:33:06.3728325Z Building vcpkg-cmake:x64-windows@2024-04-23...
2026-07-26T16:33:06.3729640Z C:\Users\runneradmin\AppData\Local\vcpkg\registries\git-trees\e74aa1e8f93278a8e71372f1fa08c3df420eb840: info: installing from git registry git+https://github.com/microsoft/vcpkg@e74aa1e8f93278a8e71372f1fa08c3df420eb840
2026-07-26T16:33:06.4174576Z -- Installing: C:/Program Files/Microsoft Visual Studio/18/Enterprise/VC/vcpkg/installed/vcpkg/pkgs/vcpkg-cmake_x64-windows/share/vcpkg-cmake/vcpkg_cmake_configure.cmake
2026-07-26T16:33:06.4187194Z -- Installing: C:/Program Files/Microsoft Visual Studio/18/Enterprise/VC/vcpkg/installed/vcpkg/pkgs/vcpkg-cmake_x64-windows/share/vcpkg-cmake/vcpkg_cmake_build.cmake
2026-07-26T16:33:06.4197998Z -- Installing: C:/Program Files/Microsoft Visual Studio/18/Enterprise/VC/vcpkg/installed/vcpkg/pkgs/vcpkg-cmake_x64-windows/share/vcpkg-cmake/vcpkg_cmake_install.cmake
2026-07-26T16:33:06.4318961Z -- Installing: C:/Program Files/Microsoft Visual Studio/18/Enterprise/VC/vcpkg/installed/vcpkg/pkgs/vcpkg-cmake_x64-windows/share/vcpkg-cmake/vcpkg-port-config.cmake
2026-07-26T16:33:06.4393232Z -- Installing: C:/Program Files/Microsoft Visual Studio/18/Enterprise/VC/vcpkg/installed/vcpkg/pkgs/vcpkg-cmake_x64-windows/share/vcpkg-cmake/copyright
2026-07-26T16:33:06.4471212Z -- Performing post-build validation
2026-07-26T16:33:06.5100473Z Starting submission of vcpkg-cmake:x64-windows@2024-04-23 to 1 binary cache(s) in the background
2026-07-26T16:33:06.5102685Z Elapsed time to handle vcpkg-cmake:x64-windows: 137 ms
2026-07-26T16:33:06.5103600Z Installing 3/13 zlib:x64-windows@1.3.2#1...
2026-07-26T16:33:06.5104468Z zlib:x64-windows@1.3.2#1 package ABI: 0b997fab775fb1770c947a9354cc8ed4d718b87f75af8a4b68013badd39eb6a1
2026-07-26T16:33:06.5105334Z Building zlib:x64-windows@1.3.2#1...
2026-07-26T16:33:06.5106797Z C:\Users\runneradmin\AppData\Local\vcpkg\registries\git-trees\f49b05c666425471a7f6dc8b6156e9b3675a3c90: info: installing from git registry git+https://github.com/microsoft/vcpkg@f49b05c666425471a7f6dc8b6156e9b3675a3c90
2026-07-26T16:33:06.5675915Z Downloading https://github.com/madler/zlib/archive/v1.3.2.tar.gz -> madler-zlib-v1.3.2.tar.gz
2026-07-26T16:33:06.8184034Z Successfully downloaded madler-zlib-v1.3.2.tar.gz
2026-07-26T16:33:06.8338234Z -- Extracting source C:/Users/runneradmin/AppData/Local/vcpkg/downloads/madler-zlib-v1.3.2.tar.gz
2026-07-26T16:33:07.3670249Z -- Applying patch 0001-no-version-script-on-ohos.patch
2026-07-26T16:33:07.3989978Z -- Using source at C:/Program Files/Microsoft Visual Studio/18/Enterprise/VC/vcpkg/installed/vcpkg/blds/zlib/src/v1.3.2-c19a0bfd23.clean
2026-07-26T16:33:07.4330726Z -- Configuring x64-windows
2026-07-26T16:33:14.9812571Z -- Building x64-windows-dbg
2026-07-26T16:33:16.3110985Z -- Building x64-windows-rel
2026-07-26T16:33:18.0202619Z -- Fixing pkgconfig file: C:/Program Files/Microsoft Visual Studio/18/Enterprise/VC/vcpkg/installed/vcpkg/pkgs/zlib_x64-windows/lib/pkgconfig/zlib.pc
2026-07-26T16:33:18.0461371Z Downloading msys2-mingw-w64-x86_64-pkgconf-1~2.5.1-1-any.pkg.tar.zst, trying https://mirror.msys2.org/mingw/mingw64/mingw-w64-x86_64-pkgconf-1~2.5.1-1-any.pkg.tar.zst
2026-07-26T16:33:18.6928457Z Successfully downloaded msys2-mingw-w64-x86_64-pkgconf-1~2.5.1-1-any.pkg.tar.zst
2026-07-26T16:33:18.7111091Z Downloading msys2-msys2-runtime-3.6.5-1-x86_64.pkg.tar.zst, trying https://mirror.msys2.org/msys/x86_64/msys2-runtime-3.6.5-1-x86_64.pkg.tar.zst
2026-07-26T16:33:19.2168218Z Successfully downloaded msys2-msys2-runtime-3.6.5-1-x86_64.pkg.tar.zst
2026-07-26T16:33:19.4607457Z -- Using msys root at C:/Users/runneradmin/AppData/Local/vcpkg/downloads/tools/msys2/3e71d1f8e22ab23f
2026-07-26T16:33:19.4720606Z -- Fixing pkgconfig file: C:/Program Files/Microsoft Visual Studio/18/Enterprise/VC/vcpkg/installed/vcpkg/pkgs/zlib_x64-windows/debug/lib/pkgconfig/zlib.pc
2026-07-26T16:33:19.4882901Z -- Installing: C:/Program Files/Microsoft Visual Studio/18/Enterprise/VC/vcpkg/installed/vcpkg/pkgs/zlib_x64-windows/share/zlib/vcpkg-cmake-wrapper.cmake
2026-07-26T16:33:19.4904273Z -- Installing: C:/Program Files/Microsoft Visual Studio/18/Enterprise/VC/vcpkg/installed/vcpkg/pkgs/zlib_x64-windows/share/zlib/copyright
2026-07-26T16:33:19.4998131Z -- Performing post-build validation
2026-07-26T16:33:19.5587590Z Starting submission of zlib:x64-windows@1.3.2#1 to 1 binary cache(s) in the background
2026-07-26T16:33:19.5588492Z Elapsed time to handle zlib:x64-windows: 13 s
2026-07-26T16:33:19.5589305Z Completed submission of vcpkg-cmake-config:x64-windows@2024-05-23 to 1 binary cache(s) in 398 ms
2026-07-26T16:33:19.5590054Z Completed submission of vcpkg-cmake:x64-windows@2024-04-23 to 1 binary cache(s) in 62.7 ms
2026-07-26T16:33:19.5590600Z Installing 4/13 libpng:x64-windows@1.6.58...
2026-07-26T16:33:19.5591208Z libpng:x64-windows@1.6.58 package ABI: a1b4ca60cb79d3f8057a8327c92baa0d008d7e3bcb12392a3462ce45f56cdd16
2026-07-26T16:33:19.5591806Z Building libpng:x64-windows@1.6.58...
2026-07-26T16:33:19.5593238Z C:\Users\runneradmin\AppData\Local\vcpkg\registries\git-trees\909d98e06046a0901fd11300b3d725d6a80d27bf: info: installing from git registry git+https://github.com/microsoft/vcpkg@909d98e06046a0901fd11300b3d725d6a80d27bf
2026-07-26T16:33:19.6388689Z Downloading https://github.com/pnggroup/libpng/archive/v1.6.58.tar.gz -> pnggroup-libpng-v1.6.58.tar.gz
2026-07-26T16:33:20.0563114Z Successfully downloaded pnggroup-libpng-v1.6.58.tar.gz
2026-07-26T16:33:20.0660084Z -- Extracting source C:/Users/runneradmin/AppData/Local/vcpkg/downloads/pnggroup-libpng-v1.6.58.tar.gz
2026-07-26T16:33:20.6437658Z -- Applying patch cmake.patch
2026-07-26T16:33:20.6763945Z -- Using source at C:/Program Files/Microsoft Visual Studio/18/Enterprise/VC/vcpkg/installed/vcpkg/blds/libpng/src/v1.6.58-b91136795d.clean
2026-07-26T16:33:20.7517779Z -- Configuring x64-windows
2026-07-26T16:33:22.7936972Z -- Building x64-windows-dbg
2026-07-26T16:33:28.6442767Z -- Building x64-windows-rel
2026-07-26T16:33:32.2399660Z -- Installing: C:/Program Files/Microsoft Visual Studio/18/Enterprise/VC/vcpkg/installed/vcpkg/pkgs/libpng_x64-windows/share/png/vcpkg-cmake-wrapper.cmake
2026-07-26T16:33:32.2434215Z -- Installing: C:/Program Files/Microsoft Visual Studio/18/Enterprise/VC/vcpkg/installed/vcpkg/pkgs/libpng_x64-windows/share/libpng/libpng-config.cmake
2026-07-26T16:33:32.2435575Z -- Fixing pkgconfig file: C:/Program Files/Microsoft Visual Studio/18/Enterprise/VC/vcpkg/installed/vcpkg/pkgs/libpng_x64-windows/lib/pkgconfig/libpng16.pc
2026-07-26T16:33:32.2546932Z -- Using cached msys2-mingw-w64-x86_64-pkgconf-1~2.5.1-1-any.pkg.tar.zst
2026-07-26T16:33:32.2630795Z -- Using cached msys2-msys2-runtime-3.6.5-1-x86_64.pkg.tar.zst
2026-07-26T16:33:32.2636042Z -- Using msys root at C:/Users/runneradmin/AppData/Local/vcpkg/downloads/tools/msys2/3e71d1f8e22ab23f
2026-07-26T16:33:32.2731151Z -- Fixing pkgconfig file: C:/Program Files/Microsoft Visual Studio/18/Enterprise/VC/vcpkg/installed/vcpkg/pkgs/libpng_x64-windows/debug/lib/pkgconfig/libpng16.pc
2026-07-26T16:33:32.2826246Z -- Installing: C:/Program Files/Microsoft Visual Studio/18/Enterprise/VC/vcpkg/installed/vcpkg/pkgs/libpng_x64-windows/debug/lib/pkgconfig/libpng.pc
2026-07-26T16:33:32.2841175Z -- Installing: C:/Program Files/Microsoft Visual Studio/18/Enterprise/VC/vcpkg/installed/vcpkg/pkgs/libpng_x64-windows/lib/pkgconfig/libpng.pc
2026-07-26T16:33:32.3399021Z -- Installing: C:/Program Files/Microsoft Visual Studio/18/Enterprise/VC/vcpkg/installed/vcpkg/pkgs/libpng_x64-windows/share/libpng/usage
2026-07-26T16:33:32.3411016Z -- Installing: C:/Program Files/Microsoft Visual Studio/18/Enterprise/VC/vcpkg/installed/vcpkg/pkgs/libpng_x64-windows/share/libpng/copyright
2026-07-26T16:33:32.3523052Z -- Performing post-build validation
2026-07-26T16:33:32.3990299Z Starting submission of libpng:x64-windows@1.6.58 to 1 binary cache(s) in the background
2026-07-26T16:33:32.3990860Z Elapsed time to handle libpng:x64-windows: 13 s
2026-07-26T16:33:32.3991321Z Completed submission of zlib:x64-windows@1.3.2#1 to 1 binary cache(s) in 173 ms
2026-07-26T16:33:32.3991838Z Installing 5/13 bzip2[core,tool]:x64-windows@1.0.8#6...
2026-07-26T16:33:32.3992465Z bzip2[core,tool]:x64-windows@1.0.8#6 package ABI: 8dc3e9a79ce910072e158cb7e3e9bfe6380badda3ce217da29447acd8d4417e6
2026-07-26T16:33:32.3993082Z Building bzip2[core,tool]:x64-windows@1.0.8#6...
2026-07-26T16:33:32.3994295Z C:\Users\runneradmin\AppData\Local\vcpkg\registries\git-trees\2d029da682847c5ebdc54e4dbea001331a02207e: info: installing from git registry git+https://github.com/microsoft/vcpkg@2d029da682847c5ebdc54e4dbea001331a02207e
2026-07-26T16:33:32.4690293Z Downloading bzip2-1.0.8.tar.gz, trying https://sourceware.org/pub/bzip2/bzip2-1.0.8.tar.gz
2026-07-26T16:34:08.8744521Z Successfully downloaded bzip2-1.0.8.tar.gz
2026-07-26T16:34:08.8806500Z -- Extracting source C:/Users/runneradmin/AppData/Local/vcpkg/downloads/bzip2-1.0.8.tar.gz
2026-07-26T16:34:09.0384790Z -- Applying patch fix-import-export-macros.patch
2026-07-26T16:34:09.0699171Z -- Using source at C:/Program Files/Microsoft Visual Studio/18/Enterprise/VC/vcpkg/installed/vcpkg/blds/bzip2/src/bzip2-1-336d4794a3.clean
2026-07-26T16:34:09.1056049Z -- Configuring x64-windows
2026-07-26T16:34:10.1171824Z -- Building x64-windows-dbg
2026-07-26T16:34:10.7004737Z -- Building x64-windows-rel
2026-07-26T16:34:15.8030146Z -- Fixing pkgconfig file: C:/Program Files/Microsoft Visual Studio/18/Enterprise/VC/vcpkg/installed/vcpkg/pkgs/bzip2_x64-windows/lib/pkgconfig/bzip2.pc
2026-07-26T16:34:15.8144125Z -- Using cached msys2-mingw-w64-x86_64-pkgconf-1~2.5.1-1-any.pkg.tar.zst
2026-07-26T16:34:15.8227898Z -- Using cached msys2-msys2-runtime-3.6.5-1-x86_64.pkg.tar.zst
2026-07-26T16:34:15.8234259Z -- Using msys root at C:/Users/runneradmin/AppData/Local/vcpkg/downloads/tools/msys2/3e71d1f8e22ab23f
2026-07-26T16:34:15.8325722Z -- Fixing pkgconfig file: C:/Program Files/Microsoft Visual Studio/18/Enterprise/VC/vcpkg/installed/vcpkg/pkgs/bzip2_x64-windows/debug/lib/pkgconfig/bzip2.pc
2026-07-26T16:34:15.8468516Z -- Installing: C:/Program Files/Microsoft Visual Studio/18/Enterprise/VC/vcpkg/installed/vcpkg/pkgs/bzip2_x64-windows/share/bzip2/copyright
2026-07-26T16:34:15.8548482Z -- Performing post-build validation
2026-07-26T16:34:15.9031088Z Starting submission of bzip2[core,tool]:x64-windows@1.0.8#6 to 1 binary cache(s) in the background
2026-07-26T16:34:15.9033329Z Elapsed time to handle bzip2:x64-windows: 44 s
2026-07-26T16:34:15.9034083Z Completed submission of libpng:x64-windows@1.6.58 to 1 binary cache(s) in 207 ms
2026-07-26T16:34:15.9034820Z Installing 6/13 brotli:x64-windows@1.2.0...
2026-07-26T16:34:15.9035801Z brotli:x64-windows@1.2.0 package ABI: efa7efce183c85aacd1bd62137680953c317350bded91aeccf548c58ea5a77f6
2026-07-26T16:34:15.9036774Z Building brotli:x64-windows@1.2.0...
2026-07-26T16:34:15.9038851Z C:\Users\runneradmin\AppData\Local\vcpkg\registries\git-trees\0fb79bb13588702a9e06057745b4aed95ce5c861: info: installing from git registry git+https://github.com/microsoft/vcpkg@0fb79bb13588702a9e06057745b4aed95ce5c861
2026-07-26T16:34:15.9874119Z Downloading https://github.com/google/brotli/archive/v1.2.0.tar.gz -> google-brotli-v1.2.0.tar.gz
2026-07-26T16:34:16.1373475Z Successfully downloaded google-brotli-v1.2.0.tar.gz
2026-07-26T16:34:16.1433120Z -- Extracting source C:/Users/runneradmin/AppData/Local/vcpkg/downloads/google-brotli-v1.2.0.tar.gz
2026-07-26T16:34:16.3747667Z -- Applying patch install.patch
2026-07-26T16:34:16.4045115Z -- Applying patch pkgconfig.patch
2026-07-26T16:34:16.4350860Z -- Using source at C:/Program Files/Microsoft Visual Studio/18/Enterprise/VC/vcpkg/installed/vcpkg/blds/brotli/src/v1.2.0-7af7ca71ad.clean
2026-07-26T16:34:16.4672796Z -- Configuring x64-windows
2026-07-26T16:34:18.0005863Z -- Building x64-windows-dbg
2026-07-26T16:34:20.4084593Z -- Building x64-windows-rel
2026-07-26T16:34:30.3416359Z -- Fixing pkgconfig file: C:/Program Files/Microsoft Visual Studio/18/Enterprise/VC/vcpkg/installed/vcpkg/pkgs/brotli_x64-windows/lib/pkgconfig/libbrotlicommon.pc
2026-07-26T16:34:30.3432350Z -- Fixing pkgconfig file: C:/Program Files/Microsoft Visual Studio/18/Enterprise/VC/vcpkg/installed/vcpkg/pkgs/brotli_x64-windows/lib/pkgconfig/libbrotlidec.pc
2026-07-26T16:34:30.3438309Z -- Fixing pkgconfig file: C:/Program Files/Microsoft Visual Studio/18/Enterprise/VC/vcpkg/installed/vcpkg/pkgs/brotli_x64-windows/lib/pkgconfig/libbrotlienc.pc
2026-07-26T16:34:30.3552530Z -- Using cached msys2-mingw-w64-x86_64-pkgconf-1~2.5.1-1-any.pkg.tar.zst
2026-07-26T16:34:30.3637009Z -- Using cached msys2-msys2-runtime-3.6.5-1-x86_64.pkg.tar.zst
2026-07-26T16:34:30.3644660Z -- Using msys root at C:/Users/runneradmin/AppData/Local/vcpkg/downloads/tools/msys2/3e71d1f8e22ab23f
2026-07-26T16:34:30.3929553Z -- Fixing pkgconfig file: C:/Program Files/Microsoft Visual Studio/18/Enterprise/VC/vcpkg/installed/vcpkg/pkgs/brotli_x64-windows/debug/lib/pkgconfig/libbrotlicommon.pc
2026-07-26T16:34:30.3939722Z -- Fixing pkgconfig file: C:/Program Files/Microsoft Visual Studio/18/Enterprise/VC/vcpkg/installed/vcpkg/pkgs/brotli_x64-windows/debug/lib/pkgconfig/libbrotlidec.pc
2026-07-26T16:34:30.3949497Z -- Fixing pkgconfig file: C:/Program Files/Microsoft Visual Studio/18/Enterprise/VC/vcpkg/installed/vcpkg/pkgs/brotli_x64-windows/debug/lib/pkgconfig/libbrotlienc.pc
2026-07-26T16:34:35.5728599Z -- Installing: C:/Program Files/Microsoft Visual Studio/18/Enterprise/VC/vcpkg/installed/vcpkg/pkgs/brotli_x64-windows/share/brotli/usage
2026-07-26T16:34:35.5748248Z -- Installing: C:/Program Files/Microsoft Visual Studio/18/Enterprise/VC/vcpkg/installed/vcpkg/pkgs/brotli_x64-windows/share/brotli/copyright
2026-07-26T16:34:35.5831874Z -- Performing post-build validation
2026-07-26T16:34:35.6490637Z Starting submission of brotli:x64-windows@1.2.0 to 1 binary cache(s) in the background
2026-07-26T16:34:35.6491629Z Elapsed time to handle brotli:x64-windows: 20 s
2026-07-26T16:34:35.6492960Z Completed submission of bzip2[core,tool]:x64-windows@1.0.8#6 to 1 binary cache(s) in 159 ms
2026-07-26T16:34:35.6494209Z Installing 7/13 freetype[brotli,bzip2,core,png,zlib]:x64-windows@2.14.3...
2026-07-26T16:34:35.6495917Z freetype[brotli,bzip2,core,png,zlib]:x64-windows@2.14.3 package ABI: 5eaea7fc6ca4d5936fb33e78bec4abd196fc4c0a73b41fbc3f885fea7edfb22e
2026-07-26T16:34:35.6498267Z Building freetype[brotli,bzip2,core,png,zlib]:x64-windows@2.14.3...
2026-07-26T16:34:35.6501440Z C:\Users\runneradmin\AppData\Local\vcpkg\registries\git-trees\37a2b08e48b987c9b2a45a075fed1bc382e8de03: info: installing from git registry git+https://github.com/microsoft/vcpkg@37a2b08e48b987c9b2a45a075fed1bc382e8de03
2026-07-26T16:34:35.7189957Z Downloading https://gitlab.freedesktop.org//freetype/freetype/-/archive/VER-2-14-3/freetype-VER-2-14-3.tar.gz -> freetype-freetype-VER-2-14-3.tar.gz
2026-07-26T16:34:37.3633783Z Successfully downloaded freetype-freetype-VER-2-14-3.tar.gz
2026-07-26T16:34:37.3772530Z -- Extracting source C:/Users/runneradmin/AppData/Local/vcpkg/downloads/freetype-freetype-VER-2-14-3.tar.gz
2026-07-26T16:34:42.5374426Z -- Applying patch 0003-Fix-UWP.patch
2026-07-26T16:34:42.5724099Z -- Applying patch brotli-static.patch
2026-07-26T16:34:42.6038095Z -- Applying patch bzip2.patch
2026-07-26T16:34:42.6351565Z -- Applying patch fix-exports.patch
2026-07-26T16:34:42.6683632Z -- Using source at C:/Program Files/Microsoft Visual Studio/18/Enterprise/VC/vcpkg/installed/vcpkg/blds/freetype/src/VER-2-14-3-46d5ca34ec.clean
2026-07-26T16:34:42.7126987Z -- Configuring x64-windows
2026-07-26T16:34:45.7682002Z -- Building x64-windows-dbg
2026-07-26T16:34:48.8957308Z -- Building x64-windows-rel
2026-07-26T16:34:58.0347245Z -- Fixing pkgconfig file: C:/Program Files/Microsoft Visual Studio/18/Enterprise/VC/vcpkg/installed/vcpkg/pkgs/freetype_x64-windows/lib/pkgconfig/freetype2.pc
2026-07-26T16:34:58.0458422Z -- Using cached msys2-mingw-w64-x86_64-pkgconf-1~2.5.1-1-any.pkg.tar.zst
2026-07-26T16:34:58.0542194Z -- Using cached msys2-msys2-runtime-3.6.5-1-x86_64.pkg.tar.zst
2026-07-26T16:34:58.0547330Z -- Using msys root at C:/Users/runneradmin/AppData/Local/vcpkg/downloads/tools/msys2/3e71d1f8e22ab23f
2026-07-26T16:34:58.0651789Z -- Fixing pkgconfig file: C:/Program Files/Microsoft Visual Studio/18/Enterprise/VC/vcpkg/installed/vcpkg/pkgs/freetype_x64-windows/debug/lib/pkgconfig/freetype2.pc
2026-07-26T16:34:58.0781652Z -- Installing: C:/Program Files/Microsoft Visual Studio/18/Enterprise/VC/vcpkg/installed/vcpkg/pkgs/freetype_x64-windows/share/freetype/usage
2026-07-26T16:34:58.0885557Z -- Performing post-build validation
2026-07-26T16:34:58.1783836Z Starting submission of freetype[brotli,bzip2,core,png,zlib]:x64-windows@2.14.3 to 1 binary cache(s) in the background
2026-07-26T16:34:58.1784719Z Elapsed time to handle freetype:x64-windows: 23 s
2026-07-26T16:34:58.1785370Z Completed submission of brotli:x64-windows@1.2.0 to 1 binary cache(s) in 430 ms
2026-07-26T16:34:58.1786125Z Installing 8/13 vcpkg-cmake-get-vars:x64-windows@2025-05-29...
2026-07-26T16:34:58.1786946Z vcpkg-cmake-get-vars:x64-windows@2025-05-29 package ABI: 44d2b618165090a87e08ea872e391fb2d8cadfd9c20866f8c9dc29e09f4a4160
2026-07-26T16:34:58.1787978Z Building vcpkg-cmake-get-vars:x64-windows@2025-05-29...
2026-07-26T16:34:58.1789343Z C:\Users\runneradmin\AppData\Local\vcpkg\registries\git-trees\d6510f888dd526c7828f6b973349e7f30be51254: info: installing from git registry git+https://github.com/microsoft/vcpkg@d6510f888dd526c7828f6b973349e7f30be51254
2026-07-26T16:34:58.2258399Z -- Installing: C:/Program Files/Microsoft Visual Studio/18/Enterprise/VC/vcpkg/installed/vcpkg/pkgs/vcpkg-cmake-get-vars_x64-windows/share/vcpkg-cmake-get-vars/vcpkg_cmake_get_vars.cmake
2026-07-26T16:34:58.2270034Z -- Installing: C:/Program Files/Microsoft Visual Studio/18/Enterprise/VC/vcpkg/installed/vcpkg/pkgs/vcpkg-cmake-get-vars_x64-windows/share/vcpkg-cmake-get-vars/cmake_get_vars
2026-07-26T16:34:58.2290963Z -- Installing: C:/Program Files/Microsoft Visual Studio/18/Enterprise/VC/vcpkg/installed/vcpkg/pkgs/vcpkg-cmake-get-vars_x64-windows/share/vcpkg-cmake-get-vars/cmake_get_vars/CMakeLists.txt
2026-07-26T16:34:58.2307615Z -- Installing: C:/Program Files/Microsoft Visual Studio/18/Enterprise/VC/vcpkg/installed/vcpkg/pkgs/vcpkg-cmake-get-vars_x64-windows/share/vcpkg-cmake-get-vars/cmake-get-vars.cmake.in
2026-07-26T16:34:58.2395173Z -- Installing: C:/Program Files/Microsoft Visual Studio/18/Enterprise/VC/vcpkg/installed/vcpkg/pkgs/vcpkg-cmake-get-vars_x64-windows/share/vcpkg-cmake-get-vars/vcpkg-port-config.cmake
2026-07-26T16:34:58.2456090Z -- Installing: C:/Program Files/Microsoft Visual Studio/18/Enterprise/VC/vcpkg/installed/vcpkg/pkgs/vcpkg-cmake-get-vars_x64-windows/share/vcpkg-cmake-get-vars/copyright
2026-07-26T16:34:58.2564243Z -- Performing post-build validation
2026-07-26T16:34:58.3364237Z Starting submission of vcpkg-cmake-get-vars:x64-windows@2025-05-29 to 1 binary cache(s) in the background
2026-07-26T16:34:58.3365512Z Elapsed time to handle vcpkg-cmake-get-vars:x64-windows: 158 ms
2026-07-26T16:34:58.3366271Z Installing 9/13 vcpkg-tool-meson:x64-windows@1.9.0#10...
2026-07-26T16:34:58.3367430Z vcpkg-tool-meson:x64-windows@1.9.0#10 package ABI: 760ec83b7568175cee3c231c5ec56c40e6c73dade78fc498f449ae8b1210f747
2026-07-26T16:34:58.3368504Z Building vcpkg-tool-meson:x64-windows@1.9.0#10...
2026-07-26T16:34:58.3370223Z C:\Users\runneradmin\AppData\Local\vcpkg\registries\git-trees\86a0d388e3e72719eadc392e359ee80f2f8d8a16: info: installing from git registry git+https://github.com/microsoft/vcpkg@86a0d388e3e72719eadc392e359ee80f2f8d8a16
2026-07-26T16:34:58.4232391Z -- Installing: C:/Program Files/Microsoft Visual Studio/18/Enterprise/VC/vcpkg/installed/vcpkg/pkgs/vcpkg-tool-meson_x64-windows/share/vcpkg-tool-meson/copyright
2026-07-26T16:34:58.4596086Z Downloading https://github.com/mesonbuild/meson/archive/1.9.0.tar.gz -> meson-1.9.0.tar.gz
2026-07-26T16:34:58.6683886Z Successfully downloaded meson-1.9.0.tar.gz
2026-07-26T16:34:58.9704250Z -- Applying patch C:/Program Files/Microsoft Visual Studio/18/Enterprise/VC/vcpkg/installed/vcpkg/pkgs/vcpkg-tool-meson_x64-windows/share/vcpkg-tool-meson/meson-intl.patch
2026-07-26T16:34:59.0030514Z -- Applying patch C:/Program Files/Microsoft Visual Studio/18/Enterprise/VC/vcpkg/installed/vcpkg/pkgs/vcpkg-tool-meson_x64-windows/share/vcpkg-tool-meson/adjust-python-dep.patch
2026-07-26T16:34:59.0339020Z -- Applying patch C:/Program Files/Microsoft Visual Studio/18/Enterprise/VC/vcpkg/installed/vcpkg/pkgs/vcpkg-tool-meson_x64-windows/share/vcpkg-tool-meson/adjust-args.patch
2026-07-26T16:34:59.0638061Z -- Applying patch C:/Program Files/Microsoft Visual Studio/18/Enterprise/VC/vcpkg/installed/vcpkg/pkgs/vcpkg-tool-meson_x64-windows/share/vcpkg-tool-meson/remove-pkgconfig-specialization.patch
2026-07-26T16:34:59.0942677Z -- Applying patch C:/Program Files/Microsoft Visual Studio/18/Enterprise/VC/vcpkg/installed/vcpkg/pkgs/vcpkg-tool-meson_x64-windows/share/vcpkg-tool-meson/meson-56879d5.diff
2026-07-26T16:34:59.1457049Z Downloading https://www.python.org/ftp/python/3.14.2/python-3.14.2-embed-amd64.zip -> python-3.14.2-embed-amd64.zip
2026-07-26T16:34:59.3326214Z Successfully downloaded python-3.14.2-embed-amd64.zip
2026-07-26T16:34:59.7094380Z -- Found Python version '3.14.2 at C:/Users/runneradmin/AppData/Local/vcpkg/downloads/tools/python/python-3.14.2-x64-1/python.exe'
2026-07-26T16:34:59.7095878Z -- Using meson: C:/Users/runneradmin/AppData/Local/vcpkg/downloads/tools/meson-1.9.0-633807/meson.py
2026-07-26T16:34:59.7166823Z -- Performing post-build validation
2026-07-26T16:34:59.7721982Z Starting submission of vcpkg-tool-meson:x64-windows@1.9.0#10 to 1 binary cache(s) in the background
2026-07-26T16:34:59.7722746Z Elapsed time to handle vcpkg-tool-meson:x64-windows: 1.4 s
2026-07-26T16:34:59.7723720Z Completed submission of freetype[brotli,bzip2,core,png,zlib]:x64-windows@2.14.3 to 1 binary cache(s) in 450 ms
2026-07-26T16:34:59.7724635Z Completed submission of vcpkg-cmake-get-vars:x64-windows@2025-05-29 to 1 binary cache(s) in 64.8 ms
2026-07-26T16:34:59.7725290Z Installing 10/13 harfbuzz[core,freetype]:x64-windows@14.2.1#1...
2026-07-26T16:34:59.7726039Z harfbuzz[core,freetype]:x64-windows@14.2.1#1 package ABI: e452a497e5c861e7b32352a12874136b366d98842982c86a7ae8ecf1cd4cbfa7
2026-07-26T16:34:59.7726765Z Building harfbuzz[core,freetype]:x64-windows@14.2.1#1...
2026-07-26T16:34:59.7728447Z C:\Users\runneradmin\AppData\Local\vcpkg\registries\git-trees\772427b3577e234222ef95d5c0c3d091ffdc784d: info: installing from git registry git+https://github.com/microsoft/vcpkg@772427b3577e234222ef95d5c0c3d091ffdc784d
2026-07-26T16:34:59.8305330Z -- Found Python version '3.14.2 at C:/Users/runneradmin/AppData/Local/vcpkg/downloads/tools/python/python-3.14.2-x64-1/python.exe'
2026-07-26T16:34:59.8306845Z -- Using meson: C:/Users/runneradmin/AppData/Local/vcpkg/downloads/tools/meson-1.9.0-633807/meson.py
2026-07-26T16:34:59.8477194Z Downloading https://github.com/harfbuzz/harfbuzz/archive/14.2.1.tar.gz -> harfbuzz-harfbuzz-14.2.1.tar.gz
2026-07-26T16:35:03.4174468Z Successfully downloaded harfbuzz-harfbuzz-14.2.1.tar.gz
2026-07-26T16:35:03.5671905Z -- Extracting source C:/Users/runneradmin/AppData/Local/vcpkg/downloads/harfbuzz-harfbuzz-14.2.1.tar.gz
2026-07-26T16:35:07.5575256Z -- Using source at C:/Program Files/Microsoft Visual Studio/18/Enterprise/VC/vcpkg/installed/vcpkg/blds/harfbuzz/src/14.2.1-f76ca539fc.clean
2026-07-26T16:35:07.5954465Z -- Using cached msys2-mingw-w64-x86_64-pkgconf-1~2.5.1-1-any.pkg.tar.zst
2026-07-26T16:35:07.6036993Z -- Using cached msys2-msys2-runtime-3.6.5-1-x86_64.pkg.tar.zst
2026-07-26T16:35:07.6042584Z -- Using msys root at C:/Users/runneradmin/AppData/Local/vcpkg/downloads/tools/msys2/3e71d1f8e22ab23f
2026-07-26T16:35:07.6052331Z -- Configuring x64-windows-dbg
2026-07-26T16:35:07.6134139Z -- Getting CMake variables for x64-windows
2026-07-26T16:35:09.4774149Z -- Loading CMake variables from C:/Program Files/Microsoft Visual Studio/18/Enterprise/VC/vcpkg/installed/vcpkg/blds/harfbuzz/cmake-get-vars_C_CXX-x64-windows.cmake.log
2026-07-26T16:35:20.6274810Z -- Configuring x64-windows-dbg done
2026-07-26T16:35:20.6275375Z -- Configuring x64-windows-rel
2026-07-26T16:35:26.1031735Z -- Configuring x64-windows-rel done
2026-07-26T16:35:26.1032430Z -- Package x64-windows-dbg
2026-07-26T16:36:33.2987877Z CMake Error at scripts/cmake/vcpkg_execute_required_process.cmake:127 (message):
2026-07-26T16:36:33.2989002Z     Command failed: "C:\\Program Files\\Microsoft Visual Studio\\18\\Enterprise\\Common7\\IDE\\CommonExtensions\\Microsoft\\CMake\\Ninja\\ninja.exe" install -v
2026-07-26T16:36:33.2990013Z     Working Directory: C:/Program Files/Microsoft Visual Studio/18/Enterprise/VC/vcpkg/installed/vcpkg/blds/harfbuzz/x64-windows-dbg
2026-07-26T16:36:33.2990576Z     Error code: 1181
2026-07-26T16:36:33.2990783Z     See logs for more information:
2026-07-26T16:36:33.2991337Z       C:\Program Files\Microsoft Visual Studio\18\Enterprise\VC\vcpkg\installed\vcpkg\blds\harfbuzz\package-x64-windows-dbg-out.log
2026-07-26T16:36:33.2992028Z 
2026-07-26T16:36:33.2992123Z Call Stack (most recent call first):
2026-07-26T16:36:33.2992921Z   installed/x64-windows/share/vcpkg-tool-meson/vcpkg_install_meson.cmake:33 (vcpkg_execute_required_process)
2026-07-26T16:36:33.2994031Z   C:/Users/runneradmin/AppData/Local/vcpkg/registries/git-trees/772427b3577e234222ef95d5c0c3d091ffdc784d/portfile.cmake:135 (vcpkg_install_meson)
2026-07-26T16:36:33.2994666Z   scripts/ports.cmake:206 (include)
2026-07-26T16:36:33.2994837Z 
2026-07-26T16:36:33.2994850Z 
2026-07-26T16:36:33.3072588Z error: building harfbuzz:x64-windows failed with: BUILD_FAILED
2026-07-26T16:36:33.3074004Z See https://learn.microsoft.com/vcpkg/troubleshoot/build-failures?WT.mc_id=vcpkg_inproduct_cli for more information.
2026-07-26T16:36:33.3074618Z Elapsed time to handle harfbuzz:x64-windows: 1.6 min
2026-07-26T16:36:33.3083966Z Please ensure you're using the latest port files with `git pull` and `vcpkg update`.
2026-07-26T16:36:33.3084403Z Then check for known issues at:
2026-07-26T16:36:33.3085097Z   https://github.com/microsoft/vcpkg/issues?q=is%3Aissue+is%3Aopen+in%3Atitle+harfbuzz
2026-07-26T16:36:33.3085767Z You can submit a new issue at:
2026-07-26T16:36:33.3086587Z   https://github.com/microsoft/vcpkg/issues/new?title=%5Bharfbuzz%5D%20build%20error%20on%20x64-windows&body=Copy%20issue%20body%20from%20collapsed%20section%20%22issue_body.md%22%20in%20the%20ci%20log%20output
2026-07-26T16:36:33.3088066Z ##[group]issue_body.md
2026-07-26T16:36:33.3088364Z Package: harfbuzz[core,freetype]:x64-windows@14.2.1#1
2026-07-26T16:36:33.3088614Z 
2026-07-26T16:36:33.3088691Z **Host Environment**
2026-07-26T16:36:33.3088832Z 
2026-07-26T16:36:33.3088911Z - Host: x64-windows
2026-07-26T16:36:33.3089125Z - Compiler: MSVC 19.51.36248.0
2026-07-26T16:36:33.3089366Z - CMake Version: 4.4.0
2026-07-26T16:36:33.3089683Z -    vcpkg-tool version: 2026-04-08-e0612b42ce44e55a0e630f2ee9d3c533a63d8bc1
2026-07-26T16:36:33.3090326Z     vcpkg-readonly: true
2026-07-26T16:36:33.3090890Z     vcpkg-scripts version: cb2981c4e03d421fa03b9bb5044cd1986180e7e4
2026-07-26T16:36:33.3091309Z 
2026-07-26T16:36:33.3091391Z **To Reproduce**
2026-07-26T16:36:33.3091515Z 
2026-07-26T16:36:33.3091586Z `vcpkg install `
2026-07-26T16:36:33.3091696Z 
2026-07-26T16:36:33.3091771Z **Failure logs**
2026-07-26T16:36:33.3091871Z 
2026-07-26T16:36:33.3091939Z ```
2026-07-26T16:36:33.3092586Z -- Found Python version '3.14.2 at C:/Users/runneradmin/AppData/Local/vcpkg/downloads/tools/python/python-3.14.2-x64-1/python.exe'
2026-07-26T16:36:33.3093792Z -- Using meson: C:/Users/runneradmin/AppData/Local/vcpkg/downloads/tools/meson-1.9.0-633807/meson.py
2026-07-26T16:36:33.3095098Z Downloading https://github.com/harfbuzz/harfbuzz/archive/14.2.1.tar.gz -> harfbuzz-harfbuzz-14.2.1.tar.gz
2026-07-26T16:36:33.3096149Z Successfully downloaded harfbuzz-harfbuzz-14.2.1.tar.gz
2026-07-26T16:36:33.3097117Z -- Extracting source C:/Users/runneradmin/AppData/Local/vcpkg/downloads/harfbuzz-harfbuzz-14.2.1.tar.gz
2026-07-26T16:36:33.3098689Z -- Using source at C:/Program Files/Microsoft Visual Studio/18/Enterprise/VC/vcpkg/installed/vcpkg/blds/harfbuzz/src/14.2.1-f76ca539fc.clean
2026-07-26T16:36:33.3099998Z -- Using cached msys2-mingw-w64-x86_64-pkgconf-1~2.5.1-1-any.pkg.tar.zst
2026-07-26T16:36:33.3100769Z -- Using cached msys2-msys2-runtime-3.6.5-1-x86_64.pkg.tar.zst
2026-07-26T16:36:33.3101734Z -- Using msys root at C:/Users/runneradmin/AppData/Local/vcpkg/downloads/tools/msys2/3e71d1f8e22ab23f
2026-07-26T16:36:33.3102527Z -- Configuring x64-windows-dbg
2026-07-26T16:36:33.3102980Z -- Getting CMake variables for x64-windows
2026-07-26T16:36:33.3103693Z -- Loading CMake variables from C:/Program Files/Microsoft Visual Studio/18/Enterprise/VC/vcpkg/installed/vcpkg/blds/harfbuzz/cmake-get-vars_C_CXX-x64-windows.cmake.log
2026-07-26T16:36:33.3104404Z -- Configuring x64-windows-dbg done
2026-07-26T16:36:33.3104650Z -- Configuring x64-windows-rel
2026-07-26T16:36:33.3104886Z -- Configuring x64-windows-rel done
2026-07-26T16:36:33.3105133Z -- Package x64-windows-dbg
2026-07-26T16:36:33.3105479Z CMake Error at scripts/cmake/vcpkg_execute_required_process.cmake:127 (message):
2026-07-26T16:36:33.3106483Z     Command failed: "C:\\Program Files\\Microsoft Visual Studio\\18\\Enterprise\\Common7\\IDE\\CommonExtensions\\Microsoft\\CMake\\Ninja\\ninja.exe" install -v
2026-07-26T16:36:33.3107432Z     Working Directory: C:/Program Files/Microsoft Visual Studio/18/Enterprise/VC/vcpkg/installed/vcpkg/blds/harfbuzz/x64-windows-dbg
2026-07-26T16:36:33.3108004Z     Error code: 1181
2026-07-26T16:36:33.3108335Z     See logs for more information:
2026-07-26T16:36:33.3108901Z       C:\Program Files\Microsoft Visual Studio\18\Enterprise\VC\vcpkg\installed\vcpkg\blds\harfbuzz\package-x64-windows-dbg-out.log
2026-07-26T16:36:33.3109376Z 
2026-07-26T16:36:33.3109471Z Call Stack (most recent call first):
2026-07-26T16:36:33.3109957Z   installed/x64-windows/share/vcpkg-tool-meson/vcpkg_install_meson.cmake:33 (vcpkg_execute_required_process)
2026-07-26T16:36:33.3111392Z   C:/Users/runneradmin/AppData/Local/vcpkg/registries/git-trees/772427b3577e234222ef95d5c0c3d091ffdc784d/portfile.cmake:135 (vcpkg_install_meson)
2026-07-26T16:36:33.3112316Z   scripts/ports.cmake:206 (include)
2026-07-26T16:36:33.3112497Z 
2026-07-26T16:36:33.3112501Z 
2026-07-26T16:36:33.3112504Z 
2026-07-26T16:36:33.3112577Z ```
2026-07-26T16:36:33.3112664Z 
2026-07-26T16:36:33.3113181Z <details><summary>C:\Program Files\Microsoft Visual Studio\18\Enterprise\VC\vcpkg\installed\vcpkg\blds\harfbuzz\package-x64-windows-dbg-out.log</summary>
2026-07-26T16:36:33.3113753Z 
2026-07-26T16:36:33.3113814Z ```
2026-07-26T16:36:33.3117151Z [1/129] "C:/Program Files/Microsoft Visual Studio/18/Enterprise/VC/Tools/MSVC/14.51.36231/bin/Hostx64/x64/cl.exe" "-DWIN32" "-D_WINDOWS" "-utf-8" "-GR" "-EHsc" "-MP" "-MDd" "-Z7" "-Ob0" "-Od" "-RTC1" "-Isrc\harfbuzz.dll.p" "-Isrc" "-I..\src\14.2.1-f76ca539fc.clean\src" "-I." "-I..\src\14.2.1-f76ca539fc.clean" "-IC:/Program\\" "-IC:/Program Files/Microsoft Visual Studio/18/Enterprise/VC/vcpkg/installed/x64-windows/include" "/MDd" "/nologo" "/showIncludes" "/utf-8" "/Zc:__cplusplus" "/W2" "/EHs-c-" "/std:c++14" "/permissive-" "/Zi" "/wd4244" "/bigobj" "/utf-8" "-DHAVE_CONFIG_H" "-nologo" "-DWIN32" "-D_WINDOWS" "-utf-8" "-GR" "-EHsc" "-MP" "-MDd" "-Z7" "-Ob0" "-Od" "-RTC1" "Files/Microsoft\\" "Visual\\" "Studio/18/Enterprise/VC/vcpkg/installed/x64-windows/debug/../include" "Files/Microsoft\\" "Visual\\" "Studio/18/Enterprise/VC/vcpkg/installed/x64-windows/debug/../include/libpng16" "-DHB_DLL_EXPORT" "/Fdsrc\harfbuzz.dll.p\hb-buffer-verify.cc.pdb" /Fosrc/harfbuzz.dll.p/hb-buffer-verify.cc.obj "/c" ../src/14.2.1-f76ca539fc.clean/src/hb-buffer-verify.cc
2026-07-26T16:36:33.3120806Z cl : Command line warning D9025 : overriding '/EHs' with '/EHs-'
2026-07-26T16:36:33.3121197Z cl : Command line warning D9025 : overriding '/EHc' with '/EHc-'
2026-07-26T16:36:33.3121579Z cl : Command line warning D9025 : overriding '/Z7' with '/Zi'
2026-07-26T16:36:33.3121953Z cl : Command line warning D9025 : overriding '/EHs-' with '/EHs'
2026-07-26T16:36:33.3122387Z cl : Command line warning D9025 : overriding '/EHc-' with '/EHc'
2026-07-26T16:36:33.3122762Z cl : Command line warning D9025 : overriding '/Zi' with '/Z7'
2026-07-26T16:36:33.3123275Z cl : Command line warning D9024 : unrecognized source file type 'Files/Microsoft\', object file assumed
2026-07-26T16:36:33.3123822Z cl : Command line warning D9027 : source file 'Files/Microsoft\' ignored
2026-07-26T16:36:33.3124328Z cl : Command line warning D9024 : unrecognized source file type 'Visual\', object file assumed
2026-07-26T16:36:33.3124808Z cl : Command line warning D9027 : source file 'Visual\' ignored
2026-07-26T16:36:33.3125530Z cl : Command line warning D9024 : unrecognized source file type 'Studio/18/Enterprise/VC/vcpkg/installed/x64-windows/debug/../include', object file assumed
2026-07-26T16:36:33.3126440Z cl : Command line warning D9027 : source file 'Studio/18/Enterprise/VC/vcpkg/installed/x64-windows/debug/../include' ignored
2026-07-26T16:36:33.3127157Z cl : Command line warning D9024 : unrecognized source file type 'Files/Microsoft\', object file assumed
2026-07-26T16:36:33.3127854Z cl : Command line warning D9027 : source file 'Files/Microsoft\' ignored
2026-07-26T16:36:33.3128354Z cl : Command line warning D9024 : unrecognized source file type 'Visual\', object file assumed
2026-07-26T16:36:33.3128838Z cl : Command line warning D9027 : source file 'Visual\' ignored
2026-07-26T16:36:33.3129678Z cl : Command line warning D9024 : unrecognized source file type 'Studio/18/Enterprise/VC/vcpkg/installed/x64-windows/debug/../include/libpng16', object file assumed
2026-07-26T16:36:33.3131020Z cl : Command line warning D9027 : source file 'Studio/18/Enterprise/VC/vcpkg/installed/x64-windows/debug/../include/libpng16' ignored
2026-07-26T16:36:33.3131815Z cl : Command line warning D9030 : '/showIncludes' is incompatible with multiprocessing; ignoring /MP switch
2026-07-26T16:36:33.3135354Z [2/129] "C:/Program Files/Microsoft Visual Studio/18/Enterprise/VC/Tools/MSVC/14.51.36231/bin/Hostx64/x64/cl.exe" "-DWIN32" "-D_WINDOWS" "-utf-8" "-GR" "-EHsc" "-MP" "-MDd" "-Z7" "-Ob0" "-Od" "-RTC1" "-Isrc\harfbuzz.dll.p" "-Isrc" "-I..\src\14.2.1-f76ca539fc.clean\src" "-I." "-I..\src\14.2.1-f76ca539fc.clean" "-IC:/Program\\" "-IC:/Program Files/Microsoft Visual Studio/18/Enterprise/VC/vcpkg/installed/x64-windows/include" "/MDd" "/nologo" "/showIncludes" "/utf-8" "/Zc:__cplusplus" "/W2" "/EHs-c-" "/std:c++14" "/permissive-" "/Zi" "/wd4244" "/bigobj" "/utf-8" "-DHAVE_CONFIG_H" "-nologo" "-DWIN32" "-D_WINDOWS" "-utf-8" "-GR" "-EHsc" "-MP" "-MDd" "-Z7" "-Ob0" "-Od" "-RTC1" "Files/Microsoft\\" "Visual\\" "Studio/18/Enterprise/VC/vcpkg/installed/x64-windows/debug/../include" "Files/Microsoft\\" "Visual\\" "Studio/18/Enterprise/VC/vcpkg/installed/x64-windows/debug/../include/libpng16" "-DHB_DLL_EXPORT" "/Fdsrc\harfbuzz.dll.p\hb-blob.cc.pdb" /Fosrc/harfbuzz.dll.p/hb-blob.cc.obj "/c" ../src/14.2.1-f76ca539fc.clean/src/hb-blob.cc
2026-07-26T16:36:33.3138871Z cl : Command line warning D9025 : overriding '/EHs' with '/EHs-'
2026-07-26T16:36:33.3139297Z cl : Command line warning D9025 : overriding '/EHc' with '/EHc-'
2026-07-26T16:36:33.3139793Z cl : Command line warning D9025 : overriding '/Z7' with '/Zi'
2026-07-26T16:36:33.3140229Z cl : Command line warning D9025 : overriding '/EHs-' with '/EHs'
2026-07-26T16:36:33.3140709Z cl : Command line warning D9025 : overriding '/EHc-' with '/EHc'
2026-07-26T16:36:33.3141140Z cl : Command line warning D9025 : overriding '/Zi' with '/Z7'
2026-07-26T16:36:33.3141697Z cl : Command line warning D9024 : unrecognized source file type 'Files/Microsoft\', object file assumed
2026-07-26T16:36:33.3142328Z cl : Command line warning D9027 : source file 'Files/Microsoft\' ignored
2026-07-26T16:36:33.3142898Z cl : Command line warning D9024 : unrecognized source file type 'Visual\', object file assumed
2026-07-26T16:36:33.3143484Z cl : Command line warning D9027 : source file 'Visual\' ignored
2026-07-26T16:36:33.3144243Z cl : Command line warning D9024 : unrecognized source file type 'Studio/18/Enterprise/VC/vcpkg/installed/x64-windows/debug/../include', object file assumed
2026-07-26T16:36:33.3170659Z cl : Command line warning D9027 : source file 'Studio/18/Enterprise/VC/vcpkg/installed/x64-windows/debug/../include' ignored
2026-07-26T16:36:33.3171961Z cl : Command line warning D9024 : unrecognized source file type 'Files/Microsoft\', object file assumed
2026-07-26T16:36:33.3172862Z cl : Command line warning D9027 : source file 'Files/Microsoft\' ignored
2026-07-26T16:36:33.3173679Z cl : Command line warning D9024 : unrecognized source file type 'Visual\', object file assumed
2026-07-26T16:36:33.3174478Z cl : Command line warning D9027 : source file 'Visual\' ignored
2026-07-26T16:36:33.3175781Z cl : Command line warning D9024 : unrecognized source file type 'Studio/18/Enterprise/VC/vcpkg/installed/x64-windows/debug/../include/libpng16', object file assumed
2026-07-26T16:36:33.3177546Z cl : Command line warning D9027 : source file 'Studio/18/Enterprise/VC/vcpkg/installed/x64-windows/debug/../include/libpng16' ignored
2026-07-26T16:36:33.3179286Z cl : Command line warning D9030 : '/showIncludes' is incompatible with multiprocessing; ignoring /MP switch
2026-07-26T16:36:33.3184133Z [3/129] "C:/Program Files/Microsoft Visual Studio/18/Enterprise/VC/Tools/MSVC/14.51.36231/bin/Hostx64/x64/cl.exe" "-DWIN32" "-D_WINDOWS" "-utf-8" "-GR" "-EHsc" "-MP" "-MDd" "-Z7" "-Ob0" "-Od" "-RTC1" "-Isrc\harfbuzz.dll.p" "-Isrc" "-I..\src\14.2.1-f76ca539fc.clean\src" "-I." "-I..\src\14.2.1-f76ca539fc.clean" "-IC:/Program\\" "-IC:/Program Files/Microsoft Visual Studio/18/Enterprise/VC/vcpkg/installed/x64-windows/include" "/MDd" "/nologo" "/showIncludes" "/utf-8" "/Zc:__cplusplus" "/W2" "/EHs-c-" "/std:c++14" "/permissive-" "/Zi" "/wd4244" "/bigobj" "/utf-8" "-DHAVE_CONFIG_H" "-nologo" "-DWIN32" "-D_WINDOWS" "-utf-8" "-GR" "-EHsc" "-MP" "-MDd" "-Z7" "-Ob0" "-Od" "-RTC1" "Files/Microsoft\\" "Visual\\" "Studio/18/Enterprise/VC/vcpkg/installed/x64-windows/debug/../include" "Files/Microsoft\\" "Visual\\" "Studio/18/Enterprise/VC/vcpkg/installed/x64-windows/debug/../include/libpng16" "-DHB_DLL_EXPORT" "/Fdsrc\harfbuzz.dll.p\hb-buffer-serialize.cc.pdb" /Fosrc/harfbuzz.dll.p/hb-buffer-serialize.cc.obj "/c" ../src/14.2.1-f76ca539fc.clean/src/hb-buffer-serialize.cc
2026-07-26T16:36:33.3187886Z cl : Command line warning D9025 : overriding '/EHs' with '/EHs-'
2026-07-26T16:36:33.3188275Z cl : Command line warning D9025 : overriding '/EHc' with '/EHc-'
2026-07-26T16:36:33.3188650Z cl : Command line warning D9025 : overriding '/Z7' with '/Zi'
2026-07-26T16:36:33.3189084Z cl : Command line warning D9025 : overriding '/EHs-' with '/EHs'
2026-07-26T16:36:33.3189474Z cl : Command line warning D9025 : overriding '/EHc-' with '/EHc'
2026-07-26T16:36:33.3189846Z cl : Command line warning D9025 : overriding '/Zi' with '/Z7'
2026-07-26T16:36:33.3190609Z cl : Command line warning D9024 : unrecognized source file type 'Files/Microsoft\', object file assumed
2026-07-26T16:36:33.3191160Z cl : Command line warning D9027 : source file 'Files/Microsoft\' ignored
2026-07-26T16:36:33.3191670Z cl : Command line warning D9024 : unrecognized source file type 'Visual\', object file assumed
2026-07-26T16:36:33.3192353Z cl : Command line warning D9027 : source file 'Visual\' ignored
2026-07-26T16:36:33.3193055Z cl : Command line warning D9024 : unrecognized source file type 'Studio/18/Enterprise/VC/vcpkg/installed/x64-windows/debug/../include', object file assumed
2026-07-26T16:36:33.3193949Z cl : Command line warning D9027 : source file 'Studio/18/Enterprise/VC/vcpkg/installed/x64-windows/debug/../include' ignored
2026-07-26T16:36:33.3194661Z cl : Command line warning D9024 : unrecognized source file type 'Files/Microsoft\', object file assumed
2026-07-26T16:36:33.3195193Z cl : Command line warning D9027 : source file 'Files/Microsoft\' ignored
2026-07-26T16:36:33.3195999Z cl : Command line warning D9024 : unrecognized source file type 'Visual\', object file assumed
2026-07-26T16:36:33.3196673Z cl : Command line warning D9027 : source file 'Visual\' ignored
2026-07-26T16:36:33.3197418Z cl : Command line warning D9024 : unrecognized source file type 'Studio/18/Enterprise/VC/vcpkg/installed/x64-windows/debug/../include/libpng16', object file assumed
2026-07-26T16:36:33.3198378Z cl : Command line warning D9027 : source file 'Studio/18/Enterprise/VC/vcpkg/installed/x64-windows/debug/../include/libpng16' ignored
2026-07-26T16:36:33.3199135Z cl : Command line warning D9030 : '/showIncludes' is incompatible with multiprocessing; ignoring /MP switch
2026-07-26T16:36:33.3202809Z [4/129] "C:/Program Files/Microsoft Visual Studio/18/Enterprise/VC/Tools/MSVC/14.51.36231/bin/Hostx64/x64/cl.exe" "-DWIN32" "-D_WINDOWS" "-utf-8" "-GR" "-EHsc" "-MP" "-MDd" "-Z7" "-Ob0" "-Od" "-RTC1" "-Isrc\harfbuzz.dll.p" "-Isrc" "-I..\src\14.2.1-f76ca539fc.clean\src" "-I." "-I..\src\14.2.1-f76ca539fc.clean" "-IC:/Program\\" "-IC:/Program Files/Microsoft Visual Studio/18/Enterprise/VC/vcpkg/installed/x64-windows/include" "/MDd" "/nologo" "/showIncludes" "/utf-8" "/Zc:__cplusplus" "/W2" "/EHs-c-" "/std:c++14" "/permissive-" "/Zi" "/wd4244" "/bigobj" "/utf-8" "-DHAVE_CONFIG_H" "-nologo" "-DWIN32" "-D_WINDOWS" "-utf-8" "-GR" "-EHsc" "-MP" "-MDd" "-Z7" "-Ob0" "-Od" "-RTC1" "Files/Microsoft\\" "Visual\\" "Studio/18/Enterprise/VC/vcpkg/installed/x64-windows/debug/../include" "Files/Microsoft\\" "Visual\\" "Studio/18/Enterprise/VC/vcpkg/installed/x64-windows/debug/../include/libpng16" "-DHB_DLL_EXPORT" "/Fdsrc\harfbuzz.dll.p\hb-buffer.cc.pdb" /Fosrc/harfbuzz.dll.p/hb-buffer.cc.obj "/c" ../src/14.2.1-f76ca539fc.clean/src/hb-buffer.cc
2026-07-26T16:36:33.3206441Z cl : Command line warning D9025 : overriding '/EHs' with '/EHs-'
2026-07-26T16:36:33.3206815Z cl : Command line warning D9025 : overriding '/EHc' with '/EHc-'
2026-07-26T16:36:33.3207180Z cl : Command line warning D9025 : overriding '/Z7' with '/Zi'
2026-07-26T16:36:33.3207724Z cl : Command line warning D9025 : overriding '/EHs-' with '/EHs'
2026-07-26T16:36:33.3208194Z cl : Command line warning D9025 : overriding '/EHc-' with '/EHc'
2026-07-26T16:36:33.3208554Z cl : Command line warning D9025 : overriding '/Zi' with '/Z7'
2026-07-26T16:36:33.3209061Z cl : Command line warning D9024 : unrecognized source file type 'Files/Microsoft\', object file assumed
2026-07-26T16:36:33.3209594Z cl : Command line warning D9027 : source file 'Files/Microsoft\' ignored
2026-07-26T16:36:33.3210119Z cl : Command line warning D9024 : unrecognized source file type 'Visual\', object file assumed
2026-07-26T16:36:33.3210641Z cl : Command line warning D9027 : source file 'Visual\' ignored
2026-07-26T16:36:33.3211818Z cl : Command line warning D9024 : unrecognized source file type 'Studio/18/Enterprise/VC/vcpkg/installed/x64-windows/debug/../include', object file assumed
2026-07-26T16:36:33.3213476Z cl : Command line warning D9027 : source file 'Studio/18/Enterprise/VC/vcpkg/installed/x64-windows/debug/../include' ignored
2026-07-26T16:36:33.3214801Z cl : Command line warning D9024 : unrecognized source file type 'Files/Microsoft\', object file assumed
2026-07-26T16:36:33.3216148Z cl : Command line warning D9027 : source file 'Files/Microsoft\' ignored
2026-07-26T16:36:33.3217102Z cl : Command line warning D9024 : unrecognized source file type 'Visual\', object file assumed
2026-07-26T16:36:33.3217995Z cl : Command line warning D9027 : source file 'Visual\' ignored
2026-07-26T16:36:33.3219360Z cl : Command line warning D9024 : unrecognized source file type 'Studio/18/Enterprise/VC/vcpkg/installed/x64-windows/debug/../include/libpng16', object file assumed
2026-07-26T16:36:33.3221129Z cl : Command line warning D9027 : source file 'Studio/18/Enterprise/VC/vcpkg/installed/x64-windows/debug/../include/libpng16' ignored
2026-07-26T16:36:33.3222501Z cl : Command line warning D9030 : '/showIncludes' is incompatible with multiprocessing; ignoring /MP switch
2026-07-26T16:36:33.3228856Z [5/129] "C:/Program Files/Microsoft Visual Studio/18/Enterprise/VC/Tools/MSVC/14.51.36231/bin/Hostx64/x64/cl.exe" "-DWIN32" "-D_WINDOWS" "-utf-8" "-GR" "-EHsc" "-MP" "-MDd" "-Z7" "-Ob0" "-Od" "-RTC1" "-Isrc\harfbuzz.dll.p" "-Isrc" "-I..\src\14.2.1-f76ca539fc.clean\src" "-I." "-I..\src\14.2.1-f76ca539fc.clean" "-IC:/Program\\" "-IC:/Program Files/Microsoft Visual Studio/18/Enterprise/VC/vcpkg/installed/x64-windows/include" "/MDd" "/nologo" "/showIncludes" "/utf-8" "/Zc:__cplusplus" "/W2" "/EHs-c-" "/std:c++14" "/permissive-" "/Zi" "/wd4244" "/bigobj" "/utf-8" "-DHAVE_CONFIG_H" "-nologo" "-DWIN32" "-D_WINDOWS" "-utf-8" "-GR" "-EHsc" "-MP" "-MDd" "-Z7" "-Ob0" "-Od" "-RTC1" "Files/Microsoft\\" "Visual\\" "Studio/18/Enterprise/VC/vcpkg/installed/x64-windows/debug/../include" "Files/Microsoft\\" "Visual\\" "Studio/18/Enterprise/VC/vcpkg/installed/x64-windows/debug/../include/libpng16" "-DHB_DLL_EXPORT" "/Fdsrc\harfbuzz.dll.p\hb-common.cc.pdb" /Fosrc/harfbuzz.dll.p/hb-common.cc.obj "/c" ../src/14.2.1-f76ca539fc.clean/src/hb-common.cc
2026-07-26T16:36:33.3234142Z cl : Command line warning D9025 : overriding '/EHs' with '/EHs-'
2026-07-26T16:36:33.3234545Z cl : Command line warning D9025 : overriding '/EHc' with '/EHc-'
2026-07-26T16:36:33.3236152Z cl : Command line warning D9025 : overriding '/Z7' with '/Zi'
2026-07-26T16:36:33.3236541Z cl : Command line warning D9025 : overriding '/EHs-' with '/EHs'
2026-07-26T16:36:33.3236917Z cl : Command line warning D9025 : overriding '/EHc-' with '/EHc'
2026-07-26T16:36:33.3237285Z cl : Command line warning D9025 : overriding '/Zi' with '/Z7'
2026-07-26T16:36:33.3237909Z cl : Command line warning D9024 : unrecognized source file type 'Files/Microsoft\', object file assumed
2026-07-26T16:36:33.3238474Z cl : Command line warning D9027 : source file 'Files/Microsoft\' ignored
2026-07-26T16:36:33.3238980Z cl : Command line warning D9024 : unrecognized source file type 'Visual\', object file assumed
2026-07-26T16:36:33.3239465Z cl : Command line warning D9027 : source file 'Visual\' ignored
2026-07-26T16:36:33.3240160Z cl : Command line warning D9024 : unrecognized source file type 'Studio/18/Enterprise/VC/vcpkg/installed/x64-windows/debug/../include', object file assumed
2026-07-26T16:36:33.3241059Z cl : Command line warning D9027 : source file 'Studio/18/Enterprise/VC/vcpkg/installed/x64-windows/debug/../include' ignored
2026-07-26T16:36:33.3241766Z cl : Command line warning D9024 : unrecognized source file type 'Files/Microsoft\', object file assumed
2026-07-26T16:36:33.3242297Z cl : Command line warning D9027 : source file 'Files/Microsoft\' ignored
2026-07-26T16:36:33.3242789Z cl : Command line warning D9024 : unrecognized source file type 'Visual\', object file assumed
2026-07-26T16:36:33.3243263Z cl : Command line warning D9027 : source file 'Visual\' ignored
2026-07-26T16:36:33.3243978Z cl : Command line warning D9024 : unrecognized source file type 'Studio/18/Enterprise/VC/vcpkg/installed/x64-windows/debug/../include/libpng16', object file assumed
2026-07-26T16:36:33.3244953Z cl : Command line warning D9027 : source file 'Studio/18/Enterprise/VC/vcpkg/installed/x64-windows/debug/../include/libpng16' ignored
2026-07-26T16:36:33.3245710Z cl : Command line warning D9030 : '/showIncludes' is incompatible with multiprocessing; ignoring /MP switch
2026-07-26T16:36:33.3249219Z [6/129] "C:/Program Files/Microsoft Visual Studio/18/Enterprise/VC/Tools/MSVC/14.51.36231/bin/Hostx64/x64/cl.exe" "-DWIN32" "-D_WINDOWS" "-utf-8" "-GR" "-EHsc" "-MP" "-MDd" "-Z7" "-Ob0" "-Od" "-RTC1" "-Isrc\harfbuzz.dll.p" "-Isrc" "-I..\src\14.2.1-f76ca539fc.clean\src" "-I." "-I..\src\14.2.1-f76ca539fc.clean" "-IC:/Program\\" "-IC:/Program Files/Microsoft Visual Studio/18/Enterprise/VC/vcpkg/installed/x64-windows/include" "/MDd" "/nologo" "/showIncludes" "/utf-8" "/Zc:__cplusplus" "/W2" "/EHs-c-" "/std:c++14" "/permissive-" "/Zi" "/wd4244" "/bigobj" "/utf-8" "-DHAVE_CONFIG_H" "-nologo" "-DWIN32" "-D_WINDOWS" "-utf-8" "-GR" "-EHsc" "-MP" "-MDd" "-Z7" "-Ob0" "-Od" "-RTC1" "Files/Microsoft\\" "Visual\\" "Studio/18/Enterprise/VC/vcpkg/installed/x64-windows/debug/../include" "Files/Microsoft\\" "Visual\\" "Studio/18/Enterprise/VC/vcpkg/installed/x64-windows/debug/../include/libpng16" "-DHB_DLL_EXPORT" "/Fdsrc\harfbuzz.dll.p\hb-draw.cc.pdb" /Fosrc/harfbuzz.dll.p/hb-draw.cc.obj "/c" ../src/14.2.1-f76ca539fc.clean/src/hb-draw.cc
2026-07-26T16:36:33.3253995Z cl : Command line warning D9025 : overriding '/EHs' with '/EHs-'
2026-07-26T16:36:33.3254399Z cl : Command line warning D9025 : overriding '/EHc' with '/EHc-'
2026-07-26T16:36:33.3254785Z cl : Command line warning D9025 : overriding '/Z7' with '/Zi'
2026-07-26T16:36:33.3255583Z cl : Command line warning D9025 : overriding '/EHs-' with '/EHs'
2026-07-26T16:36:33.3255959Z cl : Command line warning D9025 : overriding '/EHc-' with '/EHc'
2026-07-26T16:36:33.3256332Z cl : Command line warning D9025 : overriding '/Zi' with '/Z7'
2026-07-26T16:36:33.3256829Z cl : Command line warning D9024 : unrecognized source file type 'Files/Microsoft\', object file assumed
2026-07-26T16:36:33.3257376Z cl : Command line warning D9027 : source file 'Files/Microsoft\' ignored
2026-07-26T16:36:33.3257867Z cl : Command line warning D9024 : unrecognized source file type 'Visual\', object file assumed
2026-07-26T16:36:33.3258540Z cl : Command line warning D9027 : source file 'Visual\' ignored
2026-07-26T16:36:33.3259251Z cl : Command line warning D9024 : unrecognized source file type 'Studio/18/Enterprise/VC/vcpkg/installed/x64-windows/debug/../include', object file assumed
2026-07-26T16:36:33.3261097Z cl : Command line warning D9027 : source file 'Studio/18/Enterprise/VC/vcpkg/installed/x64-windows/debug/../include' ignored
2026-07-26T16:36:33.3261906Z cl : Command line warning D9024 : unrecognized source file type 'Files/Microsoft\', object file assumed
2026-07-26T16:36:33.3262452Z cl : Command line warning D9027 : source file 'Files/Microsoft\' ignored
2026-07-26T16:36:33.3262956Z cl : Command line warning D9024 : unrecognized source file type 'Visual\', object file assumed
2026-07-26T16:36:33.3263435Z cl : Command line warning D9027 : source file 'Visual\' ignored
2026-07-26T16:36:33.3264181Z cl : Command line warning D9024 : unrecognized source file type 'Studio/18/Enterprise/VC/vcpkg/installed/x64-windows/debug/../include/libpng16', object file assumed
2026-07-26T16:36:33.3265147Z cl : Command line warning D9027 : source file 'Studio/18/Enterprise/VC/vcpkg/installed/x64-windows/debug/../include/libpng16' ignored
2026-07-26T16:36:33.3265897Z cl : Command line warning D9030 : '/showIncludes' is incompatible with multiprocessing; ignoring /MP switch
2026-07-26T16:36:33.3269438Z [7/129] "C:/Program Files/Microsoft Visual Studio/18/Enterprise/VC/Tools/MSVC/14.51.36231/bin/Hostx64/x64/cl.exe" "-DWIN32" "-D_WINDOWS" "-utf-8" "-GR" "-EHsc" "-MP" "-MDd" "-Z7" "-Ob0" "-Od" "-RTC1" "-Isrc\harfbuzz.dll.p" "-Isrc" "-I..\src\14.2.1-f76ca539fc.clean\src" "-I." "-I..\src\14.2.1-f76ca539fc.clean" "-IC:/Program\\" "-IC:/Program Files/Microsoft Visual Studio/18/Enterprise/VC/vcpkg/installed/x64-windows/include" "/MDd" "/nologo" "/showIncludes" "/utf-8" "/Zc:__cplusplus" "/W2" "/EHs-c-" "/std:c++14" "/permissive-" "/Zi" "/wd4244" "/bigobj" "/utf-8" "-DHAVE_CONFIG_H" "-nologo" "-DWIN32" "-D_WINDOWS" "-utf-8" "-GR" "-EHsc" "-MP" "-MDd" "-Z7" "-Ob0" "-Od" "-RTC1" "Files/Microsoft\\" "Visual\\" "Studio/18/Enterprise/VC/vcpkg/installed/x64-windows/debug/../include" "Files/Microsoft\\" "Visual\\" "Studio/18/Enterprise/VC/vcpkg/installed/x64-windows/debug/../include/libpng16" "-DHB_DLL_EXPORT" "/Fdsrc\harfbuzz.dll.p\hb-paint.cc.pdb" /Fosrc/harfbuzz.dll.p/hb-paint.cc.obj "/c" ../src/14.2.1-f76ca539fc.clean/src/hb-paint.cc
2026-07-26T16:36:33.3272972Z cl : Command line warning D9025 : overriding '/EHs' with '/EHs-'
2026-07-26T16:36:33.3273364Z cl : Command line warning D9025 : overriding '/EHc' with '/EHc-'
2026-07-26T16:36:33.3273739Z cl : Command line warning D9025 : overriding '/Z7' with '/Zi'
2026-07-26T16:36:33.3274102Z cl : Command line warning D9025 : overriding '/EHs-' with '/EHs'
2026-07-26T16:36:33.3274471Z cl : Command line warning D9025 : overriding '/EHc-' with '/EHc'
2026-07-26T16:36:33.3274834Z cl : Command line warning D9025 : overriding '/Zi' with '/Z7'
2026-07-26T16:36:33.3275589Z cl : Command line warning D9024 : unrecognized source file type 'Files/Microsoft\', object file assumed
2026-07-26T16:36:33.3276160Z cl : Command line warning D9027 : source file 'Files/Microsoft\' ignored
2026-07-26T16:36:33.3276659Z cl : Command line warning D9024 : unrecognized source file type 'Visual\', object file assumed
2026-07-26T16:36:33.3277151Z cl : Command line warning D9027 : source file 'Visual\' ignored
2026-07-26T16:36:33.3277842Z cl : Command line warning D9024 : unrecognized source file type 'Studio/18/Enterprise/VC/vcpkg/installed/x64-windows/debug/../include', object file assumed
2026-07-26T16:36:33.3278734Z cl : Command line warning D9027 : source file 'Studio/18/Enterprise/VC/vcpkg/installed/x64-windows/debug/../include' ignored
2026-07-26T16:36:33.3279441Z cl : Command line warning D9024 : unrecognized source file type 'Files/Microsoft\', object file assumed
2026-07-26T16:36:33.3279968Z cl : Command line warning D9027 : source file 'Files/Microsoft\' ignored
2026-07-26T16:36:33.3280811Z cl : Command line warning D9024 : unrecognized source file type 'Visual\', object file assumed
2026-07-26T16:36:33.3281296Z cl : Command line warning D9027 : source file 'Visual\' ignored
2026-07-26T16:36:33.3282018Z cl : Command line warning D9024 : unrecognized source file type 'Studio/18/Enterprise/VC/vcpkg/installed/x64-windows/debug/../include/libpng16', object file assumed
2026-07-26T16:36:33.3283065Z cl : Command line warning D9027 : source file 'Studio/18/Enterprise/VC/vcpkg/installed/x64-windows/debug/../include/libpng16' ignored
2026-07-26T16:36:33.3283821Z cl : Command line warning D9030 : '/showIncludes' is incompatible with multiprocessing; ignoring /MP switch
2026-07-26T16:36:33.3287433Z [8/129] "C:/Program Files/Microsoft Visual Studio/18/Enterprise/VC/Tools/MSVC/14.51.36231/bin/Hostx64/x64/cl.exe" "-DWIN32" "-D_WINDOWS" "-utf-8" "-GR" "-EHsc" "-MP" "-MDd" "-Z7" "-Ob0" "-Od" "-RTC1" "-Isrc\harfbuzz.dll.p" "-Isrc" "-I..\src\14.2.1-f76ca539fc.clean\src" "-I." "-I..\src\14.2.1-f76ca539fc.clean" "-IC:/Program\\" "-IC:/Program Files/Microsoft Visual Studio/18/Enterprise/VC/vcpkg/installed/x64-windows/include" "/MDd" "/nologo" "/showIncludes" "/utf-8" "/Zc:__cplusplus" "/W2" "/EHs-c-" "/std:c++14" "/permissive-" "/Zi" "/wd4244" "/bigobj" "/utf-8" "-DHAVE_CONFIG_H" "-nologo" "-DWIN32" "-D_WINDOWS" "-utf-8" "-GR" "-EHsc" "-MP" "-MDd" "-Z7" "-Ob0" "-Od" "-RTC1" "Files/Microsoft\\" "Visual\\" "Studio/18/Enterprise/VC/vcpkg/installed/x64-windows/debug/../include" "Files/Microsoft\\" "Visual\\" "Studio/18/Enterprise/VC/vcpkg/installed/x64-windows/debug/../include/libpng16" "-DHB_DLL_EXPORT" "/Fdsrc\harfbuzz.dll.p\hb-paint-bounded.cc.pdb" /Fosrc/harfbuzz.dll.p/hb-paint-bounded.cc.obj "/c" ../src/14.2.1-f76ca539fc.clean/src/hb-paint-bounded.cc
2026-07-26T16:36:33.3291060Z cl : Command line warning D9025 : overriding '/EHs' with '/EHs-'
2026-07-26T16:36:33.3291447Z cl : Command line warning D9025 : overriding '/EHc' with '/EHc-'
2026-07-26T16:36:33.3291744Z ...
2026-07-26T16:36:33.3291904Z Skipped 798 lines
2026-07-26T16:36:33.3292081Z ...
2026-07-26T16:36:33.3292309Z cl : Command line warning D9025 : overriding '/EHs' with '/EHs-'
2026-07-26T16:36:33.3292673Z cl : Command line warning D9025 : overriding '/EHc' with '/EHc-'
2026-07-26T16:36:33.3293035Z cl : Command line warning D9025 : overriding '/Z7' with '/Zi'
2026-07-26T16:36:33.3293405Z cl : Command line warning D9025 : overriding '/EHs-' with '/EHs'
2026-07-26T16:36:33.3293776Z cl : Command line warning D9025 : overriding '/EHc-' with '/EHc'
2026-07-26T16:36:33.3294136Z cl : Command line warning D9025 : overriding '/Zi' with '/Z7'
2026-07-26T16:36:33.3294627Z cl : Command line warning D9024 : unrecognized source file type 'Files/Microsoft\', object file assumed
2026-07-26T16:36:33.3295174Z cl : Command line warning D9027 : source file 'Files/Microsoft\' ignored
2026-07-26T16:36:33.3295899Z cl : Command line warning D9024 : unrecognized source file type 'Visual\', object file assumed
2026-07-26T16:36:33.3296391Z cl : Command line warning D9027 : source file 'Visual\' ignored
2026-07-26T16:36:33.3297079Z cl : Command line warning D9024 : unrecognized source file type 'Studio/18/Enterprise/VC/vcpkg/installed/x64-windows/debug/../include', object file assumed
2026-07-26T16:36:33.3297972Z cl : Command line warning D9027 : source file 'Studio/18/Enterprise/VC/vcpkg/installed/x64-windows/debug/../include' ignored
2026-07-26T16:36:33.3298688Z cl : Command line warning D9024 : unrecognized source file type 'Files/Microsoft\', object file assumed
2026-07-26T16:36:33.3299219Z cl : Command line warning D9027 : source file 'Files/Microsoft\' ignored
2026-07-26T16:36:33.3299722Z cl : Command line warning D9024 : unrecognized source file type 'Visual\', object file assumed
2026-07-26T16:36:33.3300194Z cl : Command line warning D9027 : source file 'Visual\' ignored
2026-07-26T16:36:33.3301077Z cl : Command line warning D9024 : unrecognized source file type 'Studio/18/Enterprise/VC/vcpkg/installed/x64-windows/debug/../include/libpng16', object file assumed
2026-07-26T16:36:33.3302151Z cl : Command line warning D9027 : source file 'Studio/18/Enterprise/VC/vcpkg/installed/x64-windows/debug/../include/libpng16' ignored
2026-07-26T16:36:33.3302903Z cl : Command line warning D9030 : '/showIncludes' is incompatible with multiprocessing; ignoring /MP switch
2026-07-26T16:36:33.3306595Z [49/129] "C:/Program Files/Microsoft Visual Studio/18/Enterprise/VC/Tools/MSVC/14.51.36231/bin/Hostx64/x64/cl.exe" "-DWIN32" "-D_WINDOWS" "-utf-8" "-GR" "-EHsc" "-MP" "-MDd" "-Z7" "-Ob0" "-Od" "-RTC1" "-Isrc\harfbuzz.dll.p" "-Isrc" "-I..\src\14.2.1-f76ca539fc.clean\src" "-I." "-I..\src\14.2.1-f76ca539fc.clean" "-IC:/Program\\" "-IC:/Program Files/Microsoft Visual Studio/18/Enterprise/VC/vcpkg/installed/x64-windows/include" "/MDd" "/nologo" "/showIncludes" "/utf-8" "/Zc:__cplusplus" "/W2" "/EHs-c-" "/std:c++14" "/permissive-" "/Zi" "/wd4244" "/bigobj" "/utf-8" "-DHAVE_CONFIG_H" "-nologo" "-DWIN32" "-D_WINDOWS" "-utf-8" "-GR" "-EHsc" "-MP" "-MDd" "-Z7" "-Ob0" "-Od" "-RTC1" "Files/Microsoft\\" "Visual\\" "Studio/18/Enterprise/VC/vcpkg/installed/x64-windows/debug/../include" "Files/Microsoft\\" "Visual\\" "Studio/18/Enterprise/VC/vcpkg/installed/x64-windows/debug/../include/libpng16" "-DHB_DLL_EXPORT" "/Fdsrc\harfbuzz.dll.p\hb-ot-shape.cc.pdb" /Fosrc/harfbuzz.dll.p/hb-ot-shape.cc.obj "/c" ../src/14.2.1-f76ca539fc.clean/src/hb-ot-shape.cc
2026-07-26T16:36:33.3310151Z cl : Command line warning D9025 : overriding '/EHs' with '/EHs-'
2026-07-26T16:36:33.3310539Z cl : Command line warning D9025 : overriding '/EHc' with '/EHc-'
2026-07-26T16:36:33.3310909Z cl : Command line warning D9025 : overriding '/Z7' with '/Zi'
2026-07-26T16:36:33.3311272Z cl : Command line warning D9025 : overriding '/EHs-' with '/EHs'
2026-07-26T16:36:33.3311635Z cl : Command line warning D9025 : overriding '/EHc-' with '/EHc'
2026-07-26T16:36:33.3311998Z cl : Command line warning D9025 : overriding '/Zi' with '/Z7'
2026-07-26T16:36:33.3312493Z cl : Command line warning D9024 : unrecognized source file type 'Files/Microsoft\', object file assumed
2026-07-26T16:36:33.3313048Z cl : Command line warning D9027 : source file 'Files/Microsoft\' ignored
2026-07-26T16:36:33.3313545Z cl : Command line warning D9024 : unrecognized source file type 'Visual\', object file assumed
2026-07-26T16:36:33.3314018Z cl : Command line warning D9027 : source file 'Visual\' ignored
2026-07-26T16:36:33.3314706Z cl : Command line warning D9024 : unrecognized source file type 'Studio/18/Enterprise/VC/vcpkg/installed/x64-windows/debug/../include', object file assumed
2026-07-26T16:36:33.3315692Z cl : Command line warning D9027 : source file 'Studio/18/Enterprise/VC/vcpkg/installed/x64-windows/debug/../include' ignored
2026-07-26T16:36:33.3316502Z cl : Command line warning D9024 : unrecognized source file type 'Files/Microsoft\', object file assumed
2026-07-26T16:36:33.3317035Z cl : Command line warning D9027 : source file 'Files/Microsoft\' ignored
2026-07-26T16:36:33.3317531Z cl : Command line warning D9024 : unrecognized source file type 'Visual\', object file assumed
2026-07-26T16:36:33.3318006Z cl : Command line warning D9027 : source file 'Visual\' ignored
2026-07-26T16:36:33.3318722Z cl : Command line warning D9024 : unrecognized source file type 'Studio/18/Enterprise/VC/vcpkg/installed/x64-windows/debug/../include/libpng16', object file assumed
2026-07-26T16:36:33.3319684Z cl : Command line warning D9027 : source file 'Studio/18/Enterprise/VC/vcpkg/installed/x64-windows/debug/../include/libpng16' ignored
2026-07-26T16:36:33.3320441Z cl : Command line warning D9030 : '/showIncludes' is incompatible with multiprocessing; ignoring /MP switch
2026-07-26T16:36:33.3324228Z [50/129] "C:/Program Files/Microsoft Visual Studio/18/Enterprise/VC/Tools/MSVC/14.51.36231/bin/Hostx64/x64/cl.exe" "-DWIN32" "-D_WINDOWS" "-utf-8" "-GR" "-EHsc" "-MP" "-MDd" "-Z7" "-Ob0" "-Od" "-RTC1" "-Isrc\harfbuzz.dll.p" "-Isrc" "-I..\src\14.2.1-f76ca539fc.clean\src" "-I." "-I..\src\14.2.1-f76ca539fc.clean" "-IC:/Program\\" "-IC:/Program Files/Microsoft Visual Studio/18/Enterprise/VC/vcpkg/installed/x64-windows/include" "/MDd" "/nologo" "/showIncludes" "/utf-8" "/Zc:__cplusplus" "/W2" "/EHs-c-" "/std:c++14" "/permissive-" "/Zi" "/wd4244" "/bigobj" "/utf-8" "-DHAVE_CONFIG_H" "-nologo" "-DWIN32" "-D_WINDOWS" "-utf-8" "-GR" "-EHsc" "-MP" "-MDd" "-Z7" "-Ob0" "-Od" "-RTC1" "Files/Microsoft\\" "Visual\\" "Studio/18/Enterprise/VC/vcpkg/installed/x64-windows/debug/../include" "Files/Microsoft\\" "Visual\\" "Studio/18/Enterprise/VC/vcpkg/installed/x64-windows/debug/../include/libpng16" "-DHB_DLL_EXPORT" "/Fdsrc\harfbuzz.dll.p\hb-ot-var.cc.pdb" /Fosrc/harfbuzz.dll.p/hb-ot-var.cc.obj "/c" ../src/14.2.1-f76ca539fc.clean/src/hb-ot-var.cc
2026-07-26T16:36:33.3327793Z cl : Command line warning D9025 : overriding '/EHs' with '/EHs-'
2026-07-26T16:36:33.3328164Z cl : Command line warning D9025 : overriding '/EHc' with '/EHc-'
2026-07-26T16:36:33.3328529Z cl : Command line warning D9025 : overriding '/Z7' with '/Zi'
2026-07-26T16:36:33.3328888Z cl : Command line warning D9025 : overriding '/EHs-' with '/EHs'
2026-07-26T16:36:33.3329265Z cl : Command line warning D9025 : overriding '/EHc-' with '/EHc'
2026-07-26T16:36:33.3329614Z cl : Command line warning D9025 : overriding '/Zi' with '/Z7'
2026-07-26T16:36:33.3330102Z cl : Command line warning D9024 : unrecognized source file type 'Files/Microsoft\', object file assumed
2026-07-26T16:36:33.3330639Z cl : Command line warning D9027 : source file 'Files/Microsoft\' ignored
2026-07-26T16:36:33.3331130Z cl : Command line warning D9024 : unrecognized source file type 'Visual\', object file assumed
2026-07-26T16:36:33.3331599Z cl : Command line warning D9027 : source file 'Visual\' ignored
2026-07-26T16:36:33.3332284Z cl : Command line warning D9024 : unrecognized source file type 'Studio/18/Enterprise/VC/vcpkg/installed/x64-windows/debug/../include', object file assumed
2026-07-26T16:36:33.3333179Z cl : Command line warning D9027 : source file 'Studio/18/Enterprise/VC/vcpkg/installed/x64-windows/debug/../include' ignored
2026-07-26T16:36:33.3333882Z cl : Command line warning D9024 : unrecognized source file type 'Files/Microsoft\', object file assumed
2026-07-26T16:36:33.3334413Z cl : Command line warning D9027 : source file 'Files/Microsoft\' ignored
2026-07-26T16:36:33.3334905Z cl : Command line warning D9024 : unrecognized source file type 'Visual\', object file assumed
2026-07-26T16:36:33.3335385Z cl : Command line warning D9027 : source file 'Visual\' ignored
2026-07-26T16:36:33.3336282Z cl : Command line warning D9024 : unrecognized source file type 'Studio/18/Enterprise/VC/vcpkg/installed/x64-windows/debug/../include/libpng16', object file assumed
2026-07-26T16:36:33.3337248Z cl : Command line warning D9027 : source file 'Studio/18/Enterprise/VC/vcpkg/installed/x64-windows/debug/../include/libpng16' ignored
2026-07-26T16:36:33.3338007Z cl : Command line warning D9030 : '/showIncludes' is incompatible with multiprocessing; ignoring /MP switch
2026-07-26T16:36:33.3341674Z [51/129] "C:/Program Files/Microsoft Visual Studio/18/Enterprise/VC/Tools/MSVC/14.51.36231/bin/Hostx64/x64/cl.exe" "-DWIN32" "-D_WINDOWS" "-utf-8" "-GR" "-EHsc" "-MP" "-MDd" "-Z7" "-Ob0" "-Od" "-RTC1" "-Isrc\harfbuzz.dll.p" "-Isrc" "-I..\src\14.2.1-f76ca539fc.clean\src" "-I." "-I..\src\14.2.1-f76ca539fc.clean" "-IC:/Program\\" "-IC:/Program Files/Microsoft Visual Studio/18/Enterprise/VC/vcpkg/installed/x64-windows/include" "/MDd" "/nologo" "/showIncludes" "/utf-8" "/Zc:__cplusplus" "/W2" "/EHs-c-" "/std:c++14" "/permissive-" "/Zi" "/wd4244" "/bigobj" "/utf-8" "-DHAVE_CONFIG_H" "-nologo" "-DWIN32" "-D_WINDOWS" "-utf-8" "-GR" "-EHsc" "-MP" "-MDd" "-Z7" "-Ob0" "-Od" "-RTC1" "Files/Microsoft\\" "Visual\\" "Studio/18/Enterprise/VC/vcpkg/installed/x64-windows/debug/../include" "Files/Microsoft\\" "Visual\\" "Studio/18/Enterprise/VC/vcpkg/installed/x64-windows/debug/../include/libpng16" "-DHB_DLL_EXPORT" "/Fdsrc\harfbuzz.dll.p\hb-ucd.cc.pdb" /Fosrc/harfbuzz.dll.p/hb-ucd.cc.obj "/c" ../src/14.2.1-f76ca539fc.clean/src/hb-ucd.cc
2026-07-26T16:36:33.3345268Z cl : Command line warning D9025 : overriding '/EHs' with '/EHs-'
2026-07-26T16:36:33.3345644Z cl : Command line warning D9025 : overriding '/EHc' with '/EHc-'
2026-07-26T16:36:33.3346018Z cl : Command line warning D9025 : overriding '/Z7' with '/Zi'
2026-07-26T16:36:33.3346376Z cl : Command line warning D9025 : overriding '/EHs-' with '/EHs'
2026-07-26T16:36:33.3346825Z cl : Command line warning D9025 : overriding '/EHc-' with '/EHc'
2026-07-26T16:36:33.3347194Z cl : Command line warning D9025 : overriding '/Zi' with '/Z7'
2026-07-26T16:36:33.3347695Z cl : Command line warning D9024 : unrecognized source file type 'Files/Microsoft\', object file assumed
2026-07-26T16:36:33.3348239Z cl : Command line warning D9027 : source file 'Files/Microsoft\' ignored
2026-07-26T16:36:33.3349164Z cl : Command line warning D9024 : unrecognized source file type 'Visual\', object file assumed
2026-07-26T16:36:33.3349662Z cl : Command line warning D9027 : source file 'Visual\' ignored
2026-07-26T16:36:33.3350357Z cl : Command line warning D9024 : unrecognized source file type 'Studio/18/Enterprise/VC/vcpkg/installed/x64-windows/debug/../include', object file assumed
2026-07-26T16:36:33.3351258Z cl : Command line warning D9027 : source file 'Studio/18/Enterprise/VC/vcpkg/installed/x64-windows/debug/../include' ignored
2026-07-26T16:36:33.3351969Z cl : Command line warning D9024 : unrecognized source file type 'Files/Microsoft\', object file assumed
2026-07-26T16:36:33.3352516Z cl : Command line warning D9027 : source file 'Files/Microsoft\' ignored
2026-07-26T16:36:33.3353015Z cl : Command line warning D9024 : unrecognized source file type 'Visual\', object file assumed
2026-07-26T16:36:33.3353492Z cl : Command line warning D9027 : source file 'Visual\' ignored
2026-07-26T16:36:33.3354208Z cl : Command line warning D9024 : unrecognized source file type 'Studio/18/Enterprise/VC/vcpkg/installed/x64-windows/debug/../include/libpng16', object file assumed
2026-07-26T16:36:33.3355167Z cl : Command line warning D9027 : source file 'Studio/18/Enterprise/VC/vcpkg/installed/x64-windows/debug/../include/libpng16' ignored
2026-07-26T16:36:33.3356047Z cl : Command line warning D9030 : '/showIncludes' is incompatible with multiprocessing; ignoring /MP switch
2026-07-26T16:36:33.3359677Z [52/129] "C:/Program Files/Microsoft Visual Studio/18/Enterprise/VC/Tools/MSVC/14.51.36231/bin/Hostx64/x64/cl.exe" "-DWIN32" "-D_WINDOWS" "-utf-8" "-GR" "-EHsc" "-MP" "-MDd" "-Z7" "-Ob0" "-Od" "-RTC1" "-Isrc\harfbuzz.dll.p" "-Isrc" "-I..\src\14.2.1-f76ca539fc.clean\src" "-I." "-I..\src\14.2.1-f76ca539fc.clean" "-IC:/Program\\" "-IC:/Program Files/Microsoft Visual Studio/18/Enterprise/VC/vcpkg/installed/x64-windows/include" "/MDd" "/nologo" "/showIncludes" "/utf-8" "/Zc:__cplusplus" "/W2" "/EHs-c-" "/std:c++14" "/permissive-" "/Zi" "/wd4244" "/bigobj" "/utf-8" "-DHAVE_CONFIG_H" "-nologo" "-DWIN32" "-D_WINDOWS" "-utf-8" "-GR" "-EHsc" "-MP" "-MDd" "-Z7" "-Ob0" "-Od" "-RTC1" "Files/Microsoft\\" "Visual\\" "Studio/18/Enterprise/VC/vcpkg/installed/x64-windows/debug/../include" "Files/Microsoft\\" "Visual\\" "Studio/18/Enterprise/VC/vcpkg/installed/x64-windows/debug/../include/libpng16" "-DHB_DLL_EXPORT" "/Fdsrc\harfbuzz.dll.p\hb-unicode.cc.pdb" /Fosrc/harfbuzz.dll.p/hb-unicode.cc.obj "/c" ../src/14.2.1-f76ca539fc.clean/src/hb-unicode.cc
2026-07-26T16:36:33.3363368Z cl : Command line warning D9025 : overriding '/EHs' with '/EHs-'
2026-07-26T16:36:33.3363752Z cl : Command line warning D9025 : overriding '/EHc' with '/EHc-'
2026-07-26T16:36:33.3364120Z cl : Command line warning D9025 : overriding '/Z7' with '/Zi'
2026-07-26T16:36:33.3364477Z cl : Command line warning D9025 : overriding '/EHs-' with '/EHs'
2026-07-26T16:36:33.3364838Z cl : Command line warning D9025 : overriding '/EHc-' with '/EHc'
2026-07-26T16:36:33.3365193Z cl : Command line warning D9025 : overriding '/Zi' with '/Z7'
2026-07-26T16:36:33.3365690Z cl : Command line warning D9024 : unrecognized source file type 'Files/Microsoft\', object file assumed
2026-07-26T16:36:33.3366355Z cl : Command line warning D9027 : source file 'Files/Microsoft\' ignored
2026-07-26T16:36:33.3366985Z cl : Command line warning D9024 : unrecognized source file type 'Visual\', object file assumed
2026-07-26T16:36:33.3367787Z cl : Command line warning D9027 : source file 'Visual\' ignored
2026-07-26T16:36:33.3368871Z cl : Command line warning D9024 : unrecognized source file type 'Studio/18/Enterprise/VC/vcpkg/installed/x64-windows/debug/../include', object file assumed
2026-07-26T16:36:33.3369794Z cl : Command line warning D9027 : source file 'Studio/18/Enterprise/VC/vcpkg/installed/x64-windows/debug/../include' ignored
2026-07-26T16:36:33.3370648Z cl : Command line warning D9024 : unrecognized source file type 'Files/Microsoft\', object file assumed
2026-07-26T16:36:33.3371187Z cl : Command line warning D9027 : source file 'Files/Microsoft\' ignored
2026-07-26T16:36:33.3371681Z cl : Command line warning D9024 : unrecognized source file type 'Visual\', object file assumed
2026-07-26T16:36:33.3372166Z cl : Command line warning D9027 : source file 'Visual\' ignored
2026-07-26T16:36:33.3372888Z cl : Command line warning D9024 : unrecognized source file type 'Studio/18/Enterprise/VC/vcpkg/installed/x64-windows/debug/../include/libpng16', object file assumed
2026-07-26T16:36:33.3373848Z cl : Command line warning D9027 : source file 'Studio/18/Enterprise/VC/vcpkg/installed/x64-windows/debug/../include/libpng16' ignored
2026-07-26T16:36:33.3374609Z cl : Command line warning D9030 : '/showIncludes' is incompatible with multiprocessing; ignoring /MP switch
2026-07-26T16:36:33.3378449Z [53/129] "C:/Program Files/Microsoft Visual Studio/18/Enterprise/VC/Tools/MSVC/14.51.36231/bin/Hostx64/x64/cl.exe" "-DWIN32" "-D_WINDOWS" "-utf-8" "-GR" "-EHsc" "-MP" "-MDd" "-Z7" "-Ob0" "-Od" "-RTC1" "-Isrc\harfbuzz.dll.p" "-Isrc" "-I..\src\14.2.1-f76ca539fc.clean\src" "-I." "-I..\src\14.2.1-f76ca539fc.clean" "-IC:/Program\\" "-IC:/Program Files/Microsoft Visual Studio/18/Enterprise/VC/vcpkg/installed/x64-windows/include" "/MDd" "/nologo" "/showIncludes" "/utf-8" "/Zc:__cplusplus" "/W2" "/EHs-c-" "/std:c++14" "/permissive-" "/Zi" "/wd4244" "/bigobj" "/utf-8" "-DHAVE_CONFIG_H" "-nologo" "-DWIN32" "-D_WINDOWS" "-utf-8" "-GR" "-EHsc" "-MP" "-MDd" "-Z7" "-Ob0" "-Od" "-RTC1" "Files/Microsoft\\" "Visual\\" "Studio/18/Enterprise/VC/vcpkg/installed/x64-windows/debug/../include" "Files/Microsoft\\" "Visual\\" "Studio/18/Enterprise/VC/vcpkg/installed/x64-windows/debug/../include/libpng16" "-DHB_DLL_EXPORT" "/Fdsrc\harfbuzz.dll.p\hb-ot-shape-fallback.cc.pdb" /Fosrc/harfbuzz.dll.p/hb-ot-shape-fallback.cc.obj "/c" ../src/14.2.1-f76ca539fc.clean/src/hb-ot-shape-fallback.cc
2026-07-26T16:36:33.3383134Z cl : Command line warning D9025 : overriding '/EHs' with '/EHs-'
2026-07-26T16:36:33.3383831Z cl : Command line warning D9025 : overriding '/EHc' with '/EHc-'
2026-07-26T16:36:33.3384470Z cl : Command line warning D9025 : overriding '/Z7' with '/Zi'
2026-07-26T16:36:33.3385109Z cl : Command line warning D9025 : overriding '/EHs-' with '/EHs'
2026-07-26T16:36:33.3385782Z cl : Command line warning D9025 : overriding '/EHc-' with '/EHc'
2026-07-26T16:36:33.3386417Z cl : Command line warning D9025 : overriding '/Zi' with '/Z7'
2026-07-26T16:36:33.3387271Z cl : Command line warning D9024 : unrecognized source file type 'Files/Microsoft\', object file assumed
2026-07-26T16:36:33.3388225Z cl : Command line warning D9027 : source file 'Files/Microsoft\' ignored
2026-07-26T16:36:33.3389093Z cl : Command line warning D9024 : unrecognized source file type 'Visual\', object file assumed
2026-07-26T16:36:33.3389835Z cl : Command line warning D9027 : source file 'Visual\' ignored
2026-07-26T16:36:33.3390543Z cl : Command line warning D9024 : unrecognized source file type 'Studio/18/Enterprise/VC/vcpkg/installed/x64-windows/debug/../include', object file assumed
2026-07-26T16:36:33.3391451Z cl : Command line warning D9027 : source file 'Studio/18/Enterprise/VC/vcpkg/installed/x64-windows/debug/../include' ignored
2026-07-26T16:36:33.3392391Z cl : Command line warning D9024 : unrecognized source file type 'Files/Microsoft\', object file assumed
2026-07-26T16:36:33.3392930Z cl : Command line warning D9027 : source file 'Files/Microsoft\' ignored
2026-07-26T16:36:33.3393425Z cl : Command line warning D9024 : unrecognized source file type 'Visual\', object file assumed
2026-07-26T16:36:33.3393907Z cl : Command line warning D9027 : source file 'Visual\' ignored
2026-07-26T16:36:33.3394715Z cl : Command line warning D9024 : unrecognized source file type 'Studio/18/Enterprise/VC/vcpkg/installed/x64-windows/debug/../include/libpng16', object file assumed
2026-07-26T16:36:33.3395679Z cl : Command line warning D9027 : source file 'Studio/18/Enterprise/VC/vcpkg/installed/x64-windows/debug/../include/libpng16' ignored
2026-07-26T16:36:33.3396626Z cl : Command line warning D9030 : '/showIncludes' is incompatible with multiprocessing; ignoring /MP switch
2026-07-26T16:36:33.3399424Z [54/129] "C:/Program Files/Microsoft Visual Studio/18/Enterprise/VC/Tools/MSVC/14.51.36231/bin/Hostx64/x64/cl.exe" "-DWIN32" "-D_WINDOWS" "-utf-8" "-GR" "-EHsc" "-MP" "-MDd" "-Z7" "-Ob0" "-Od" "-RTC1" "-Isrc\harfbuzz-gpu.dll.p" "-Isrc" "-I..\src\14.2.1-f76ca539fc.clean\src" "-I." "-I..\src\14.2.1-f76ca539fc.clean" "-IC:/Program Files/Microsoft Visual Studio/18/Enterprise/VC/vcpkg/installed/x64-windows/include" "/MDd" "/nologo" "/showIncludes" "/utf-8" "/Zc:__cplusplus" "/W2" "/EHs-c-" "/std:c++14" "/permissive-" "/Zi" "/wd4244" "/bigobj" "/utf-8" "-DHAVE_CONFIG_H" "-nologo" "-DWIN32" "-D_WINDOWS" "-utf-8" "-GR" "-EHsc" "-MP" "-MDd" "-Z7" "-Ob0" "-Od" "-RTC1" "-DHB_DLL_EXPORT" "/Fdsrc\harfbuzz-gpu.dll.p\hb-gpu.cc.pdb" /Fosrc/harfbuzz-gpu.dll.p/hb-gpu.cc.obj "/c" ../src/14.2.1-f76ca539fc.clean/src/hb-gpu.cc
2026-07-26T16:36:33.3402587Z cl : Command line warning D9025 : overriding '/EHs' with '/EHs-'
2026-07-26T16:36:33.3402980Z cl : Command line warning D9025 : overriding '/EHc' with '/EHc-'
2026-07-26T16:36:33.3403341Z cl : Command line warning D9025 : overriding '/Z7' with '/Zi'
2026-07-26T16:36:33.3403699Z cl : Command line warning D9025 : overriding '/EHs-' with '/EHs'
2026-07-26T16:36:33.3404058Z cl : Command line warning D9025 : overriding '/EHc-' with '/EHc'
2026-07-26T16:36:33.3404407Z cl : Command line warning D9025 : overriding '/Zi' with '/Z7'
2026-07-26T16:36:33.3407281Z [55/129] "C:/Program Files/Microsoft Visual Studio/18/Enterprise/VC/Tools/MSVC/14.51.36231/bin/Hostx64/x64/cl.exe" "-DWIN32" "-D_WINDOWS" "-utf-8" "-GR" "-EHsc" "-MP" "-MDd" "-Z7" "-Ob0" "-Od" "-RTC1" "-Isrc\harfbuzz-gpu.dll.p" "-Isrc" "-I..\src\14.2.1-f76ca539fc.clean\src" "-I." "-I..\src\14.2.1-f76ca539fc.clean" "-IC:/Program Files/Microsoft Visual Studio/18/Enterprise/VC/vcpkg/installed/x64-windows/include" "/MDd" "/nologo" "/showIncludes" "/utf-8" "/Zc:__cplusplus" "/W2" "/EHs-c-" "/std:c++14" "/permissive-" "/Zi" "/wd4244" "/bigobj" "/utf-8" "-DHAVE_CONFIG_H" "-nologo" "-DWIN32" "-D_WINDOWS" "-utf-8" "-GR" "-EHsc" "-MP" "-MDd" "-Z7" "-Ob0" "-Od" "-RTC1" "-DHB_DLL_EXPORT" "/Fdsrc\harfbuzz-gpu.dll.p\hb-gpu-draw.cc.pdb" /Fosrc/harfbuzz-gpu.dll.p/hb-gpu-draw.cc.obj "/c" ../src/14.2.1-f76ca539fc.clean/src/hb-gpu-draw.cc
2026-07-26T16:36:33.3409928Z cl : Command line warning D9025 : overriding '/EHs' with '/EHs-'
2026-07-26T16:36:33.3410290Z cl : Command line warning D9025 : overriding '/EHc' with '/EHc-'
2026-07-26T16:36:33.3410638Z cl : Command line warning D9025 : overriding '/Z7' with '/Zi'
2026-07-26T16:36:33.3410997Z cl : Command line warning D9025 : overriding '/EHs-' with '/EHs'
2026-07-26T16:36:33.3411351Z cl : Command line warning D9025 : overriding '/EHc-' with '/EHc'
2026-07-26T16:36:33.3411702Z cl : Command line warning D9025 : overriding '/Zi' with '/Z7'
2026-07-26T16:36:33.3415149Z [56/129] "C:/Program Files/Microsoft Visual Studio/18/Enterprise/VC/Tools/MSVC/14.51.36231/bin/Hostx64/x64/cl.exe" "-DWIN32" "-D_WINDOWS" "-utf-8" "-GR" "-EHsc" "-MP" "-MDd" "-Z7" "-Ob0" "-Od" "-RTC1" "-Isrc\harfbuzz.dll.p" "-Isrc" "-I..\src\14.2.1-f76ca539fc.clean\src" "-I." "-I..\src\14.2.1-f76ca539fc.clean" "-IC:/Program\\" "-IC:/Program Files/Microsoft Visual Studio/18/Enterprise/VC/vcpkg/installed/x64-windows/include" "/MDd" "/nologo" "/showIncludes" "/utf-8" "/Zc:__cplusplus" "/W2" "/EHs-c-" "/std:c++14" "/permissive-" "/Zi" "/wd4244" "/bigobj" "/utf-8" "-DHAVE_CONFIG_H" "-nologo" "-DWIN32" "-D_WINDOWS" "-utf-8" "-GR" "-EHsc" "-MP" "-MDd" "-Z7" "-Ob0" "-Od" "-RTC1" "Files/Microsoft\\" "Visual\\" "Studio/18/Enterprise/VC/vcpkg/installed/x64-windows/debug/../include" "Files/Microsoft\\" "Visual\\" "Studio/18/Enterprise/VC/vcpkg/installed/x64-windows/debug/../include/libpng16" "-DHB_DLL_EXPORT" "/Fdsrc\harfbuzz.dll.p\hb-style.cc.pdb" /Fosrc/harfbuzz.dll.p/hb-style.cc.obj "/c" ../src/14.2.1-f76ca539fc.clean/src/hb-style.cc
2026-07-26T16:36:33.3419199Z cl : Command line warning D9025 : overriding '/EHs' with '/EHs-'
2026-07-26T16:36:33.3419571Z cl : Command line warning D9025 : overriding '/EHc' with '/EHc-'
2026-07-26T16:36:33.3419925Z cl : Command line warning D9025 : overriding '/Z7' with '/Zi'
2026-07-26T16:36:33.3420300Z cl : Command line warning D9025 : overriding '/EHs-' with '/EHs'
2026-07-26T16:36:33.3420678Z cl : Command line warning D9025 : overriding '/EHc-' with '/EHc'
2026-07-26T16:36:33.3421035Z cl : Command line warning D9025 : overriding '/Zi' with '/Z7'
2026-07-26T16:36:33.3421727Z cl : Command line warning D9024 : unrecognized source file type 'Files/Microsoft\', object file assumed
2026-07-26T16:36:33.3422269Z cl : Command line warning D9027 : source file 'Files/Microsoft\' ignored
2026-07-26T16:36:33.3422763Z cl : Command line warning D9024 : unrecognized source file type 'Visual\', object file assumed
2026-07-26T16:36:33.3423243Z cl : Command line warning D9027 : source file 'Visual\' ignored
2026-07-26T16:36:33.3423924Z cl : Command line warning D9024 : unrecognized source file type 'Studio/18/Enterprise/VC/vcpkg/installed/x64-windows/debug/../include', object file assumed
2026-07-26T16:36:33.3424817Z cl : Command line warning D9027 : source file 'Studio/18/Enterprise/VC/vcpkg/installed/x64-windows/debug/../include' ignored
2026-07-26T16:36:33.3425521Z cl : Command line warning D9024 : unrecognized source file type 'Files/Microsoft\', object file assumed
2026-07-26T16:36:33.3426052Z cl : Command line warning D9027 : source file 'Files/Microsoft\' ignored
2026-07-26T16:36:33.3426639Z cl : Command line warning D9024 : unrecognized source file type 'Visual\', object file assumed
2026-07-26T16:36:33.3427193Z cl : Command line warning D9027 : source file 'Visual\' ignored
2026-07-26T16:36:33.3427905Z cl : Command line warning D9024 : unrecognized source file type 'Studio/18/Enterprise/VC/vcpkg/installed/x64-windows/debug/../include/libpng16', object file assumed
2026-07-26T16:36:33.3428852Z cl : Command line warning D9027 : source file 'Studio/18/Enterprise/VC/vcpkg/installed/x64-windows/debug/../include/libpng16' ignored
2026-07-26T16:36:33.3429594Z cl : Command line warning D9030 : '/showIncludes' is incompatible with multiprocessing; ignoring /MP switch
2026-07-26T16:36:33.3432735Z [57/129] "C:/Program Files/Microsoft Visual Studio/18/Enterprise/VC/Tools/MSVC/14.51.36231/bin/Hostx64/x64/cl.exe" "-DWIN32" "-D_WINDOWS" "-utf-8" "-GR" "-EHsc" "-MP" "-MDd" "-Z7" "-Ob0" "-Od" "-RTC1" "-Isrc\harfbuzz-gpu.dll.p" "-Isrc" "-I..\src\14.2.1-f76ca539fc.clean\src" "-I." "-I..\src\14.2.1-f76ca539fc.clean" "-IC:/Program Files/Microsoft Visual Studio/18/Enterprise/VC/vcpkg/installed/x64-windows/include" "/MDd" "/nologo" "/showIncludes" "/utf-8" "/Zc:__cplusplus" "/W2" "/EHs-c-" "/std:c++14" "/permissive-" "/Zi" "/wd4244" "/bigobj" "/utf-8" "-DHAVE_CONFIG_H" "-nologo" "-DWIN32" "-D_WINDOWS" "-utf-8" "-GR" "-EHsc" "-MP" "-MDd" "-Z7" "-Ob0" "-Od" "-RTC1" "-DHB_DLL_EXPORT" "/Fdsrc\harfbuzz-gpu.dll.p\hb-gpu-paint.cc.pdb" /Fosrc/harfbuzz-gpu.dll.p/hb-gpu-paint.cc.obj "/c" ../src/14.2.1-f76ca539fc.clean/src/hb-gpu-paint.cc
2026-07-26T16:36:33.3437302Z cl : Command line warning D9025 : overriding '/EHs' with '/EHs-'
2026-07-26T16:36:33.3438110Z cl : Command line warning D9025 : overriding '/EHc' with '/EHc-'
2026-07-26T16:36:33.3439033Z cl : Command line warning D9025 : overriding '/Z7' with '/Zi'
2026-07-26T16:36:33.3439677Z cl : Command line warning D9025 : overriding '/EHs-' with '/EHs'
2026-07-26T16:36:33.3440351Z cl : Command line warning D9025 : overriding '/EHc-' with '/EHc'
2026-07-26T16:36:33.3441070Z cl : Command line warning D9025 : overriding '/Zi' with '/Z7'
2026-07-26T16:36:33.3446283Z [58/129] "C:/Program Files/Microsoft Visual Studio/18/Enterprise/VC/Tools/MSVC/14.51.36231/bin/Hostx64/x64/cl.exe" "-DWIN32" "-D_WINDOWS" "-utf-8" "-GR" "-EHsc" "-MP" "-MDd" "-Z7" "-Ob0" "-Od" "-RTC1" "-Isrc\harfbuzz-subset.dll.p" "-Isrc" "-I..\src\14.2.1-f76ca539fc.clean\src" "-I." "-I..\src\14.2.1-f76ca539fc.clean" "-IC:/Program Files/Microsoft Visual Studio/18/Enterprise/VC/vcpkg/installed/x64-windows/include" "/MDd" "/nologo" "/showIncludes" "/utf-8" "/Zc:__cplusplus" "/W2" "/EHs-c-" "/std:c++14" "/permissive-" "/Zi" "/wd4244" "/bigobj" "/utf-8" "-DHAVE_CONFIG_H" "-nologo" "-DWIN32" "-D_WINDOWS" "-utf-8" "-GR" "-EHsc" "-MP" "-MDd" "-Z7" "-Ob0" "-Od" "-RTC1" "-DHB_DLL_EXPORT" "/Fdsrc\harfbuzz-subset.dll.p\hb-number.cc.pdb" /Fosrc/harfbuzz-subset.dll.p/hb-number.cc.obj "/c" ../src/14.2.1-f76ca539fc.clean/src/hb-number.cc
2026-07-26T16:36:33.3450474Z cl : Command line warning D9025 : overriding '/EHs' with '/EHs-'
2026-07-26T16:36:33.3450880Z cl : Command line warning D9025 : overriding '/EHc' with '/EHc-'
2026-07-26T16:36:33.3451247Z cl : Command line warning D9025 : overriding '/Z7' with '/Zi'
2026-07-26T16:36:33.3451604Z cl : Command line warning D9025 : overriding '/EHs-' with '/EHs'
2026-07-26T16:36:33.3451965Z cl : Command line warning D9025 : overriding '/EHc-' with '/EHc'
2026-07-26T16:36:33.3452313Z cl : Command line warning D9025 : overriding '/Zi' with '/Z7'
2026-07-26T16:36:33.3455692Z [59/129] "C:/Program Files/Microsoft Visual Studio/18/Enterprise/VC/Tools/MSVC/14.51.36231/bin/Hostx64/x64/cl.exe" "-DWIN32" "-D_WINDOWS" "-utf-8" "-GR" "-EHsc" "-MP" "-MDd" "-Z7" "-Ob0" "-Od" "-RTC1" "-Isrc\harfbuzz.dll.p" "-Isrc" "-I..\src\14.2.1-f76ca539fc.clean\src" "-I." "-I..\src\14.2.1-f76ca539fc.clean" "-IC:/Program\\" "-IC:/Program Files/Microsoft Visual Studio/18/Enterprise/VC/vcpkg/installed/x64-windows/include" "/MDd" "/nologo" "/showIncludes" "/utf-8" "/Zc:__cplusplus" "/W2" "/EHs-c-" "/std:c++14" "/permissive-" "/Zi" "/wd4244" "/bigobj" "/utf-8" "-DHAVE_CONFIG_H" "-nologo" "-DWIN32" "-D_WINDOWS" "-utf-8" "-GR" "-EHsc" "-MP" "-MDd" "-Z7" "-Ob0" "-Od" "-RTC1" "Files/Microsoft\\" "Visual\\" "Studio/18/Enterprise/VC/vcpkg/installed/x64-windows/debug/../include" "Files/Microsoft\\" "Visual\\" "Studio/18/Enterprise/VC/vcpkg/installed/x64-windows/debug/../include/libpng16" "-DHB_DLL_EXPORT" "/Fdsrc\harfbuzz.dll.p\hb-static.cc.pdb" /Fosrc/harfbuzz.dll.p/hb-static.cc.obj "/c" ../src/14.2.1-f76ca539fc.clean/src/hb-static.cc
2026-07-26T16:36:33.3459810Z cl : Command line warning D9025 : overriding '/EHs' with '/EHs-'
2026-07-26T16:36:33.3460189Z cl : Command line warning D9025 : overriding '/EHc' with '/EHc-'
2026-07-26T16:36:33.3460550Z cl : Command line warning D9025 : overriding '/Z7' with '/Zi'
2026-07-26T16:36:33.3460898Z cl : Command line warning D9025 : overriding '/EHs-' with '/EHs'
2026-07-26T16:36:33.3461253Z cl : Command line warning D9025 : overriding '/EHc-' with '/EHc'
2026-07-26T16:36:33.3461603Z cl : Command line warning D9025 : overriding '/Zi' with '/Z7'
2026-07-26T16:36:33.3462368Z cl : Command line warning D9024 : unrecognized source file type 'Files/Microsoft\', object file assumed
2026-07-26T16:36:33.3462903Z cl : Command line warning D9027 : source file 'Files/Microsoft\' ignored
2026-07-26T16:36:33.3463390Z cl : Command line warning D9024 : unrecognized source file type 'Visual\', object file assumed
2026-07-26T16:36:33.3463871Z cl : Command line warning D9027 : source file 'Visual\' ignored
2026-07-26T16:36:33.3464632Z cl : Command line warning D9024 : unrecognized source file type 'Studio/18/Enterprise/VC/vcpkg/installed/x64-windows/debug/../include', object file assumed
2026-07-26T16:36:33.3466037Z cl : Command line warning D9027 : source file 'Studio/18/Enterprise/VC/vcpkg/installed/x64-windows/debug/../include' ignored
2026-07-26T16:36:33.3466746Z cl : Command line warning D9024 : unrecognized source file type 'Files/Microsoft\', object file assumed
2026-07-26T16:36:33.3467537Z cl : Command line warning D9027 : source file 'Files/Microsoft\' ignored
2026-07-26T16:36:33.3468151Z cl : Command line warning D9024 : unrecognized source file type 'Visual\', object file assumed
2026-07-26T16:36:33.3468642Z cl : Command line warning D9027 : source file 'Visual\' ignored
2026-07-26T16:36:33.3469371Z cl : Command line warning D9024 : unrecognized source file type 'Studio/18/Enterprise/VC/vcpkg/installed/x64-windows/debug/../include/libpng16', object file assumed
2026-07-26T16:36:33.3470317Z cl : Command line warning D9027 : source file 'Studio/18/Enterprise/VC/vcpkg/installed/x64-windows/debug/../include/libpng16' ignored
2026-07-26T16:36:33.3471066Z cl : Command line warning D9030 : '/showIncludes' is incompatible with multiprocessing; ignoring /MP switch
2026-07-26T16:36:33.3474548Z [60/129] "C:/Program Files/Microsoft Visual Studio/18/Enterprise/VC/Tools/MSVC/14.51.36231/bin/Hostx64/x64/cl.exe" "-DWIN32" "-D_WINDOWS" "-utf-8" "-GR" "-EHsc" "-MP" "-MDd" "-Z7" "-Ob0" "-Od" "-RTC1" "-Isrc\harfbuzz.dll.p" "-Isrc" "-I..\src\14.2.1-f76ca539fc.clean\src" "-I." "-I..\src\14.2.1-f76ca539fc.clean" "-IC:/Program\\" "-IC:/Program Files/Microsoft Visual Studio/18/Enterprise/VC/vcpkg/installed/x64-windows/include" "/MDd" "/nologo" "/showIncludes" "/utf-8" "/Zc:__cplusplus" "/W2" "/EHs-c-" "/std:c++14" "/permissive-" "/Zi" "/wd4244" "/bigobj" "/utf-8" "-DHAVE_CONFIG_H" "-nologo" "-DWIN32" "-D_WINDOWS" "-utf-8" "-GR" "-EHsc" "-MP" "-MDd" "-Z7" "-Ob0" "-Od" "-RTC1" "Files/Microsoft\\" "Visual\\" "Studio/18/Enterprise/VC/vcpkg/installed/x64-windows/debug/../include" "Files/Microsoft\\" "Visual\\" "Studio/18/Enterprise/VC/vcpkg/installed/x64-windows/debug/../include/libpng16" "-DHB_DLL_EXPORT" "/Fdsrc\harfbuzz.dll.p\hb-ft.cc.pdb" /Fosrc/harfbuzz.dll.p/hb-ft.cc.obj "/c" ../src/14.2.1-f76ca539fc.clean/src/hb-ft.cc
2026-07-26T16:36:33.3478022Z cl : Command line warning D9025 : overriding '/EHs' with '/EHs-'
2026-07-26T16:36:33.3478404Z cl : Command line warning D9025 : overriding '/EHc' with '/EHc-'
2026-07-26T16:36:33.3478791Z cl : Command line warning D9025 : overriding '/Z7' with '/Zi'
2026-07-26T16:36:33.3479151Z cl : Command line warning D9025 : overriding '/EHs-' with '/EHs'
2026-07-26T16:36:33.3479507Z cl : Command line warning D9025 : overriding '/EHc-' with '/EHc'
2026-07-26T16:36:33.3479861Z cl : Command line warning D9025 : overriding '/Zi' with '/Z7'
2026-07-26T16:36:33.3480347Z cl : Command line warning D9024 : unrecognized source file type 'Files/Microsoft\', object file assumed
2026-07-26T16:36:33.3480879Z cl : Command line warning D9027 : source file 'Files/Microsoft\' ignored
2026-07-26T16:36:33.3481375Z cl : Command line warning D9024 : unrecognized source file type 'Visual\', object file assumed
2026-07-26T16:36:33.3482051Z cl : Command line warning D9027 : source file 'Visual\' ignored
2026-07-26T16:36:33.3482749Z cl : Command line warning D9024 : unrecognized source file type 'Studio/18/Enterprise/VC/vcpkg/installed/x64-windows/debug/../include', object file assumed
2026-07-26T16:36:33.3483639Z cl : Command line warning D9027 : source file 'Studio/18/Enterprise/VC/vcpkg/installed/x64-windows/debug/../include' ignored
2026-07-26T16:36:33.3484338Z cl : Command line warning D9024 : unrecognized source file type 'Files/Microsoft\', object file assumed
2026-07-26T16:36:33.3484874Z cl : Command line warning D9027 : source file 'Files/Microsoft\' ignored
2026-07-26T16:36:33.3485365Z cl : Command line warning D9024 : unrecognized source file type 'Visual\', object file assumed
2026-07-26T16:36:33.3485836Z cl : Command line warning D9027 : source file 'Visual\' ignored
2026-07-26T16:36:33.3486544Z cl : Command line warning D9024 : unrecognized source file type 'Studio/18/Enterprise/VC/vcpkg/installed/x64-windows/debug/../include/libpng16', object file assumed
2026-07-26T16:36:33.3487802Z cl : Command line warning D9027 : source file 'Studio/18/Enterprise/VC/vcpkg/installed/x64-windows/debug/../include/libpng16' ignored
2026-07-26T16:36:33.3488575Z cl : Command line warning D9030 : '/showIncludes' is incompatible with multiprocessing; ignoring /MP switch
2026-07-26T16:36:33.3498818Z [61/129] "C:/Program Files/Microsoft Visual Studio/18/Enterprise/VC/Tools/MSVC/14.51.36231/bin/Hostx64/x64/link.exe"  /MACHINE:x64 /OUT:src/harfbuzz.dll src/harfbuzz.dll.p/hb-aat-layout.cc.obj src/harfbuzz.dll.p/hb-aat-map.cc.obj src/harfbuzz.dll.p/hb-blob.cc.obj src/harfbuzz.dll.p/hb-buffer-serialize.cc.obj src/harfbuzz.dll.p/hb-buffer-verify.cc.obj src/harfbuzz.dll.p/hb-buffer.cc.obj src/harfbuzz.dll.p/hb-common.cc.obj src/harfbuzz.dll.p/hb-draw.cc.obj src/harfbuzz.dll.p/hb-paint.cc.obj src/harfbuzz.dll.p/hb-paint-bounded.cc.obj src/harfbuzz.dll.p/hb-paint-extents.cc.obj src/harfbuzz.dll.p/hb-face.cc.obj src/harfbuzz.dll.p/hb-face-builder.cc.obj src/harfbuzz.dll.p/hb-fallback-shape.cc.obj src/harfbuzz.dll.p/hb-font.cc.obj src/harfbuzz.dll.p/hb-map.cc.obj src/harfbuzz.dll.p/hb-number.cc.obj src/harfbuzz.dll.p/hb-ot-cff1-table.cc.obj src/harfbuzz.dll.p/hb-ot-cff2-table.cc.obj src/harfbuzz.dll.p/hb-ot-color.cc.obj src/harfbuzz.dll.p/hb-ot-face.cc.obj src/harfbuzz.dll.p/hb-ot-font.cc.obj src/harfbuzz.dll.p/hb-outline.cc.obj src/harfbuzz.dll.p/OT_Var_VARC_VARC.cc.obj src/harfbuzz.dll.p/hb-ot-layout.cc.obj src/harfbuzz.dll.p/hb-ot-map.cc.obj src/harfbuzz.dll.p/hb-ot-math.cc.obj src/harfbuzz.dll.p/hb-ot-meta.cc.obj src/harfbuzz.dll.p/hb-ot-metrics.cc.obj src/harfbuzz.dll.p/hb-ot-name.cc.obj src/harfbuzz.dll.p/hb-ot-shaper-arabic.cc.obj src/harfbuzz.dll.p/hb-ot-shaper-default.cc.obj src/harfbuzz.dll.p/hb-ot-shaper-hangul.cc.obj src/harfbuzz.dll.p/hb-ot-shaper-hebrew.cc.obj src/harfbuzz.dll.p/hb-ot-shaper-indic-table.cc.obj src/harfbuzz.dll.p/hb-ot-shaper-indic.cc.obj src/harfbuzz.dll.p/hb-ot-shaper-khmer.cc.obj src/harfbuzz.dll.p/hb-ot-shaper-myanmar.cc.obj src/harfbuzz.dll.p/hb-ot-shaper-syllabic.cc.obj src/harfbuzz.dll.p/hb-ot-shaper-thai.cc.obj src/harfbuzz.dll.p/hb-ot-shaper-use.cc.obj src/harfbuzz.dll.p/hb-ot-shaper-vowel-constraints.cc.obj src/harfbuzz.dll.p/hb-ot-shape-fallback.cc.obj src/harfbuzz.dll.p/hb-ot-shape-normalize.cc.obj src/harfbuzz.dll.p/hb-ot-shape.cc.obj src/harfbuzz.dll.p/hb-ot-tag.cc.obj src/harfbuzz.dll.p/hb-ot-var.cc.obj src/harfbuzz.dll.p/hb-set.cc.obj src/harfbuzz.dll.p/hb-shape-plan.cc.obj src/harfbuzz.dll.p/hb-shape.cc.obj src/harfbuzz.dll.p/hb-shaper.cc.obj src/harfbuzz.dll.p/hb-static.cc.obj src/harfbuzz.dll.p/hb-style.cc.obj src/harfbuzz.dll.p/hb-ucd.cc.obj src/harfbuzz.dll.p/hb-unicode.cc.obj src/harfbuzz.dll.p/hb-ft.cc.obj "-INCREMENTAL" "/release" "/nologo" "/DEBUG" "/PDB:src\harfbuzz.pdb" "/DLL" "/IMPLIB:src\harfbuzz.lib" "-machine:x64" "-nologo" "-debug" "/LIBPATH:C:/Program Files/Microsoft Visual Studio/18/Enterprise/VC/vcpkg/installed/x64-windows/debug/lib" "Files/Microsoft\\" "Visual\\" "Studio/18/Enterprise/VC/vcpkg/installed/x64-windows/debug/lib" "/LIBPATH:C:/Program\\" "freetyped.lib" "kernel32.lib" "user32.lib" "gdi32.lib" "winspool.lib" "shell32.lib" "ole32.lib" "oleaut32.lib" "uuid.lib" "comdlg32.lib" "advapi32.lib"
2026-07-26T16:36:33.3509298Z FAILED: [code=1181] src/harfbuzz.dll src/harfbuzz.pdb 
2026-07-26T16:36:33.3519238Z "C:/Program Files/Microsoft Visual Studio/18/Enterprise/VC/Tools/MSVC/14.51.36231/bin/Hostx64/x64/link.exe"  /MACHINE:x64 /OUT:src/harfbuzz.dll src/harfbuzz.dll.p/hb-aat-layout.cc.obj src/harfbuzz.dll.p/hb-aat-map.cc.obj src/harfbuzz.dll.p/hb-blob.cc.obj src/harfbuzz.dll.p/hb-buffer-serialize.cc.obj src/harfbuzz.dll.p/hb-buffer-verify.cc.obj src/harfbuzz.dll.p/hb-buffer.cc.obj src/harfbuzz.dll.p/hb-common.cc.obj src/harfbuzz.dll.p/hb-draw.cc.obj src/harfbuzz.dll.p/hb-paint.cc.obj src/harfbuzz.dll.p/hb-paint-bounded.cc.obj src/harfbuzz.dll.p/hb-paint-extents.cc.obj src/harfbuzz.dll.p/hb-face.cc.obj src/harfbuzz.dll.p/hb-face-builder.cc.obj src/harfbuzz.dll.p/hb-fallback-shape.cc.obj src/harfbuzz.dll.p/hb-font.cc.obj src/harfbuzz.dll.p/hb-map.cc.obj src/harfbuzz.dll.p/hb-number.cc.obj src/harfbuzz.dll.p/hb-ot-cff1-table.cc.obj src/harfbuzz.dll.p/hb-ot-cff2-table.cc.obj src/harfbuzz.dll.p/hb-ot-color.cc.obj src/harfbuzz.dll.p/hb-ot-face.cc.obj src/harfbuzz.dll.p/hb-ot-font.cc.obj src/harfbuzz.dll.p/hb-outline.cc.obj src/harfbuzz.dll.p/OT_Var_VARC_VARC.cc.obj src/harfbuzz.dll.p/hb-ot-layout.cc.obj src/harfbuzz.dll.p/hb-ot-map.cc.obj src/harfbuzz.dll.p/hb-ot-math.cc.obj src/harfbuzz.dll.p/hb-ot-meta.cc.obj src/harfbuzz.dll.p/hb-ot-metrics.cc.obj src/harfbuzz.dll.p/hb-ot-name.cc.obj src/harfbuzz.dll.p/hb-ot-shaper-arabic.cc.obj src/harfbuzz.dll.p/hb-ot-shaper-default.cc.obj src/harfbuzz.dll.p/hb-ot-shaper-hangul.cc.obj src/harfbuzz.dll.p/hb-ot-shaper-hebrew.cc.obj src/harfbuzz.dll.p/hb-ot-shaper-indic-table.cc.obj src/harfbuzz.dll.p/hb-ot-shaper-indic.cc.obj src/harfbuzz.dll.p/hb-ot-shaper-khmer.cc.obj src/harfbuzz.dll.p/hb-ot-shaper-myanmar.cc.obj src/harfbuzz.dll.p/hb-ot-shaper-syllabic.cc.obj src/harfbuzz.dll.p/hb-ot-shaper-thai.cc.obj src/harfbuzz.dll.p/hb-ot-shaper-use.cc.obj src/harfbuzz.dll.p/hb-ot-shaper-vowel-constraints.cc.obj src/harfbuzz.dll.p/hb-ot-shape-fallback.cc.obj src/harfbuzz.dll.p/hb-ot-shape-normalize.cc.obj src/harfbuzz.dll.p/hb-ot-shape.cc.obj src/harfbuzz.dll.p/hb-ot-tag.cc.obj src/harfbuzz.dll.p/hb-ot-var.cc.obj src/harfbuzz.dll.p/hb-set.cc.obj src/harfbuzz.dll.p/hb-shape-plan.cc.obj src/harfbuzz.dll.p/hb-shape.cc.obj src/harfbuzz.dll.p/hb-shaper.cc.obj src/harfbuzz.dll.p/hb-static.cc.obj src/harfbuzz.dll.p/hb-style.cc.obj src/harfbuzz.dll.p/hb-ucd.cc.obj src/harfbuzz.dll.p/hb-unicode.cc.obj src/harfbuzz.dll.p/hb-ft.cc.obj "-INCREMENTAL" "/release" "/nologo" "/DEBUG" "/PDB:src\harfbuzz.pdb" "/DLL" "/IMPLIB:src\harfbuzz.lib" "-machine:x64" "-nologo" "-debug" "/LIBPATH:C:/Program Files/Microsoft Visual Studio/18/Enterprise/VC/vcpkg/installed/x64-windows/debug/lib" "Files/Microsoft\\" "Visual\\" "Studio/18/Enterprise/VC/vcpkg/installed/x64-windows/debug/lib" "/LIBPATH:C:/Program\\" "freetyped.lib" "kernel32.lib" "user32.lib" "gdi32.lib" "winspool.lib" "shell32.lib" "ole32.lib" "oleaut32.lib" "uuid.lib" "comdlg32.lib" "advapi32.lib"
2026-07-26T16:36:33.3529700Z LINK : warning LNK4075: ignoring '/INCREMENTAL' due to '/RELEASE' specification
2026-07-26T16:36:33.3530170Z LINK : fatal error LNK1181: cannot open input file 'Files\Microsoft\.obj'
2026-07-26T16:36:33.3532993Z [62/129] "C:/Program Files/Microsoft Visual Studio/18/Enterprise/VC/Tools/MSVC/14.51.36231/bin/Hostx64/x64/cl.exe" "-DWIN32" "-D_WINDOWS" "-utf-8" "-GR" "-EHsc" "-MP" "-MDd" "-Z7" "-Ob0" "-Od" "-RTC1" "-Isrc\harfbuzz-subset.dll.p" "-Isrc" "-I..\src\14.2.1-f76ca539fc.clean\src" "-I." "-I..\src\14.2.1-f76ca539fc.clean" "-IC:/Program Files/Microsoft Visual Studio/18/Enterprise/VC/vcpkg/installed/x64-windows/include" "/MDd" "/nologo" "/showIncludes" "/utf-8" "/Zc:__cplusplus" "/W2" "/EHs-c-" "/std:c++14" "/permissive-" "/Zi" "/wd4244" "/bigobj" "/utf-8" "-DHAVE_CONFIG_H" "-nologo" "-DWIN32" "-D_WINDOWS" "-utf-8" "-GR" "-EHsc" "-MP" "-MDd" "-Z7" "-Ob0" "-Od" "-RTC1" "-DHB_DLL_EXPORT" "/Fdsrc\harfbuzz-subset.dll.p\hb-ot-cff1-table.cc.pdb" /Fosrc/harfbuzz-subset.dll.p/hb-ot-cff1-table.cc.obj "/c" ../src/14.2.1-f76ca539fc.clean/src/hb-ot-cff1-table.cc
2026-07-26T16:36:33.3535738Z cl : Command line warning D9025 : overriding '/EHs' with '/EHs-'
2026-07-26T16:36:33.3536119Z cl : Command line warning D9025 : overriding '/EHc' with '/EHc-'
2026-07-26T16:36:33.3536479Z cl : Command line warning D9025 : overriding '/Z7' with '/Zi'
2026-07-26T16:36:33.3536831Z cl : Command line warning D9025 : overriding '/EHs-' with '/EHs'
2026-07-26T16:36:33.3537195Z cl : Command line warning D9025 : overriding '/EHc-' with '/EHc'
2026-07-26T16:36:33.3537546Z cl : Command line warning D9025 : overriding '/Zi' with '/Z7'
2026-07-26T16:36:33.3540362Z [63/129] "C:/Program Files/Microsoft Visual Studio/18/Enterprise/VC/Tools/MSVC/14.51.36231/bin/Hostx64/x64/cl.exe" "-DWIN32" "-D_WINDOWS" "-utf-8" "-GR" "-EHsc" "-MP" "-MDd" "-Z7" "-Ob0" "-Od" "-RTC1" "-Isrc\harfbuzz-subset.dll.p" "-Isrc" "-I..\src\14.2.1-f76ca539fc.clean\src" "-I." "-I..\src\14.2.1-f76ca539fc.clean" "-IC:/Program Files/Microsoft Visual Studio/18/Enterprise/VC/vcpkg/installed/x64-windows/include" "/MDd" "/nologo" "/showIncludes" "/utf-8" "/Zc:__cplusplus" "/W2" "/EHs-c-" "/std:c++14" "/permissive-" "/Zi" "/wd4244" "/bigobj" "/utf-8" "-DHAVE_CONFIG_H" "-nologo" "-DWIN32" "-D_WINDOWS" "-utf-8" "-GR" "-EHsc" "-MP" "-MDd" "-Z7" "-Ob0" "-Od" "-RTC1" "-DHB_DLL_EXPORT" "/Fdsrc\harfbuzz-subset.dll.p\hb-ot-cff2-table.cc.pdb" /Fosrc/harfbuzz-subset.dll.p/hb-ot-cff2-table.cc.obj "/c" ../src/14.2.1-f76ca539fc.clean/src/hb-ot-cff2-table.cc
2026-07-26T16:36:33.3544284Z cl : Command line warning D9025 : overriding '/EHs' with '/EHs-'
2026-07-26T16:36:33.3544855Z cl : Command line warning D9025 : overriding '/EHc' with '/EHc-'
2026-07-26T16:36:33.3545230Z cl : Command line warning D9025 : overriding '/Z7' with '/Zi'
2026-07-26T16:36:33.3545601Z cl : Command line warning D9025 : overriding '/EHs-' with '/EHs'
2026-07-26T16:36:33.3545970Z cl : Command line warning D9025 : overriding '/EHc-' with '/EHc'
2026-07-26T16:36:33.3546333Z cl : Command line warning D9025 : overriding '/Zi' with '/Z7'
2026-07-26T16:36:33.3549230Z [64/129] "C:/Program Files/Microsoft Visual Studio/18/Enterprise/VC/Tools/MSVC/14.51.36231/bin/Hostx64/x64/cl.exe" "-DWIN32" "-D_WINDOWS" "-utf-8" "-GR" "-EHsc" "-MP" "-MDd" "-Z7" "-Ob0" "-Od" "-RTC1" "-Isrc\harfbuzz-gpu.dll.p" "-Isrc" "-I..\src\14.2.1-f76ca539fc.clean\src" "-I." "-I..\src\14.2.1-f76ca539fc.clean" "-IC:/Program Files/Microsoft Visual Studio/18/Enterprise/VC/vcpkg/installed/x64-windows/include" "/MDd" "/nologo" "/showIncludes" "/utf-8" "/Zc:__cplusplus" "/W2" "/EHs-c-" "/std:c++14" "/permissive-" "/Zi" "/wd4244" "/bigobj" "/utf-8" "-DHAVE_CONFIG_H" "-nologo" "-DWIN32" "-D_WINDOWS" "-utf-8" "-GR" "-EHsc" "-MP" "-MDd" "-Z7" "-Ob0" "-Od" "-RTC1" "-DHB_DLL_EXPORT" "/Fdsrc\harfbuzz-gpu.dll.p\hb-static.cc.pdb" /Fosrc/harfbuzz-gpu.dll.p/hb-static.cc.obj "/c" ../src/14.2.1-f76ca539fc.clean/src/hb-static.cc
2026-07-26T16:36:33.3551911Z cl : Command line warning D9025 : overriding '/EHs' with '/EHs-'
2026-07-26T16:36:33.3552285Z cl : Command line warning D9025 : overriding '/EHc' with '/EHc-'
2026-07-26T16:36:33.3552646Z cl : Command line warning D9025 : overriding '/Z7' with '/Zi'
2026-07-26T16:36:33.3553006Z cl : Command line warning D9025 : overriding '/EHs-' with '/EHs'
2026-07-26T16:36:33.3553364Z cl : Command line warning D9025 : overriding '/EHc-' with '/EHc'
2026-07-26T16:36:33.3553715Z cl : Command line warning D9025 : overriding '/Zi' with '/Z7'
2026-07-26T16:36:33.3556511Z [65/129] "C:/Program Files/Microsoft Visual Studio/18/Enterprise/VC/Tools/MSVC/14.51.36231/bin/Hostx64/x64/cl.exe" "-DWIN32" "-D_WINDOWS" "-utf-8" "-GR" "-EHsc" "-MP" "-MDd" "-Z7" "-Ob0" "-Od" "-RTC1" "-Isrc\harfbuzz-subset.dll.p" "-Isrc" "-I..\src\14.2.1-f76ca539fc.clean\src" "-I." "-I..\src\14.2.1-f76ca539fc.clean" "-IC:/Program Files/Microsoft Visual Studio/18/Enterprise/VC/vcpkg/installed/x64-windows/include" "/MDd" "/nologo" "/showIncludes" "/utf-8" "/Zc:__cplusplus" "/W2" "/EHs-c-" "/std:c++14" "/permissive-" "/Zi" "/wd4244" "/bigobj" "/utf-8" "-DHAVE_CONFIG_H" "-nologo" "-DWIN32" "-D_WINDOWS" "-utf-8" "-GR" "-EHsc" "-MP" "-MDd" "-Z7" "-Ob0" "-Od" "-RTC1" "-DHB_DLL_EXPORT" "/Fdsrc\harfbuzz-subset.dll.p\hb-subset-cff-common.cc.pdb" /Fosrc/harfbuzz-subset.dll.p/hb-subset-cff-common.cc.obj "/c" ../src/14.2.1-f76ca539fc.clean/src/hb-subset-cff-common.cc
2026-07-26T16:36:33.3559745Z cl : Command line warning D9025 : overriding '/EHs' with '/EHs-'
2026-07-26T16:36:33.3560795Z cl : Command line warning D9025 : overriding '/EHc' with '/EHc-'
2026-07-26T16:36:33.3561346Z cl : Command line warning D9025 : overriding '/Z7' with '/Zi'
2026-07-26T16:36:33.3561702Z cl : Command line warning D9025 : overriding '/EHs-' with '/EHs'
2026-07-26T16:36:33.3562064Z cl : Command line warning D9025 : overriding '/EHc-' with '/EHc'
2026-07-26T16:36:33.3562605Z cl : Command line warning D9025 : overriding '/Zi' with '/Z7'
2026-07-26T16:36:33.3565763Z [66/129] "C:/Program Files/Microsoft Visual Studio/18/Enterprise/VC/Tools/MSVC/14.51.36231/bin/Hostx64/x64/cl.exe" "-DWIN32" "-D_WINDOWS" "-utf-8" "-GR" "-EHsc" "-MP" "-MDd" "-Z7" "-Ob0" "-Od" "-RTC1" "-Isrc\harfbuzz-subset.dll.p" "-Isrc" "-I..\src\14.2.1-f76ca539fc.clean\src" "-I." "-I..\src\14.2.1-f76ca539fc.clean" "-IC:/Program Files/Microsoft Visual Studio/18/Enterprise/VC/vcpkg/installed/x64-windows/include" "/MDd" "/nologo" "/showIncludes" "/utf-8" "/Zc:__cplusplus" "/W2" "/EHs-c-" "/std:c++14" "/permissive-" "/Zi" "/wd4244" "/bigobj" "/utf-8" "-DHAVE_CONFIG_H" "-nologo" "-DWIN32" "-D_WINDOWS" "-utf-8" "-GR" "-EHsc" "-MP" "-MDd" "-Z7" "-Ob0" "-Od" "-RTC1" "-DHB_DLL_EXPORT" "/Fdsrc\harfbuzz-subset.dll.p\hb-static.cc.pdb" /Fosrc/harfbuzz-subset.dll.p/hb-static.cc.obj "/c" ../src/14.2.1-f76ca539fc.clean/src/hb-static.cc
2026-07-26T16:36:33.3569357Z cl : Command line warning D9025 : overriding '/EHs' with '/EHs-'
2026-07-26T16:36:33.3570061Z cl : Command line warning D9025 : overriding '/EHc' with '/EHc-'
2026-07-26T16:36:33.3570715Z cl : Command line warning D9025 : overriding '/Z7' with '/Zi'
2026-07-26T16:36:33.3571365Z cl : Command line warning D9025 : overriding '/EHs-' with '/EHs'
2026-07-26T16:36:33.3572028Z cl : Command line warning D9025 : overriding '/EHc-' with '/EHc'
2026-07-26T16:36:33.3572686Z cl : Command line warning D9025 : overriding '/Zi' with '/Z7'
2026-07-26T16:36:33.3573260Z ninja: build stopped: subcommand failed.
2026-07-26T16:36:33.3573678Z ```
2026-07-26T16:36:33.3573936Z </details>
2026-07-26T16:36:33.3574098Z 
2026-07-26T16:36:33.3574229Z **Additional context**
2026-07-26T16:36:33.3574454Z 
2026-07-26T16:36:33.3574613Z <details><summary>vcpkg.json</summary>
2026-07-26T16:36:33.3574926Z 
2026-07-26T16:36:33.3575032Z ```
2026-07-26T16:36:33.3575299Z {
2026-07-26T16:36:33.3575980Z   "$schema": "https://raw.githubusercontent.com/microsoft/vcpkg-tool/main/docs/vcpkg.schema.json",
2026-07-26T16:36:33.3576701Z   "name": "adriatic",
2026-07-26T16:36:33.3577012Z   "version-string": "0.1.0",
2026-07-26T16:36:33.3577526Z   "builtin-baseline": "a0400024711b283056538ac19ced80b91a83c24c",
2026-07-26T16:36:33.3578087Z   "dependencies": [
2026-07-26T16:36:33.3578394Z     "freetype",
2026-07-26T16:36:33.3578679Z     "harfbuzz",
2026-07-26T16:36:33.3579027Z     {
2026-07-26T16:36:33.3579333Z       "name": "sdl3",
2026-07-26T16:36:33.3579658Z       "features": [
2026-07-26T16:36:33.3580304Z         "vulkan"
2026-07-26T16:36:33.3580615Z       ]
2026-07-26T16:36:33.3580932Z     },
2026-07-26T16:36:33.3581194Z     "vulkan-headers",
2026-07-26T16:36:33.3581538Z     "vulkan-loader"
2026-07-26T16:36:33.3581847Z   ]
2026-07-26T16:36:33.3582111Z }
2026-07-26T16:36:33.3582253Z 
2026-07-26T16:36:33.3582361Z ```
2026-07-26T16:36:33.3582601Z </details>
2026-07-26T16:36:33.3583228Z ##[endgroup]
2026-07-26T16:36:33.3583839Z ##[group]package-x64-windows-dbg-out.log
2026-07-26T16:36:33.3589646Z [1/129] "C:/Program Files/Microsoft Visual Studio/18/Enterprise/VC/Tools/MSVC/14.51.36231/bin/Hostx64/x64/cl.exe" "-DWIN32" "-D_WINDOWS" "-utf-8" "-GR" "-EHsc" "-MP" "-MDd" "-Z7" "-Ob0" "-Od" "-RTC1" "-Isrc\harfbuzz.dll.p" "-Isrc" "-I..\src\14.2.1-f76ca539fc.clean\src" "-I." "-I..\src\14.2.1-f76ca539fc.clean" "-IC:/Program\\" "-IC:/Program Files/Microsoft Visual Studio/18/Enterprise/VC/vcpkg/installed/x64-windows/include" "/MDd" "/nologo" "/showIncludes" "/utf-8" "/Zc:__cplusplus" "/W2" "/EHs-c-" "/std:c++14" "/permissive-" "/Zi" "/wd4244" "/bigobj" "/utf-8" "-DHAVE_CONFIG_H" "-nologo" "-DWIN32" "-D_WINDOWS" "-utf-8" "-GR" "-EHsc" "-MP" "-MDd" "-Z7" "-Ob0" "-Od" "-RTC1" "Files/Microsoft\\" "Visual\\" "Studio/18/Enterprise/VC/vcpkg/installed/x64-windows/debug/../include" "Files/Microsoft\\" "Visual\\" "Studio/18/Enterprise/VC/vcpkg/installed/x64-windows/debug/../include/libpng16" "-DHB_DLL_EXPORT" "/Fdsrc\harfbuzz.dll.p\hb-buffer-verify.cc.pdb" /Fosrc/harfbuzz.dll.p/hb-buffer-verify.cc.obj "/c" ../src/14.2.1-f76ca539fc.clean/src/hb-buffer-verify.cc
2026-07-26T16:36:33.3596335Z cl : Command line warning D9025 : overriding '/EHs' with '/EHs-'
2026-07-26T16:36:33.3596958Z cl : Command line warning D9025 : overriding '/EHc' with '/EHc-'
2026-07-26T16:36:33.3597357Z cl : Command line warning D9025 : overriding '/Z7' with '/Zi'
2026-07-26T16:36:33.3597750Z cl : Command line warning D9025 : overriding '/EHs-' with '/EHs'
2026-07-26T16:36:33.3598519Z cl : Command line warning D9025 : overriding '/EHc-' with '/EHc'
2026-07-26T16:36:33.3598918Z cl : Command line warning D9025 : overriding '/Zi' with '/Z7'
2026-07-26T16:36:33.3599419Z cl : Command line warning D9024 : unrecognized source file type 'Files/Microsoft\', object file assumed
2026-07-26T16:36:33.3600522Z cl : Command line warning D9027 : source file 'Files/Microsoft\' ignored
2026-07-26T16:36:33.3601055Z cl : Command line warning D9024 : unrecognized source file type 'Visual\', object file assumed
2026-07-26T16:36:33.3601540Z cl : Command line warning D9027 : source file 'Visual\' ignored
2026-07-26T16:36:33.3602243Z cl : Command line warning D9024 : unrecognized source file type 'Studio/18/Enterprise/VC/vcpkg/installed/x64-windows/debug/../include', object file assumed
2026-07-26T16:36:33.3603138Z cl : Command line warning D9027 : source file 'Studio/18/Enterprise/VC/vcpkg/installed/x64-windows/debug/../include' ignored
2026-07-26T16:36:33.3603842Z cl : Command line warning D9024 : unrecognized source file type 'Files/Microsoft\', object file assumed
2026-07-26T16:36:33.3604384Z cl : Command line warning D9027 : source file 'Files/Microsoft\' ignored
2026-07-26T16:36:33.3604875Z cl : Command line warning D9024 : unrecognized source file type 'Visual\', object file assumed
2026-07-26T16:36:33.3605348Z cl : Command line warning D9027 : source file 'Visual\' ignored
2026-07-26T16:36:33.3606061Z cl : Command line warning D9024 : unrecognized source file type 'Studio/18/Enterprise/VC/vcpkg/installed/x64-windows/debug/../include/libpng16', object file assumed
2026-07-26T16:36:33.3607017Z cl : Command line warning D9027 : source file 'Studio/18/Enterprise/VC/vcpkg/installed/x64-windows/debug/../include/libpng16' ignored
2026-07-26T16:36:33.3607774Z cl : Command line warning D9030 : '/showIncludes' is incompatible with multiprocessing; ignoring /MP switch
2026-07-26T16:36:33.3611469Z [2/129] "C:/Program Files/Microsoft Visual Studio/18/Enterprise/VC/Tools/MSVC/14.51.36231/bin/Hostx64/x64/cl.exe" "-DWIN32" "-D_WINDOWS" "-utf-8" "-GR" "-EHsc" "-MP" "-MDd" "-Z7" "-Ob0" "-Od" "-RTC1" "-Isrc\harfbuzz.dll.p" "-Isrc" "-I..\src\14.2.1-f76ca539fc.clean\src" "-I." "-I..\src\14.2.1-f76ca539fc.clean" "-IC:/Program\\" "-IC:/Program Files/Microsoft Visual Studio/18/Enterprise/VC/vcpkg/installed/x64-windows/include" "/MDd" "/nologo" "/showIncludes" "/utf-8" "/Zc:__cplusplus" "/W2" "/EHs-c-" "/std:c++14" "/permissive-" "/Zi" "/wd4244" "/bigobj" "/utf-8" "-DHAVE_CONFIG_H" "-nologo" "-DWIN32" "-D_WINDOWS" "-utf-8" "-GR" "-EHsc" "-MP" "-MDd" "-Z7" "-Ob0" "-Od" "-RTC1" "Files/Microsoft\\" "Visual\\" "Studio/18/Enterprise/VC/vcpkg/installed/x64-windows/debug/../include" "Files/Microsoft\\" "Visual\\" "Studio/18/Enterprise/VC/vcpkg/installed/x64-windows/debug/../include/libpng16" "-DHB_DLL_EXPORT" "/Fdsrc\harfbuzz.dll.p\hb-blob.cc.pdb" /Fosrc/harfbuzz.dll.p/hb-blob.cc.obj "/c" ../src/14.2.1-f76ca539fc.clean/src/hb-blob.cc
2026-07-26T16:36:33.3614985Z cl : Command line warning D9025 : overriding '/EHs' with '/EHs-'
2026-07-26T16:36:33.3615373Z cl : Command line warning D9025 : overriding '/EHc' with '/EHc-'
2026-07-26T16:36:33.3615741Z cl : Command line warning D9025 : overriding '/Z7' with '/Zi'
2026-07-26T16:36:33.3616105Z cl : Command line warning D9025 : overriding '/EHs-' with '/EHs'
2026-07-26T16:36:33.3616466Z cl : Command line warning D9025 : overriding '/EHc-' with '/EHc'
2026-07-26T16:36:33.3616821Z cl : Command line warning D9025 : overriding '/Zi' with '/Z7'
2026-07-26T16:36:33.3617320Z cl : Command line warning D9024 : unrecognized source file type 'Files/Microsoft\', object file assumed
2026-07-26T16:36:33.3618774Z cl : Command line warning D9027 : source file 'Files/Microsoft\' ignored
2026-07-26T16:36:33.3619274Z cl : Command line warning D9024 : unrecognized source file type 'Visual\', object file assumed
2026-07-26T16:36:33.3619755Z cl : Command line warning D9027 : source file 'Visual\' ignored
2026-07-26T16:36:33.3620801Z cl : Command line warning D9024 : unrecognized source file type 'Studio/18/Enterprise/VC/vcpkg/installed/x64-windows/debug/../include', object file assumed
2026-07-26T16:36:33.3621742Z cl : Command line warning D9027 : source file 'Studio/18/Enterprise/VC/vcpkg/installed/x64-windows/debug/../include' ignored
2026-07-26T16:36:33.3622450Z cl : Command line warning D9024 : unrecognized source file type 'Files/Microsoft\', object file assumed
2026-07-26T16:36:33.3622991Z cl : Command line warning D9027 : source file 'Files/Microsoft\' ignored
2026-07-26T16:36:33.3623488Z cl : Command line warning D9024 : unrecognized source file type 'Visual\', object file assumed
2026-07-26T16:36:33.3623979Z cl : Command line warning D9027 : source file 'Visual\' ignored
2026-07-26T16:36:33.3624720Z cl : Command line warning D9024 : unrecognized source file type 'Studio/18/Enterprise/VC/vcpkg/installed/x64-windows/debug/../include/libpng16', object file assumed
2026-07-26T16:36:33.3625681Z cl : Command line warning D9027 : source file 'Studio/18/Enterprise/VC/vcpkg/installed/x64-windows/debug/../include/libpng16' ignored
2026-07-26T16:36:33.3626435Z cl : Command line warning D9030 : '/showIncludes' is incompatible with multiprocessing; ignoring /MP switch
2026-07-26T16:36:33.3630272Z [3/129] "C:/Program Files/Microsoft Visual Studio/18/Enterprise/VC/Tools/MSVC/14.51.36231/bin/Hostx64/x64/cl.exe" "-DWIN32" "-D_WINDOWS" "-utf-8" "-GR" "-EHsc" "-MP" "-MDd" "-Z7" "-Ob0" "-Od" "-RTC1" "-Isrc\harfbuzz.dll.p" "-Isrc" "-I..\src\14.2.1-f76ca539fc.clean\src" "-I." "-I..\src\14.2.1-f76ca539fc.clean" "-IC:/Program\\" "-IC:/Program Files/Microsoft Visual Studio/18/Enterprise/VC/vcpkg/installed/x64-windows/include" "/MDd" "/nologo" "/showIncludes" "/utf-8" "/Zc:__cplusplus" "/W2" "/EHs-c-" "/std:c++14" "/permissive-" "/Zi" "/wd4244" "/bigobj" "/utf-8" "-DHAVE_CONFIG_H" "-nologo" "-DWIN32" "-D_WINDOWS" "-utf-8" "-GR" "-EHsc" "-MP" "-MDd" "-Z7" "-Ob0" "-Od" "-RTC1" "Files/Microsoft\\" "Visual\\" "Studio/18/Enterprise/VC/vcpkg/installed/x64-windows/debug/../include" "Files/Microsoft\\" "Visual\\" "Studio/18/Enterprise/VC/vcpkg/installed/x64-windows/debug/../include/libpng16" "-DHB_DLL_EXPORT" "/Fdsrc\harfbuzz.dll.p\hb-buffer-serialize.cc.pdb" /Fosrc/harfbuzz.dll.p/hb-buffer-serialize.cc.obj "/c" ../src/14.2.1-f76ca539fc.clean/src/hb-buffer-serialize.cc
2026-07-26T16:36:33.3633898Z cl : Command line warning D9025 : overriding '/EHs' with '/EHs-'
2026-07-26T16:36:33.3634275Z cl : Command line warning D9025 : overriding '/EHc' with '/EHc-'
2026-07-26T16:36:33.3634639Z cl : Command line warning D9025 : overriding '/Z7' with '/Zi'
2026-07-26T16:36:33.3635003Z cl : Command line warning D9025 : overriding '/EHs-' with '/EHs'
2026-07-26T16:36:33.3635365Z cl : Command line warning D9025 : overriding '/EHc-' with '/EHc'
2026-07-26T16:36:33.3635718Z cl : Command line warning D9025 : overriding '/Zi' with '/Z7'
2026-07-26T16:36:33.3636200Z cl : Command line warning D9024 : unrecognized source file type 'Files/Microsoft\', object file assumed
2026-07-26T16:36:33.3636734Z cl : Command line warning D9027 : source file 'Files/Microsoft\' ignored
2026-07-26T16:36:33.3637221Z cl : Command line warning D9024 : unrecognized source file type 'Visual\', object file assumed
2026-07-26T16:36:33.3638211Z cl : Command line warning D9027 : source file 'Visual\' ignored
2026-07-26T16:36:33.3638914Z cl : Command line warning D9024 : unrecognized source file type 'Studio/18/Enterprise/VC/vcpkg/installed/x64-windows/debug/../include', object file assumed
2026-07-26T16:36:33.3639808Z cl : Command line warning D9027 : source file 'Studio/18/Enterprise/VC/vcpkg/installed/x64-windows/debug/../include' ignored
2026-07-26T16:36:33.3640833Z cl : Command line warning D9024 : unrecognized source file type 'Files/Microsoft\', object file assumed
2026-07-26T16:36:33.3641591Z cl : Command line warning D9027 : source file 'Files/Microsoft\' ignored
2026-07-26T16:36:33.3642087Z cl : Command line warning D9024 : unrecognized source file type 'Visual\', object file assumed
2026-07-26T16:36:33.3643104Z cl : Command line warning D9027 : source file 'Visual\' ignored
2026-07-26T16:36:33.3643871Z cl : Command line warning D9024 : unrecognized source file type 'Studio/18/Enterprise/VC/vcpkg/installed/x64-windows/debug/../include/libpng16', object file assumed
2026-07-26T16:36:33.3645095Z cl : Command line warning D9027 : source file 'Studio/18/Enterprise/VC/vcpkg/installed/x64-windows/debug/../include/libpng16' ignored
2026-07-26T16:36:33.3645851Z cl : Command line warning D9030 : '/showIncludes' is incompatible with multiprocessing; ignoring /MP switch
2026-07-26T16:36:33.3649661Z [4/129] "C:/Program Files/Microsoft Visual Studio/18/Enterprise/VC/Tools/MSVC/14.51.36231/bin/Hostx64/x64/cl.exe" "-DWIN32" "-D_WINDOWS" "-utf-8" "-GR" "-EHsc" "-MP" "-MDd" "-Z7" "-Ob0" "-Od" "-RTC1" "-Isrc\harfbuzz.dll.p" "-Isrc" "-I..\src\14.2.1-f76ca539fc.clean\src" "-I." "-I..\src\14.2.1-f76ca539fc.clean" "-IC:/Program\\" "-IC:/Program Files/Microsoft Visual Studio/18/Enterprise/VC/vcpkg/installed/x64-windows/include" "/MDd" "/nologo" "/showIncludes" "/utf-8" "/Zc:__cplusplus" "/W2" "/EHs-c-" "/std:c++14" "/permissive-" "/Zi" "/wd4244" "/bigobj" "/utf-8" "-DHAVE_CONFIG_H" "-nologo" "-DWIN32" "-D_WINDOWS" "-utf-8" "-GR" "-EHsc" "-MP" "-MDd" "-Z7" "-Ob0" "-Od" "-RTC1" "Files/Microsoft\\" "Visual\\" "Studio/18/Enterprise/VC/vcpkg/installed/x64-windows/debug/../include" "Files/Microsoft\\" "Visual\\" "Studio/18/Enterprise/VC/vcpkg/installed/x64-windows/debug/../include/libpng16" "-DHB_DLL_EXPORT" "/Fdsrc\harfbuzz.dll.p\hb-buffer.cc.pdb" /Fosrc/harfbuzz.dll.p/hb-buffer.cc.obj "/c" ../src/14.2.1-f76ca539fc.clean/src/hb-buffer.cc
2026-07-26T16:36:33.3653158Z cl : Command line warning D9025 : overriding '/EHs' with '/EHs-'
2026-07-26T16:36:33.3653544Z cl : Command line warning D9025 : overriding '/EHc' with '/EHc-'
2026-07-26T16:36:33.3653906Z cl : Command line warning D9025 : overriding '/Z7' with '/Zi'
2026-07-26T16:36:33.3654267Z cl : Command line warning D9025 : overriding '/EHs-' with '/EHs'
2026-07-26T16:36:33.3654628Z cl : Command line warning D9025 : overriding '/EHc-' with '/EHc'
2026-07-26T16:36:33.3654986Z cl : Command line warning D9025 : overriding '/Zi' with '/Z7'
2026-07-26T16:36:33.3655475Z cl : Command line warning D9024 : unrecognized source file type 'Files/Microsoft\', object file assumed
2026-07-26T16:36:33.3656019Z cl : Command line warning D9027 : source file 'Files/Microsoft\' ignored
2026-07-26T16:36:33.3656517Z cl : Command line warning D9024 : unrecognized source file type 'Visual\', object file assumed
2026-07-26T16:36:33.3656992Z cl : Command line warning D9027 : source file 'Visual\' ignored
2026-07-26T16:36:33.3657693Z cl : Command line warning D9024 : unrecognized source file type 'Studio/18/Enterprise/VC/vcpkg/installed/x64-windows/debug/../include', object file assumed
2026-07-26T16:36:33.3658574Z cl : Command line warning D9027 : source file 'Studio/18/Enterprise/VC/vcpkg/installed/x64-windows/debug/../include' ignored
2026-07-26T16:36:33.3659281Z cl : Command line warning D9024 : unrecognized source file type 'Files/Microsoft\', object file assumed
2026-07-26T16:36:33.3659809Z cl : Command line warning D9027 : source file 'Files/Microsoft\' ignored
2026-07-26T16:36:33.3660292Z cl : Command line warning D9024 : unrecognized source file type 'Visual\', object file assumed
2026-07-26T16:36:33.3660942Z cl : Command line warning D9027 : source file 'Visual\' ignored
2026-07-26T16:36:33.3661652Z cl : Command line warning D9024 : unrecognized source file type 'Studio/18/Enterprise/VC/vcpkg/installed/x64-windows/debug/../include/libpng16', object file assumed
2026-07-26T16:36:33.3662602Z cl : Command line warning D9027 : source file 'Studio/18/Enterprise/VC/vcpkg/installed/x64-windows/debug/../include/libpng16' ignored
2026-07-26T16:36:33.3663560Z cl : Command line warning D9030 : '/showIncludes' is incompatible with multiprocessing; ignoring /MP switch
2026-07-26T16:36:33.3667138Z [5/129] "C:/Program Files/Microsoft Visual Studio/18/Enterprise/VC/Tools/MSVC/14.51.36231/bin/Hostx64/x64/cl.exe" "-DWIN32" "-D_WINDOWS" "-utf-8" "-GR" "-EHsc" "-MP" "-MDd" "-Z7" "-Ob0" "-Od" "-RTC1" "-Isrc\harfbuzz.dll.p" "-Isrc" "-I..\src\14.2.1-f76ca539fc.clean\src" "-I." "-I..\src\14.2.1-f76ca539fc.clean" "-IC:/Program\\" "-IC:/Program Files/Microsoft Visual Studio/18/Enterprise/VC/vcpkg/installed/x64-windows/include" "/MDd" "/nologo" "/showIncludes" "/utf-8" "/Zc:__cplusplus" "/W2" "/EHs-c-" "/std:c++14" "/permissive-" "/Zi" "/wd4244" "/bigobj" "/utf-8" "-DHAVE_CONFIG_H" "-nologo" "-DWIN32" "-D_WINDOWS" "-utf-8" "-GR" "-EHsc" "-MP" "-MDd" "-Z7" "-Ob0" "-Od" "-RTC1" "Files/Microsoft\\" "Visual\\" "Studio/18/Enterprise/VC/vcpkg/installed/x64-windows/debug/../include" "Files/Microsoft\\" "Visual\\" "Studio/18/Enterprise/VC/vcpkg/installed/x64-windows/debug/../include/libpng16" "-DHB_DLL_EXPORT" "/Fdsrc\harfbuzz.dll.p\hb-common.cc.pdb" /Fosrc/harfbuzz.dll.p/hb-common.cc.obj "/c" ../src/14.2.1-f76ca539fc.clean/src/hb-common.cc
2026-07-26T16:36:33.3670863Z cl : Command line warning D9025 : overriding '/EHs' with '/EHs-'
2026-07-26T16:36:33.3671238Z cl : Command line warning D9025 : overriding '/EHc' with '/EHc-'
2026-07-26T16:36:33.3671590Z cl : Command line warning D9025 : overriding '/Z7' with '/Zi'
2026-07-26T16:36:33.3671943Z cl : Command line warning D9025 : overriding '/EHs-' with '/EHs'
2026-07-26T16:36:33.3672297Z cl : Command line warning D9025 : overriding '/EHc-' with '/EHc'
2026-07-26T16:36:33.3672656Z cl : Command line warning D9025 : overriding '/Zi' with '/Z7'
2026-07-26T16:36:33.3673143Z cl : Command line warning D9024 : unrecognized source file type 'Files/Microsoft\', object file assumed
2026-07-26T16:36:33.3673681Z cl : Command line warning D9027 : source file 'Files/Microsoft\' ignored
2026-07-26T16:36:33.3674166Z cl : Command line warning D9024 : unrecognized source file type 'Visual\', object file assumed
2026-07-26T16:36:33.3674642Z cl : Command line warning D9027 : source file 'Visual\' ignored
2026-07-26T16:36:33.3675328Z cl : Command line warning D9024 : unrecognized source file type 'Studio/18/Enterprise/VC/vcpkg/installed/x64-windows/debug/../include', object file assumed
2026-07-26T16:36:33.3676207Z cl : Command line warning D9027 : source file 'Studio/18/Enterprise/VC/vcpkg/installed/x64-windows/debug/../include' ignored
2026-07-26T16:36:33.3676897Z cl : Command line warning D9024 : unrecognized source file type 'Files/Microsoft\', object file assumed
2026-07-26T16:36:33.3677460Z cl : Command line warning D9027 : source file 'Files/Microsoft\' ignored
2026-07-26T16:36:33.3677938Z cl : Command line warning D9024 : unrecognized source file type 'Visual\', object file assumed
2026-07-26T16:36:33.3678410Z cl : Command line warning D9027 : source file 'Visual\' ignored
2026-07-26T16:36:33.3679116Z cl : Command line warning D9024 : unrecognized source file type 'Studio/18/Enterprise/VC/vcpkg/installed/x64-windows/debug/../include/libpng16', object file assumed
2026-07-26T16:36:33.3680060Z cl : Command line warning D9027 : source file 'Studio/18/Enterprise/VC/vcpkg/installed/x64-windows/debug/../include/libpng16' ignored
2026-07-26T16:36:33.3680988Z cl : Command line warning D9030 : '/showIncludes' is incompatible with multiprocessing; ignoring /MP switch
2026-07-26T16:36:33.3684621Z [6/129] "C:/Program Files/Microsoft Visual Studio/18/Enterprise/VC/Tools/MSVC/14.51.36231/bin/Hostx64/x64/cl.exe" "-DWIN32" "-D_WINDOWS" "-utf-8" "-GR" "-EHsc" "-MP" "-MDd" "-Z7" "-Ob0" "-Od" "-RTC1" "-Isrc\harfbuzz.dll.p" "-Isrc" "-I..\src\14.2.1-f76ca539fc.clean\src" "-I." "-I..\src\14.2.1-f76ca539fc.clean" "-IC:/Program\\" "-IC:/Program Files/Microsoft Visual Studio/18/Enterprise/VC/vcpkg/installed/x64-windows/include" "/MDd" "/nologo" "/showIncludes" "/utf-8" "/Zc:__cplusplus" "/W2" "/EHs-c-" "/std:c++14" "/permissive-" "/Zi" "/wd4244" "/bigobj" "/utf-8" "-DHAVE_CONFIG_H" "-nologo" "-DWIN32" "-D_WINDOWS" "-utf-8" "-GR" "-EHsc" "-MP" "-MDd" "-Z7" "-Ob0" "-Od" "-RTC1" "Files/Microsoft\\" "Visual\\" "Studio/18/Enterprise/VC/vcpkg/installed/x64-windows/debug/../include" "Files/Microsoft\\" "Visual\\" "Studio/18/Enterprise/VC/vcpkg/installed/x64-windows/debug/../include/libpng16" "-DHB_DLL_EXPORT" "/Fdsrc\harfbuzz.dll.p\hb-draw.cc.pdb" /Fosrc/harfbuzz.dll.p/hb-draw.cc.obj "/c" ../src/14.2.1-f76ca539fc.clean/src/hb-draw.cc
2026-07-26T16:36:33.3688145Z cl : Command line warning D9025 : overriding '/EHs' with '/EHs-'
2026-07-26T16:36:33.3688513Z cl : Command line warning D9025 : overriding '/EHc' with '/EHc-'
2026-07-26T16:36:33.3688959Z cl : Command line warning D9025 : overriding '/Z7' with '/Zi'
2026-07-26T16:36:33.3689431Z cl : Command line warning D9025 : overriding '/EHs-' with '/EHs'
2026-07-26T16:36:33.3689792Z cl : Command line warning D9025 : overriding '/EHc-' with '/EHc'
2026-07-26T16:36:33.3690141Z cl : Command line warning D9025 : overriding '/Zi' with '/Z7'
2026-07-26T16:36:33.3690623Z cl : Command line warning D9024 : unrecognized source file type 'Files/Microsoft\', object file assumed
2026-07-26T16:36:33.3691144Z cl : Command line warning D9027 : source file 'Files/Microsoft\' ignored
2026-07-26T16:36:33.3691644Z cl : Command line warning D9024 : unrecognized source file type 'Visual\', object file assumed
2026-07-26T16:36:33.3692111Z cl : Command line warning D9027 : source file 'Visual\' ignored
2026-07-26T16:36:33.3692785Z cl : Command line warning D9024 : unrecognized source file type 'Studio/18/Enterprise/VC/vcpkg/installed/x64-windows/debug/../include', object file assumed
2026-07-26T16:36:33.3693664Z cl : Command line warning D9027 : source file 'Studio/18/Enterprise/VC/vcpkg/installed/x64-windows/debug/../include' ignored
2026-07-26T16:36:33.3694356Z cl : Command line warning D9024 : unrecognized source file type 'Files/Microsoft\', object file assumed
2026-07-26T16:36:33.3694888Z cl : Command line warning D9027 : source file 'Files/Microsoft\' ignored
2026-07-26T16:36:33.3695376Z cl : Command line warning D9024 : unrecognized source file type 'Visual\', object file assumed
2026-07-26T16:36:33.3695837Z cl : Command line warning D9027 : source file 'Visual\' ignored
2026-07-26T16:36:33.3696543Z cl : Command line warning D9024 : unrecognized source file type 'Studio/18/Enterprise/VC/vcpkg/installed/x64-windows/debug/../include/libpng16', object file assumed
2026-07-26T16:36:33.3697488Z cl : Command line warning D9027 : source file 'Studio/18/Enterprise/VC/vcpkg/installed/x64-windows/debug/../include/libpng16' ignored
2026-07-26T16:36:33.3698231Z cl : Command line warning D9030 : '/showIncludes' is incompatible with multiprocessing; ignoring /MP switch
2026-07-26T16:36:33.3701913Z [7/129] "C:/Program Files/Microsoft Visual Studio/18/Enterprise/VC/Tools/MSVC/14.51.36231/bin/Hostx64/x64/cl.exe" "-DWIN32" "-D_WINDOWS" "-utf-8" "-GR" "-EHsc" "-MP" "-MDd" "-Z7" "-Ob0" "-Od" "-RTC1" "-Isrc\harfbuzz.dll.p" "-Isrc" "-I..\src\14.2.1-f76ca539fc.clean\src" "-I." "-I..\src\14.2.1-f76ca539fc.clean" "-IC:/Program\\" "-IC:/Program Files/Microsoft Visual Studio/18/Enterprise/VC/vcpkg/installed/x64-windows/include" "/MDd" "/nologo" "/showIncludes" "/utf-8" "/Zc:__cplusplus" "/W2" "/EHs-c-" "/std:c++14" "/permissive-" "/Zi" "/wd4244" "/bigobj" "/utf-8" "-DHAVE_CONFIG_H" "-nologo" "-DWIN32" "-D_WINDOWS" "-utf-8" "-GR" "-EHsc" "-MP" "-MDd" "-Z7" "-Ob0" "-Od" "-RTC1" "Files/Microsoft\\" "Visual\\" "Studio/18/Enterprise/VC/vcpkg/installed/x64-windows/debug/../include" "Files/Microsoft\\" "Visual\\" "Studio/18/Enterprise/VC/vcpkg/installed/x64-windows/debug/../include/libpng16" "-DHB_DLL_EXPORT" "/Fdsrc\harfbuzz.dll.p\hb-paint.cc.pdb" /Fosrc/harfbuzz.dll.p/hb-paint.cc.obj "/c" ../src/14.2.1-f76ca539fc.clean/src/hb-paint.cc
2026-07-26T16:36:33.3705389Z cl : Command line warning D9025 : overriding '/EHs' with '/EHs-'
2026-07-26T16:36:33.3705873Z cl : Command line warning D9025 : overriding '/EHc' with '/EHc-'
2026-07-26T16:36:33.3706227Z cl : Command line warning D9025 : overriding '/Z7' with '/Zi'
2026-07-26T16:36:33.3706579Z cl : Command line warning D9025 : overriding '/EHs-' with '/EHs'
2026-07-26T16:36:33.3706933Z cl : Command line warning D9025 : overriding '/EHc-' with '/EHc'
2026-07-26T16:36:33.3707359Z cl : Command line warning D9025 : overriding '/Zi' with '/Z7'
2026-07-26T16:36:33.3707857Z cl : Command line warning D9024 : unrecognized source file type 'Files/Microsoft\', object file assumed
2026-07-26T16:36:33.3708386Z cl : Command line warning D9027 : source file 'Files/Microsoft\' ignored
2026-07-26T16:36:33.3708873Z cl : Command line warning D9024 : unrecognized source file type 'Visual\', object file assumed
2026-07-26T16:36:33.3709521Z cl : Command line warning D9027 : source file 'Visual\' ignored
2026-07-26T16:36:33.3710201Z cl : Command line warning D9024 : unrecognized source file type 'Studio/18/Enterprise/VC/vcpkg/installed/x64-windows/debug/../include', object file assumed
2026-07-26T16:36:33.3711097Z cl : Command line warning D9027 : source file 'Studio/18/Enterprise/VC/vcpkg/installed/x64-windows/debug/../include' ignored
2026-07-26T16:36:33.3711790Z cl : Command line warning D9024 : unrecognized source file type 'Files/Microsoft\', object file assumed
2026-07-26T16:36:33.3712321Z cl : Command line warning D9027 : source file 'Files/Microsoft\' ignored
2026-07-26T16:36:33.3712810Z cl : Command line warning D9024 : unrecognized source file type 'Visual\', object file assumed
2026-07-26T16:36:33.3713273Z cl : Command line warning D9027 : source file 'Visual\' ignored
2026-07-26T16:36:33.3713983Z cl : Command line warning D9024 : unrecognized source file type 'Studio/18/Enterprise/VC/vcpkg/installed/x64-windows/debug/../include/libpng16', object file assumed
2026-07-26T16:36:33.3714934Z cl : Command line warning D9027 : source file 'Studio/18/Enterprise/VC/vcpkg/installed/x64-windows/debug/../include/libpng16' ignored
2026-07-26T16:36:33.3715682Z cl : Command line warning D9030 : '/showIncludes' is incompatible with multiprocessing; ignoring /MP switch
2026-07-26T16:36:33.3719800Z [8/129] "C:/Program Files/Microsoft Visual Studio/18/Enterprise/VC/Tools/MSVC/14.51.36231/bin/Hostx64/x64/cl.exe" "-DWIN32" "-D_WINDOWS" "-utf-8" "-GR" "-EHsc" "-MP" "-MDd" "-Z7" "-Ob0" "-Od" "-RTC1" "-Isrc\harfbuzz.dll.p" "-Isrc" "-I..\src\14.2.1-f76ca539fc.clean\src" "-I." "-I..\src\14.2.1-f76ca539fc.clean" "-IC:/Program\\" "-IC:/Program Files/Microsoft Visual Studio/18/Enterprise/VC/vcpkg/installed/x64-windows/include" "/MDd" "/nologo" "/showIncludes" "/utf-8" "/Zc:__cplusplus" "/W2" "/EHs-c-" "/std:c++14" "/permissive-" "/Zi" "/wd4244" "/bigobj" "/utf-8" "-DHAVE_CONFIG_H" "-nologo" "-DWIN32" "-D_WINDOWS" "-utf-8" "-GR" "-EHsc" "-MP" "-MDd" "-Z7" "-Ob0" "-Od" "-RTC1" "Files/Microsoft\\" "Visual\\" "Studio/18/Enterprise/VC/vcpkg/installed/x64-windows/debug/../include" "Files/Microsoft\\" "Visual\\" "Studio/18/Enterprise/VC/vcpkg/installed/x64-windows/debug/../include/libpng16" "-DHB_DLL_EXPORT" "/Fdsrc\harfbuzz.dll.p\hb-paint-bounded.cc.pdb" /Fosrc/harfbuzz.dll.p/hb-paint-bounded.cc.obj "/c" ../src/14.2.1-f76ca539fc.clean/src/hb-paint-bounded.cc
2026-07-26T16:36:33.3723412Z cl : Command line warning D9025 : overriding '/EHs' with '/EHs-'
2026-07-26T16:36:33.3723786Z cl : Command line warning D9025 : overriding '/EHc' with '/EHc-'
2026-07-26T16:36:33.3724146Z cl : Command line warning D9025 : overriding '/Z7' with '/Zi'
2026-07-26T16:36:33.3724499Z cl : Command line warning D9025 : overriding '/EHs-' with '/EHs'
2026-07-26T16:36:33.3724862Z cl : Command line warning D9025 : overriding '/EHc-' with '/EHc'
2026-07-26T16:36:33.3725214Z cl : Command line warning D9025 : overriding '/Zi' with '/Z7'
2026-07-26T16:36:33.3725696Z cl : Command line warning D9024 : unrecognized source file type 'Files/Microsoft\', object file assumed
2026-07-26T16:36:33.3726226Z cl : Command line warning D9027 : source file 'Files/Microsoft\' ignored
2026-07-26T16:36:33.3726845Z cl : Command line warning D9024 : unrecognized source file type 'Visual\', object file assumed
2026-07-26T16:36:33.3727315Z cl : Command line warning D9027 : source file 'Visual\' ignored
2026-07-26T16:36:33.3728000Z cl : Command line warning D9024 : unrecognized source file type 'Studio/18/Enterprise/VC/vcpkg/installed/x64-windows/debug/../include', object file assumed
2026-07-26T16:36:33.3728962Z cl : Command line warning D9027 : source file 'Studio/18/Enterprise/VC/vcpkg/installed/x64-windows/debug/../include' ignored
2026-07-26T16:36:33.3729657Z cl : Command line warning D9024 : unrecognized source file type 'Files/Microsoft\', object file assumed
2026-07-26T16:36:33.3730184Z cl : Command line warning D9027 : source file 'Files/Microsoft\' ignored
2026-07-26T16:36:33.3730671Z cl : Command line warning D9024 : unrecognized source file type 'Visual\', object file assumed
2026-07-26T16:36:33.3731138Z cl : Command line warning D9027 : source file 'Visual\' ignored
2026-07-26T16:36:33.3731849Z cl : Command line warning D9024 : unrecognized source file type 'Studio/18/Enterprise/VC/vcpkg/installed/x64-windows/debug/../include/libpng16', object file assumed
2026-07-26T16:36:33.3732797Z cl : Command line warning D9027 : source file 'Studio/18/Enterprise/VC/vcpkg/installed/x64-windows/debug/../include/libpng16' ignored
2026-07-26T16:36:33.3733547Z cl : Command line warning D9030 : '/showIncludes' is incompatible with multiprocessing; ignoring /MP switch
2026-07-26T16:36:33.3737150Z [9/129] "C:/Program Files/Microsoft Visual Studio/18/Enterprise/VC/Tools/MSVC/14.51.36231/bin/Hostx64/x64/cl.exe" "-DWIN32" "-D_WINDOWS" "-utf-8" "-GR" "-EHsc" "-MP" "-MDd" "-Z7" "-Ob0" "-Od" "-RTC1" "-Isrc\harfbuzz.dll.p" "-Isrc" "-I..\src\14.2.1-f76ca539fc.clean\src" "-I." "-I..\src\14.2.1-f76ca539fc.clean" "-IC:/Program\\" "-IC:/Program Files/Microsoft Visual Studio/18/Enterprise/VC/vcpkg/installed/x64-windows/include" "/MDd" "/nologo" "/showIncludes" "/utf-8" "/Zc:__cplusplus" "/W2" "/EHs-c-" "/std:c++14" "/permissive-" "/Zi" "/wd4244" "/bigobj" "/utf-8" "-DHAVE_CONFIG_H" "-nologo" "-DWIN32" "-D_WINDOWS" "-utf-8" "-GR" "-EHsc" "-MP" "-MDd" "-Z7" "-Ob0" "-Od" "-RTC1" "Files/Microsoft\\" "Visual\\" "Studio/18/Enterprise/VC/vcpkg/installed/x64-windows/debug/../include" "Files/Microsoft\\" "Visual\\" "Studio/18/Enterprise/VC/vcpkg/installed/x64-windows/debug/../include/libpng16" "-DHB_DLL_EXPORT" "/Fdsrc\harfbuzz.dll.p\hb-paint-extents.cc.pdb" /Fosrc/harfbuzz.dll.p/hb-paint-extents.cc.obj "/c" ../src/14.2.1-f76ca539fc.clean/src/hb-paint-extents.cc
2026-07-26T16:36:33.3741101Z cl : Command line warning D9025 : overriding '/EHs' with '/EHs-'
2026-07-26T16:36:33.3741480Z cl : Command line warning D9025 : overriding '/EHc' with '/EHc-'
2026-07-26T16:36:33.3741838Z cl : Command line warning D9025 : overriding '/Z7' with '/Zi'
2026-07-26T16:36:33.3742188Z cl : Command line warning D9025 : overriding '/EHs-' with '/EHs'
2026-07-26T16:36:33.3742546Z cl : Command line warning D9025 : overriding '/EHc-' with '/EHc'
2026-07-26T16:36:33.3742901Z cl : Command line warning D9025 : overriding '/Zi' with '/Z7'
2026-07-26T16:36:33.3743382Z cl : Command line warning D9024 : unrecognized source file type 'Files/Microsoft\', object file assumed
2026-07-26T16:36:33.3743908Z cl : Command line warning D9027 : source file 'Files/Microsoft\' ignored
2026-07-26T16:36:33.3744395Z cl : Command line warning D9024 : unrecognized source file type 'Visual\', object file assumed
2026-07-26T16:36:33.3744858Z cl : Command line warning D9027 : source file 'Visual\' ignored
2026-07-26T16:36:33.3745531Z cl : Command line warning D9024 : unrecognized source file type 'Studio/18/Enterprise/VC/vcpkg/installed/x64-windows/debug/../include', object file assumed
2026-07-26T16:36:33.3746412Z cl : Command line warning D9027 : source file 'Studio/18/Enterprise/VC/vcpkg/installed/x64-windows/debug/../include' ignored
2026-07-26T16:36:33.3747105Z cl : Command line warning D9024 : unrecognized source file type 'Files/Microsoft\', object file assumed
2026-07-26T16:36:33.3747743Z cl : Command line warning D9027 : source file 'Files/Microsoft\' ignored
2026-07-26T16:36:33.3748231Z cl : Command line warning D9024 : unrecognized source file type 'Visual\', object file assumed
2026-07-26T16:36:33.3748695Z cl : Command line warning D9027 : source file 'Visual\' ignored
2026-07-26T16:36:33.3749480Z cl : Command line warning D9024 : unrecognized source file type 'Studio/18/Enterprise/VC/vcpkg/installed/x64-windows/debug/../include/libpng16', object file assumed
2026-07-26T16:36:33.3750432Z cl : Command line warning D9027 : source file 'Studio/18/Enterprise/VC/vcpkg/installed/x64-windows/debug/../include/libpng16' ignored
2026-07-26T16:36:33.3751185Z cl : Command line warning D9030 : '/showIncludes' is incompatible with multiprocessing; ignoring /MP switch
2026-07-26T16:36:33.3754706Z [10/129] "C:/Program Files/Microsoft Visual Studio/18/Enterprise/VC/Tools/MSVC/14.51.36231/bin/Hostx64/x64/cl.exe" "-DWIN32" "-D_WINDOWS" "-utf-8" "-GR" "-EHsc" "-MP" "-MDd" "-Z7" "-Ob0" "-Od" "-RTC1" "-Isrc\harfbuzz.dll.p" "-Isrc" "-I..\src\14.2.1-f76ca539fc.clean\src" "-I." "-I..\src\14.2.1-f76ca539fc.clean" "-IC:/Program\\" "-IC:/Program Files/Microsoft Visual Studio/18/Enterprise/VC/vcpkg/installed/x64-windows/include" "/MDd" "/nologo" "/showIncludes" "/utf-8" "/Zc:__cplusplus" "/W2" "/EHs-c-" "/std:c++14" "/permissive-" "/Zi" "/wd4244" "/bigobj" "/utf-8" "-DHAVE_CONFIG_H" "-nologo" "-DWIN32" "-D_WINDOWS" "-utf-8" "-GR" "-EHsc" "-MP" "-MDd" "-Z7" "-Ob0" "-Od" "-RTC1" "Files/Microsoft\\" "Visual\\" "Studio/18/Enterprise/VC/vcpkg/installed/x64-windows/debug/../include" "Files/Microsoft\\" "Visual\\" "Studio/18/Enterprise/VC/vcpkg/installed/x64-windows/debug/../include/libpng16" "-DHB_DLL_EXPORT" "/Fdsrc\harfbuzz.dll.p\hb-aat-map.cc.pdb" /Fosrc/harfbuzz.dll.p/hb-aat-map.cc.obj "/c" ../src/14.2.1-f76ca539fc.clean/src/hb-aat-map.cc
2026-07-26T16:36:33.3758188Z cl : Command line warning D9025 : overriding '/EHs' with '/EHs-'
2026-07-26T16:36:33.3758558Z cl : Command line warning D9025 : overriding '/EHc' with '/EHc-'
2026-07-26T16:36:33.3759088Z cl : Command line warning D9025 : overriding '/Z7' with '/Zi'
2026-07-26T16:36:33.3759511Z cl : Command line warning D9025 : overriding '/EHs-' with '/EHs'
2026-07-26T16:36:33.3759963Z cl : Command line warning D9025 : overriding '/EHc-' with '/EHc'
2026-07-26T16:36:33.3760323Z cl : Command line warning D9025 : overriding '/Zi' with '/Z7'
2026-07-26T16:36:33.3760811Z cl : Command line warning D9024 : unrecognized source file type 'Files/Microsoft\', object file assumed
2026-07-26T16:36:33.3761338Z cl : Command line warning D9027 : source file 'Files/Microsoft\' ignored
2026-07-26T16:36:33.3761823Z cl : Command line warning D9024 : unrecognized source file type 'Visual\', object file assumed
2026-07-26T16:36:33.3762288Z cl : Command line warning D9027 : source file 'Visual\' ignored
2026-07-26T16:36:33.3762964Z cl : Command line warning D9024 : unrecognized source file type 'Studio/18/Enterprise/VC/vcpkg/installed/x64-windows/debug/../include', object file assumed
2026-07-26T16:36:33.3763855Z cl : Command line warning D9027 : source file 'Studio/18/Enterprise/VC/vcpkg/installed/x64-windows/debug/../include' ignored
2026-07-26T16:36:33.3764549Z cl : Command line warning D9024 : unrecognized source file type 'Files/Microsoft\', object file assumed
2026-07-26T16:36:33.3765066Z cl : Command line warning D9027 : source file 'Files/Microsoft\' ignored
2026-07-26T16:36:33.3765551Z cl : Command line warning D9024 : unrecognized source file type 'Visual\', object file assumed
2026-07-26T16:36:33.3766015Z cl : Command line warning D9027 : source file 'Visual\' ignored
2026-07-26T16:36:33.3766723Z cl : Command line warning D9024 : unrecognized source file type 'Studio/18/Enterprise/VC/vcpkg/installed/x64-windows/debug/../include/libpng16', object file assumed
2026-07-26T16:36:33.3767667Z cl : Command line warning D9027 : source file 'Studio/18/Enterprise/VC/vcpkg/installed/x64-windows/debug/../include/libpng16' ignored
2026-07-26T16:36:33.3768536Z cl : Command line warning D9030 : '/showIncludes' is incompatible with multiprocessing; ignoring /MP switch
2026-07-26T16:36:33.3772217Z [11/129] "C:/Program Files/Microsoft Visual Studio/18/Enterprise/VC/Tools/MSVC/14.51.36231/bin/Hostx64/x64/cl.exe" "-DWIN32" "-D_WINDOWS" "-utf-8" "-GR" "-EHsc" "-MP" "-MDd" "-Z7" "-Ob0" "-Od" "-RTC1" "-Isrc\harfbuzz.dll.p" "-Isrc" "-I..\src\14.2.1-f76ca539fc.clean\src" "-I." "-I..\src\14.2.1-f76ca539fc.clean" "-IC:/Program\\" "-IC:/Program Files/Microsoft Visual Studio/18/Enterprise/VC/vcpkg/installed/x64-windows/include" "/MDd" "/nologo" "/showIncludes" "/utf-8" "/Zc:__cplusplus" "/W2" "/EHs-c-" "/std:c++14" "/permissive-" "/Zi" "/wd4244" "/bigobj" "/utf-8" "-DHAVE_CONFIG_H" "-nologo" "-DWIN32" "-D_WINDOWS" "-utf-8" "-GR" "-EHsc" "-MP" "-MDd" "-Z7" "-Ob0" "-Od" "-RTC1" "Files/Microsoft\\" "Visual\\" "Studio/18/Enterprise/VC/vcpkg/installed/x64-windows/debug/../include" "Files/Microsoft\\" "Visual\\" "Studio/18/Enterprise/VC/vcpkg/installed/x64-windows/debug/../include/libpng16" "-DHB_DLL_EXPORT" "/Fdsrc\harfbuzz.dll.p\hb-fallback-shape.cc.pdb" /Fosrc/harfbuzz.dll.p/hb-fallback-shape.cc.obj "/c" ../src/14.2.1-f76ca539fc.clean/src/hb-fallback-shape.cc
2026-07-26T16:36:33.3776211Z cl : Command line warning D9025 : overriding '/EHs' with '/EHs-'
2026-07-26T16:36:33.3776590Z cl : Command line warning D9025 : overriding '/EHc' with '/EHc-'
2026-07-26T16:36:33.3776968Z cl : Command line warning D9025 : overriding '/Z7' with '/Zi'
2026-07-26T16:36:33.3777330Z cl : Command line warning D9025 : overriding '/EHs-' with '/EHs'
2026-07-26T16:36:33.3777687Z cl : Command line warning D9025 : overriding '/EHc-' with '/EHc'
2026-07-26T16:36:33.3778037Z cl : Command line warning D9025 : overriding '/Zi' with '/Z7'
2026-07-26T16:36:33.3779030Z cl : Command line warning D9024 : unrecognized source file type 'Files/Microsoft\', object file assumed
2026-07-26T16:36:33.3779695Z cl : Command line warning D9027 : source file 'Files/Microsoft\' ignored
2026-07-26T16:36:33.3780288Z cl : Command line warning D9024 : unrecognized source file type 'Visual\', object file assumed
2026-07-26T16:36:33.3780769Z cl : Command line warning D9027 : source file 'Visual\' ignored
2026-07-26T16:36:33.3781448Z cl : Command line warning D9024 : unrecognized source file type 'Studio/18/Enterprise/VC/vcpkg/installed/x64-windows/debug/../include', object file assumed
2026-07-26T16:36:33.3782337Z cl : Command line warning D9027 : source file 'Studio/18/Enterprise/VC/vcpkg/installed/x64-windows/debug/../include' ignored
2026-07-26T16:36:33.3783033Z cl : Command line warning D9024 : unrecognized source file type 'Files/Microsoft\', object file assumed
2026-07-26T16:36:33.3783556Z cl : Command line warning D9027 : source file 'Files/Microsoft\' ignored
2026-07-26T16:36:33.3784382Z cl : Command line warning D9024 : unrecognized source file type 'Visual\', object file assumed
2026-07-26T16:36:33.3785148Z cl : Command line warning D9027 : source file 'Visual\' ignored
2026-07-26T16:36:33.3787274Z cl : Command line warning D9024 : unrecognized source file type 'Studio/18/Enterprise/VC/vcpkg/installed/x64-windows/debug/../include/libpng16', object file assumed
2026-07-26T16:36:33.3789626Z cl : Command line warning D9027 : source file 'Studio/18/Enterprise/VC/vcpkg/installed/x64-windows/debug/../include/libpng16' ignored
2026-07-26T16:36:33.3791008Z cl : Command line warning D9030 : '/showIncludes' is incompatible with multiprocessing; ignoring /MP switch
2026-07-26T16:36:33.3800459Z [12/129] "C:/Program Files/Microsoft Visual Studio/18/Enterprise/VC/Tools/MSVC/14.51.36231/bin/Hostx64/x64/cl.exe" "-DWIN32" "-D_WINDOWS" "-utf-8" "-GR" "-EHsc" "-MP" "-MDd" "-Z7" "-Ob0" "-Od" "-RTC1" "-Isrc\harfbuzz.dll.p" "-Isrc" "-I..\src\14.2.1-f76ca539fc.clean\src" "-I." "-I..\src\14.2.1-f76ca539fc.clean" "-IC:/Program\\" "-IC:/Program Files/Microsoft Visual Studio/18/Enterprise/VC/vcpkg/installed/x64-windows/include" "/MDd" "/nologo" "/showIncludes" "/utf-8" "/Zc:__cplusplus" "/W2" "/EHs-c-" "/std:c++14" "/permissive-" "/Zi" "/wd4244" "/bigobj" "/utf-8" "-DHAVE_CONFIG_H" "-nologo" "-DWIN32" "-D_WINDOWS" "-utf-8" "-GR" "-EHsc" "-MP" "-MDd" "-Z7" "-Ob0" "-Od" "-RTC1" "Files/Microsoft\\" "Visual\\" "Studio/18/Enterprise/VC/vcpkg/installed/x64-windows/debug/../include" "Files/Microsoft\\" "Visual\\" "Studio/18/Enterprise/VC/vcpkg/installed/x64-windows/debug/../include/libpng16" "-DHB_DLL_EXPORT" "/Fdsrc\harfbuzz.dll.p\hb-face-builder.cc.pdb" /Fosrc/harfbuzz.dll.p/hb-face-builder.cc.obj "/c" ../src/14.2.1-f76ca539fc.clean/src/hb-face-builder.cc
2026-07-26T16:36:33.3807458Z cl : Command line warning D9025 : overriding '/EHs' with '/EHs-'
2026-07-26T16:36:33.3808108Z cl : Command line warning D9025 : overriding '/EHc' with '/EHc-'
2026-07-26T16:36:33.3809221Z cl : Command line warning D9025 : overriding '/Z7' with '/Zi'
2026-07-26T16:36:33.3809898Z cl : Command line warning D9025 : overriding '/EHs-' with '/EHs'
2026-07-26T16:36:33.3821078Z cl : Command line warning D9025 : overriding '/EHc-' with '/EHc'
2026-07-26T16:36:33.3821516Z cl : Command line warning D9025 : overriding '/Zi' with '/Z7'
2026-07-26T16:36:33.3822037Z cl : Command line warning D9024 : unrecognized source file type 'Files/Microsoft\', object file assumed
2026-07-26T16:36:33.3822617Z cl : Command line warning D9027 : source file 'Files/Microsoft\' ignored
2026-07-26T16:36:33.3823122Z cl : Command line warning D9024 : unrecognized source file type 'Visual\', object file assumed
2026-07-26T16:36:33.3823609Z cl : Command line warning D9027 : source file 'Visual\' ignored
2026-07-26T16:36:33.3824301Z cl : Command line warning D9024 : unrecognized source file type 'Studio/18/Enterprise/VC/vcpkg/installed/x64-windows/debug/../include', object file assumed
2026-07-26T16:36:33.3825209Z cl : Command line warning D9027 : source file 'Studio/18/Enterprise/VC/vcpkg/installed/x64-windows/debug/../include' ignored
2026-07-26T16:36:33.3825933Z cl : Command line warning D9024 : unrecognized source file type 'Files/Microsoft\', object file assumed
2026-07-26T16:36:33.3826484Z cl : Command line warning D9027 : source file 'Files/Microsoft\' ignored
2026-07-26T16:36:33.3826979Z cl : Command line warning D9024 : unrecognized source file type 'Visual\', object file assumed
2026-07-26T16:36:33.3827456Z cl : Command line warning D9027 : source file 'Visual\' ignored
2026-07-26T16:36:33.3828402Z cl : Command line warning D9024 : unrecognized source file type 'Studio/18/Enterprise/VC/vcpkg/installed/x64-windows/debug/../include/libpng16', object file assumed
2026-07-26T16:36:33.3829596Z cl : Command line warning D9027 : source file 'Studio/18/Enterprise/VC/vcpkg/installed/x64-windows/debug/../include/libpng16' ignored
2026-07-26T16:36:33.3830353Z cl : Command line warning D9030 : '/showIncludes' is incompatible with multiprocessing; ignoring /MP switch
2026-07-26T16:36:33.3833915Z [13/129] "C:/Program Files/Microsoft Visual Studio/18/Enterprise/VC/Tools/MSVC/14.51.36231/bin/Hostx64/x64/cl.exe" "-DWIN32" "-D_WINDOWS" "-utf-8" "-GR" "-EHsc" "-MP" "-MDd" "-Z7" "-Ob0" "-Od" "-RTC1" "-Isrc\harfbuzz.dll.p" "-Isrc" "-I..\src\14.2.1-f76ca539fc.clean\src" "-I." "-I..\src\14.2.1-f76ca539fc.clean" "-IC:/Program\\" "-IC:/Program Files/Microsoft Visual Studio/18/Enterprise/VC/vcpkg/installed/x64-windows/include" "/MDd" "/nologo" "/showIncludes" "/utf-8" "/Zc:__cplusplus" "/W2" "/EHs-c-" "/std:c++14" "/permissive-" "/Zi" "/wd4244" "/bigobj" "/utf-8" "-DHAVE_CONFIG_H" "-nologo" "-DWIN32" "-D_WINDOWS" "-utf-8" "-GR" "-EHsc" "-MP" "-MDd" "-Z7" "-Ob0" "-Od" "-RTC1" "Files/Microsoft\\" "Visual\\" "Studio/18/Enterprise/VC/vcpkg/installed/x64-windows/debug/../include" "Files/Microsoft\\" "Visual\\" "Studio/18/Enterprise/VC/vcpkg/installed/x64-windows/debug/../include/libpng16" "-DHB_DLL_EXPORT" "/Fdsrc\harfbuzz.dll.p\hb-map.cc.pdb" /Fosrc/harfbuzz.dll.p/hb-map.cc.obj "/c" ../src/14.2.1-f76ca539fc.clean/src/hb-map.cc
2026-07-26T16:36:33.3837412Z cl : Command line warning D9025 : overriding '/EHs' with '/EHs-'
2026-07-26T16:36:33.3837791Z cl : Command line warning D9025 : overriding '/EHc' with '/EHc-'
2026-07-26T16:36:33.3838355Z cl : Command line warning D9025 : overriding '/Z7' with '/Zi'
2026-07-26T16:36:33.3838713Z cl : Command line warning D9025 : overriding '/EHs-' with '/EHs'
2026-07-26T16:36:33.3839071Z cl : Command line warning D9025 : overriding '/EHc-' with '/EHc'
2026-07-26T16:36:33.3839442Z cl : Command line warning D9025 : overriding '/Zi' with '/Z7'
2026-07-26T16:36:33.3840022Z cl : Command line warning D9024 : unrecognized source file type 'Files/Microsoft\', object file assumed
2026-07-26T16:36:33.3840908Z cl : Command line warning D9027 : source file 'Files/Microsoft\' ignored
2026-07-26T16:36:33.3841404Z cl : Command line warning D9024 : unrecognized source file type 'Visual\', object file assumed
2026-07-26T16:36:33.3841880Z cl : Command line warning D9027 : source file 'Visual\' ignored
2026-07-26T16:36:33.3842559Z cl : Command line warning D9024 : unrecognized source file type 'Studio/18/Enterprise/VC/vcpkg/installed/x64-windows/debug/../include', object file assumed
2026-07-26T16:36:33.3843454Z cl : Command line warning D9027 : source file 'Studio/18/Enterprise/VC/vcpkg/installed/x64-windows/debug/../include' ignored
2026-07-26T16:36:33.3844153Z cl : Command line warning D9024 : unrecognized source file type 'Files/Microsoft\', object file assumed
2026-07-26T16:36:33.3844718Z cl : Command line warning D9027 : source file 'Files/Microsoft\' ignored
2026-07-26T16:36:33.3845206Z cl : Command line warning D9024 : unrecognized source file type 'Visual\', object file assumed
2026-07-26T16:36:33.3845678Z cl : Command line warning D9027 : source file 'Visual\' ignored
2026-07-26T16:36:33.3846392Z cl : Command line warning D9024 : unrecognized source file type 'Studio/18/Enterprise/VC/vcpkg/installed/x64-windows/debug/../include/libpng16', object file assumed
2026-07-26T16:36:33.3847338Z cl : Command line warning D9027 : source file 'Studio/18/Enterprise/VC/vcpkg/installed/x64-windows/debug/../include/libpng16' ignored
2026-07-26T16:36:33.3848088Z cl : Command line warning D9030 : '/showIncludes' is incompatible with multiprocessing; ignoring /MP switch
2026-07-26T16:36:33.3851618Z [14/129] "C:/Program Files/Microsoft Visual Studio/18/Enterprise/VC/Tools/MSVC/14.51.36231/bin/Hostx64/x64/cl.exe" "-DWIN32" "-D_WINDOWS" "-utf-8" "-GR" "-EHsc" "-MP" "-MDd" "-Z7" "-Ob0" "-Od" "-RTC1" "-Isrc\harfbuzz.dll.p" "-Isrc" "-I..\src\14.2.1-f76ca539fc.clean\src" "-I." "-I..\src\14.2.1-f76ca539fc.clean" "-IC:/Program\\" "-IC:/Program Files/Microsoft Visual Studio/18/Enterprise/VC/vcpkg/installed/x64-windows/include" "/MDd" "/nologo" "/showIncludes" "/utf-8" "/Zc:__cplusplus" "/W2" "/EHs-c-" "/std:c++14" "/permissive-" "/Zi" "/wd4244" "/bigobj" "/utf-8" "-DHAVE_CONFIG_H" "-nologo" "-DWIN32" "-D_WINDOWS" "-utf-8" "-GR" "-EHsc" "-MP" "-MDd" "-Z7" "-Ob0" "-Od" "-RTC1" "Files/Microsoft\\" "Visual\\" "Studio/18/Enterprise/VC/vcpkg/installed/x64-windows/debug/../include" "Files/Microsoft\\" "Visual\\" "Studio/18/Enterprise/VC/vcpkg/installed/x64-windows/debug/../include/libpng16" "-DHB_DLL_EXPORT" "/Fdsrc\harfbuzz.dll.p\hb-number.cc.pdb" /Fosrc/harfbuzz.dll.p/hb-number.cc.obj "/c" ../src/14.2.1-f76ca539fc.clean/src/hb-number.cc
2026-07-26T16:36:33.3855143Z cl : Command line warning D9025 : overriding '/EHs' with '/EHs-'
2026-07-26T16:36:33.3855521Z cl : Command line warning D9025 : overriding '/EHc' with '/EHc-'
2026-07-26T16:36:33.3855887Z cl : Command line warning D9025 : overriding '/Z7' with '/Zi'
2026-07-26T16:36:33.3856269Z cl : Command line warning D9025 : overriding '/EHs-' with '/EHs'
2026-07-26T16:36:33.3856635Z cl : Command line warning D9025 : overriding '/EHc-' with '/EHc'
2026-07-26T16:36:33.3856986Z cl : Command line warning D9025 : overriding '/Zi' with '/Z7'
2026-07-26T16:36:33.3857478Z cl : Command line warning D9024 : unrecognized source file type 'Files/Microsoft\', object file assumed
2026-07-26T16:36:33.3858013Z cl : Command line warning D9027 : source file 'Files/Microsoft\' ignored
2026-07-26T16:36:33.3858512Z cl : Command line warning D9024 : unrecognized source file type 'Visual\', object file assumed
2026-07-26T16:36:33.3859107Z cl : Command line warning D9027 : source file 'Visual\' ignored
2026-07-26T16:36:33.3859795Z cl : Command line warning D9024 : unrecognized source file type 'Studio/18/Enterprise/VC/vcpkg/installed/x64-windows/debug/../include', object file assumed
2026-07-26T16:36:33.3861153Z cl : Command line warning D9027 : source file 'Studio/18/Enterprise/VC/vcpkg/installed/x64-windows/debug/../include' ignored
2026-07-26T16:36:33.3861876Z cl : Command line warning D9024 : unrecognized source file type 'Files/Microsoft\', object file assumed
2026-07-26T16:36:33.3862404Z cl : Command line warning D9027 : source file 'Files/Microsoft\' ignored
2026-07-26T16:36:33.3862910Z cl : Command line warning D9024 : unrecognized source file type 'Visual\', object file assumed
2026-07-26T16:36:33.3863758Z cl : Command line warning D9027 : source file 'Visual\' ignored
2026-07-26T16:36:33.3865881Z cl : Command line warning D9024 : unrecognized source file type 'Studio/18/Enterprise/VC/vcpkg/installed/x64-windows/debug/../include/libpng16', object file assumed
2026-07-26T16:36:33.3868455Z cl : Command line warning D9027 : source file 'Studio/18/Enterprise/VC/vcpkg/installed/x64-windows/debug/../include/libpng16' ignored
2026-07-26T16:36:33.3870272Z cl : Command line warning D9030 : '/showIncludes' is incompatible with multiprocessing; ignoring /MP switch
2026-07-26T16:36:33.3876574Z [15/129] "C:/Program Files/Microsoft Visual Studio/18/Enterprise/VC/Tools/MSVC/14.51.36231/bin/Hostx64/x64/cl.exe" "-DWIN32" "-D_WINDOWS" "-utf-8" "-GR" "-EHsc" "-MP" "-MDd" "-Z7" "-Ob0" "-Od" "-RTC1" "-Isrc\harfbuzz.dll.p" "-Isrc" "-I..\src\14.2.1-f76ca539fc.clean\src" "-I." "-I..\src\14.2.1-f76ca539fc.clean" "-IC:/Program\\" "-IC:/Program Files/Microsoft Visual Studio/18/Enterprise/VC/vcpkg/installed/x64-windows/include" "/MDd" "/nologo" "/showIncludes" "/utf-8" "/Zc:__cplusplus" "/W2" "/EHs-c-" "/std:c++14" "/permissive-" "/Zi" "/wd4244" "/bigobj" "/utf-8" "-DHAVE_CONFIG_H" "-nologo" "-DWIN32" "-D_WINDOWS" "-utf-8" "-GR" "-EHsc" "-MP" "-MDd" "-Z7" "-Ob0" "-Od" "-RTC1" "Files/Microsoft\\" "Visual\\" "Studio/18/Enterprise/VC/vcpkg/installed/x64-windows/debug/../include" "Files/Microsoft\\" "Visual\\" "Studio/18/Enterprise/VC/vcpkg/installed/x64-windows/debug/../include/libpng16" "-DHB_DLL_EXPORT" "/Fdsrc\harfbuzz.dll.p\hb-face.cc.pdb" /Fosrc/harfbuzz.dll.p/hb-face.cc.obj "/c" ../src/14.2.1-f76ca539fc.clean/src/hb-face.cc
2026-07-26T16:36:33.3882607Z cl : Command line warning D9025 : overriding '/EHs' with '/EHs-'
2026-07-26T16:36:33.3883025Z cl : Command line warning D9025 : overriding '/EHc' with '/EHc-'
2026-07-26T16:36:33.3883400Z cl : Command line warning D9025 : overriding '/Z7' with '/Zi'
2026-07-26T16:36:33.3883759Z cl : Command line warning D9025 : overriding '/EHs-' with '/EHs'
2026-07-26T16:36:33.3884131Z cl : Command line warning D9025 : overriding '/EHc-' with '/EHc'
2026-07-26T16:36:33.3884875Z cl : Command line warning D9025 : overriding '/Zi' with '/Z7'
2026-07-26T16:36:33.3885390Z cl : Command line warning D9024 : unrecognized source file type 'Files/Microsoft\', object file assumed
2026-07-26T16:36:33.3885928Z cl : Command line warning D9027 : source file 'Files/Microsoft\' ignored
2026-07-26T16:36:33.3886422Z cl : Command line warning D9024 : unrecognized source file type 'Visual\', object file assumed
2026-07-26T16:36:33.3886895Z cl : Command line warning D9027 : source file 'Visual\' ignored
2026-07-26T16:36:33.3887790Z cl : Command line warning D9024 : unrecognized source file type 'Studio/18/Enterprise/VC/vcpkg/installed/x64-windows/debug/../include', object file assumed
2026-07-26T16:36:33.3889793Z cl : Command line warning D9027 : source file 'Studio/18/Enterprise/VC/vcpkg/installed/x64-windows/debug/../include' ignored
2026-07-26T16:36:33.3890769Z cl : Command line warning D9024 : unrecognized source file type 'Files/Microsoft\', object file assumed
2026-07-26T16:36:33.3891339Z cl : Command line warning D9027 : source file 'Files/Microsoft\' ignored
2026-07-26T16:36:33.3892448Z cl : Command line warning D9024 : unrecognized source file type 'Visual\', object file assumed
2026-07-26T16:36:33.3893100Z cl : Command line warning D9027 : source file 'Visual\' ignored
2026-07-26T16:36:33.3893829Z cl : Command line warning D9024 : unrecognized source file type 'Studio/18/Enterprise/VC/vcpkg/installed/x64-windows/debug/../include/libpng16', object file assumed
2026-07-26T16:36:33.3894902Z cl : Command line warning D9027 : source file 'Studio/18/Enterprise/VC/vcpkg/installed/x64-windows/debug/../include/libpng16' ignored
2026-07-26T16:36:33.3895671Z cl : Command line warning D9030 : '/showIncludes' is incompatible with multiprocessing; ignoring /MP switch
2026-07-26T16:36:33.3899906Z [16/129] "C:/Program Files/Microsoft Visual Studio/18/Enterprise/VC/Tools/MSVC/14.51.36231/bin/Hostx64/x64/cl.exe" "-DWIN32" "-D_WINDOWS" "-utf-8" "-GR" "-EHsc" "-MP" "-MDd" "-Z7" "-Ob0" "-Od" "-RTC1" "-Isrc\harfbuzz.dll.p" "-Isrc" "-I..\src\14.2.1-f76ca539fc.clean\src" "-I." "-I..\src\14.2.1-f76ca539fc.clean" "-IC:/Program\\" "-IC:/Program Files/Microsoft Visual Studio/18/Enterprise/VC/vcpkg/installed/x64-windows/include" "/MDd" "/nologo" "/showIncludes" "/utf-8" "/Zc:__cplusplus" "/W2" "/EHs-c-" "/std:c++14" "/permissive-" "/Zi" "/wd4244" "/bigobj" "/utf-8" "-DHAVE_CONFIG_H" "-nologo" "-DWIN32" "-D_WINDOWS" "-utf-8" "-GR" "-EHsc" "-MP" "-MDd" "-Z7" "-Ob0" "-Od" "-RTC1" "Files/Microsoft\\" "Visual\\" "Studio/18/Enterprise/VC/vcpkg/installed/x64-windows/debug/../include" "Files/Microsoft\\" "Visual\\" "Studio/18/Enterprise/VC/vcpkg/installed/x64-windows/debug/../include/libpng16" "-DHB_DLL_EXPORT" "/Fdsrc\harfbuzz.dll.p\hb-font.cc.pdb" /Fosrc/harfbuzz.dll.p/hb-font.cc.obj "/c" ../src/14.2.1-f76ca539fc.clean/src/hb-font.cc
2026-07-26T16:36:33.3906732Z cl : Command line warning D9025 : overriding '/EHs' with '/EHs-'
2026-07-26T16:36:33.3907135Z cl : Command line warning D9025 : overriding '/EHc' with '/EHc-'
2026-07-26T16:36:33.3907594Z cl : Command line warning D9025 : overriding '/Z7' with '/Zi'
2026-07-26T16:36:33.3908490Z cl : Command line warning D9025 : overriding '/EHs-' with '/EHs'
2026-07-26T16:36:33.3908890Z cl : Command line warning D9025 : overriding '/EHc-' with '/EHc'
2026-07-26T16:36:33.3909311Z cl : Command line warning D9025 : overriding '/Zi' with '/Z7'
2026-07-26T16:36:33.3909993Z cl : Command line warning D9024 : unrecognized source file type 'Files/Microsoft\', object file assumed
2026-07-26T16:36:33.3910620Z cl : Command line warning D9027 : source file 'Files/Microsoft\' ignored
2026-07-26T16:36:33.3911244Z cl : Command line warning D9024 : unrecognized source file type 'Visual\', object file assumed
2026-07-26T16:36:33.3911732Z cl : Command line warning D9027 : source file 'Visual\' ignored
2026-07-26T16:36:33.3912719Z cl : Command line warning D9024 : unrecognized source file type 'Studio/18/Enterprise/VC/vcpkg/installed/x64-windows/debug/../include', object file assumed
2026-07-26T16:36:33.3914347Z cl : Command line warning D9027 : source file 'Studio/18/Enterprise/VC/vcpkg/installed/x64-windows/debug/../include' ignored
2026-07-26T16:36:33.3915644Z cl : Command line warning D9024 : unrecognized source file type 'Files/Microsoft\', object file assumed
2026-07-26T16:36:33.3916584Z cl : Command line warning D9027 : source file 'Files/Microsoft\' ignored
2026-07-26T16:36:33.3917506Z cl : Command line warning D9024 : unrecognized source file type 'Visual\', object file assumed
2026-07-26T16:36:33.3918740Z cl : Command line warning D9027 : source file 'Visual\' ignored
2026-07-26T16:36:33.3920100Z cl : Command line warning D9024 : unrecognized source file type 'Studio/18/Enterprise/VC/vcpkg/installed/x64-windows/debug/../include/libpng16', object file assumed
2026-07-26T16:36:33.3921869Z cl : Command line warning D9027 : source file 'Studio/18/Enterprise/VC/vcpkg/installed/x64-windows/debug/../include/libpng16' ignored
2026-07-26T16:36:33.3922807Z cl : Command line warning D9030 : '/showIncludes' is incompatible with multiprocessing; ignoring /MP switch
2026-07-26T16:36:33.3926673Z [17/129] "C:/Program Files/Microsoft Visual Studio/18/Enterprise/VC/Tools/MSVC/14.51.36231/bin/Hostx64/x64/cl.exe" "-DWIN32" "-D_WINDOWS" "-utf-8" "-GR" "-EHsc" "-MP" "-MDd" "-Z7" "-Ob0" "-Od" "-RTC1" "-Isrc\harfbuzz.dll.p" "-Isrc" "-I..\src\14.2.1-f76ca539fc.clean\src" "-I." "-I..\src\14.2.1-f76ca539fc.clean" "-IC:/Program\\" "-IC:/Program Files/Microsoft Visual Studio/18/Enterprise/VC/vcpkg/installed/x64-windows/include" "/MDd" "/nologo" "/showIncludes" "/utf-8" "/Zc:__cplusplus" "/W2" "/EHs-c-" "/std:c++14" "/permissive-" "/Zi" "/wd4244" "/bigobj" "/utf-8" "-DHAVE_CONFIG_H" "-nologo" "-DWIN32" "-D_WINDOWS" "-utf-8" "-GR" "-EHsc" "-MP" "-MDd" "-Z7" "-Ob0" "-Od" "-RTC1" "Files/Microsoft\\" "Visual\\" "Studio/18/Enterprise/VC/vcpkg/installed/x64-windows/debug/../include" "Files/Microsoft\\" "Visual\\" "Studio/18/Enterprise/VC/vcpkg/installed/x64-windows/debug/../include/libpng16" "-DHB_DLL_EXPORT" "/Fdsrc\harfbuzz.dll.p\hb-aat-layout.cc.pdb" /Fosrc/harfbuzz.dll.p/hb-aat-layout.cc.obj "/c" ../src/14.2.1-f76ca539fc.clean/src/hb-aat-layout.cc
2026-07-26T16:36:33.3931578Z cl : Command line warning D9025 : overriding '/EHs' with '/EHs-'
2026-07-26T16:36:33.3932246Z cl : Command line warning D9025 : overriding '/EHc' with '/EHc-'
2026-07-26T16:36:33.3932878Z cl : Command line warning D9025 : overriding '/Z7' with '/Zi'
2026-07-26T16:36:33.3933530Z cl : Command line warning D9025 : overriding '/EHs-' with '/EHs'
2026-07-26T16:36:33.3934293Z cl : Command line warning D9025 : overriding '/EHc-' with '/EHc'
2026-07-26T16:36:33.3934988Z cl : Command line warning D9025 : overriding '/Zi' with '/Z7'
2026-07-26T16:36:33.3935861Z cl : Command line warning D9024 : unrecognized source file type 'Files/Microsoft\', object file assumed
2026-07-26T16:36:33.3936829Z cl : Command line warning D9027 : source file 'Files/Microsoft\' ignored
2026-07-26T16:36:33.3937764Z cl : Command line warning D9024 : unrecognized source file type 'Visual\', object file assumed
2026-07-26T16:36:33.3939051Z cl : Command line warning D9027 : source file 'Visual\' ignored
2026-07-26T16:36:33.3940324Z cl : Command line warning D9024 : unrecognized source file type 'Studio/18/Enterprise/VC/vcpkg/installed/x64-windows/debug/../include', object file assumed
2026-07-26T16:36:33.3941980Z cl : Command line warning D9027 : source file 'Studio/18/Enterprise/VC/vcpkg/installed/x64-windows/debug/../include' ignored
2026-07-26T16:36:33.3943308Z cl : Command line warning D9024 : unrecognized source file type 'Files/Microsoft\', object file assumed
2026-07-26T16:36:33.3944293Z cl : Command line warning D9027 : source file 'Files/Microsoft\' ignored
2026-07-26T16:36:33.3945287Z cl : Command line warning D9024 : unrecognized source file type 'Visual\', object file assumed
2026-07-26T16:36:33.3946241Z cl : Command line warning D9027 : source file 'Visual\' ignored
2026-07-26T16:36:33.3947649Z cl : Command line warning D9024 : unrecognized source file type 'Studio/18/Enterprise/VC/vcpkg/installed/x64-windows/debug/../include/libpng16', object file assumed
2026-07-26T16:36:33.3949399Z cl : Command line warning D9027 : source file 'Studio/18/Enterprise/VC/vcpkg/installed/x64-windows/debug/../include/libpng16' ignored
2026-07-26T16:36:33.3953486Z cl : Command line warning D9030 : '/showIncludes' is incompatible with multiprocessing; ignoring /MP switch
2026-07-26T16:36:33.3961383Z [18/129] "C:/Program Files/Microsoft Visual Studio/18/Enterprise/VC/Tools/MSVC/14.51.36231/bin/Hostx64/x64/cl.exe" "-DWIN32" "-D_WINDOWS" "-utf-8" "-GR" "-EHsc" "-MP" "-MDd" "-Z7" "-Ob0" "-Od" "-RTC1" "-Isrc\harfbuzz.dll.p" "-Isrc" "-I..\src\14.2.1-f76ca539fc.clean\src" "-I." "-I..\src\14.2.1-f76ca539fc.clean" "-IC:/Program\\" "-IC:/Program Files/Microsoft Visual Studio/18/Enterprise/VC/vcpkg/installed/x64-windows/include" "/MDd" "/nologo" "/showIncludes" "/utf-8" "/Zc:__cplusplus" "/W2" "/EHs-c-" "/std:c++14" "/permissive-" "/Zi" "/wd4244" "/bigobj" "/utf-8" "-DHAVE_CONFIG_H" "-nologo" "-DWIN32" "-D_WINDOWS" "-utf-8" "-GR" "-EHsc" "-MP" "-MDd" "-Z7" "-Ob0" "-Od" "-RTC1" "Files/Microsoft\\" "Visual\\" "Studio/18/Enterprise/VC/vcpkg/installed/x64-windows/debug/../include" "Files/Microsoft\\" "Visual\\" "Studio/18/Enterprise/VC/vcpkg/installed/x64-windows/debug/../include/libpng16" "-DHB_DLL_EXPORT" "/Fdsrc\harfbuzz.dll.p\hb-ot-cff1-table.cc.pdb" /Fosrc/harfbuzz.dll.p/hb-ot-cff1-table.cc.obj "/c" ../src/14.2.1-f76ca539fc.clean/src/hb-ot-cff1-table.cc
2026-07-26T16:36:33.3969469Z cl : Command line warning D9025 : overriding '/EHs' with '/EHs-'
2026-07-26T16:36:33.3970196Z cl : Command line warning D9025 : overriding '/EHc' with '/EHc-'
2026-07-26T16:36:33.3970863Z cl : Command line warning D9025 : overriding '/Z7' with '/Zi'
2026-07-26T16:36:33.3971520Z cl : Command line warning D9025 : overriding '/EHs-' with '/EHs'
2026-07-26T16:36:33.3972184Z cl : Command line warning D9025 : overriding '/EHc-' with '/EHc'
2026-07-26T16:36:33.3972846Z cl : Command line warning D9025 : overriding '/Zi' with '/Z7'
2026-07-26T16:36:33.3973761Z cl : Command line warning D9024 : unrecognized source file type 'Files/Microsoft\', object file assumed
2026-07-26T16:36:33.3976228Z cl : Command line warning D9027 : source file 'Files/Microsoft\' ignored
2026-07-26T16:36:33.3977185Z cl : Command line warning D9024 : unrecognized source file type 'Visual\', object file assumed
2026-07-26T16:36:33.3978048Z cl : Command line warning D9027 : source file 'Visual\' ignored
2026-07-26T16:36:33.3979674Z cl : Command line warning D9024 : unrecognized source file type 'Studio/18/Enterprise/VC/vcpkg/installed/x64-windows/debug/../include', object file assumed
2026-07-26T16:36:33.3981165Z cl : Command line warning D9027 : source file 'Studio/18/Enterprise/VC/vcpkg/installed/x64-windows/debug/../include' ignored
2026-07-26T16:36:33.3982598Z cl : Command line warning D9024 : unrecognized source file type 'Files/Microsoft\', object file assumed
2026-07-26T16:36:33.3985299Z cl : Command line warning D9027 : source file 'Files/Microsoft\' ignored
2026-07-26T16:36:33.3987198Z cl : Command line warning D9024 : unrecognized source file type 'Visual\', object file assumed
2026-07-26T16:36:33.3989316Z cl : Command line warning D9027 : source file 'Visual\' ignored
2026-07-26T16:36:33.3992755Z cl : Command line warning D9024 : unrecognized source file type 'Studio/18/Enterprise/VC/vcpkg/installed/x64-windows/debug/../include/libpng16', object file assumed
2026-07-26T16:36:33.3996825Z cl : Command line warning D9027 : source file 'Studio/18/Enterprise/VC/vcpkg/installed/x64-windows/debug/../include/libpng16' ignored
2026-07-26T16:36:33.3999865Z cl : Command line warning D9030 : '/showIncludes' is incompatible with multiprocessing; ignoring /MP switch
2026-07-26T16:36:33.4010569Z [19/129] "C:/Program Files/Microsoft Visual Studio/18/Enterprise/VC/Tools/MSVC/14.51.36231/bin/Hostx64/x64/cl.exe" "-DWIN32" "-D_WINDOWS" "-utf-8" "-GR" "-EHsc" "-MP" "-MDd" "-Z7" "-Ob0" "-Od" "-RTC1" "-Isrc\harfbuzz.dll.p" "-Isrc" "-I..\src\14.2.1-f76ca539fc.clean\src" "-I." "-I..\src\14.2.1-f76ca539fc.clean" "-IC:/Program\\" "-IC:/Program Files/Microsoft Visual Studio/18/Enterprise/VC/vcpkg/installed/x64-windows/include" "/MDd" "/nologo" "/showIncludes" "/utf-8" "/Zc:__cplusplus" "/W2" "/EHs-c-" "/std:c++14" "/permissive-" "/Zi" "/wd4244" "/bigobj" "/utf-8" "-DHAVE_CONFIG_H" "-nologo" "-DWIN32" "-D_WINDOWS" "-utf-8" "-GR" "-EHsc" "-MP" "-MDd" "-Z7" "-Ob0" "-Od" "-RTC1" "Files/Microsoft\\" "Visual\\" "Studio/18/Enterprise/VC/vcpkg/installed/x64-windows/debug/../include" "Files/Microsoft\\" "Visual\\" "Studio/18/Enterprise/VC/vcpkg/installed/x64-windows/debug/../include/libpng16" "-DHB_DLL_EXPORT" "/Fdsrc\harfbuzz.dll.p\hb-ot-cff2-table.cc.pdb" /Fosrc/harfbuzz.dll.p/hb-ot-cff2-table.cc.obj "/c" ../src/14.2.1-f76ca539fc.clean/src/hb-ot-cff2-table.cc
2026-07-26T16:36:33.4017910Z cl : Command line warning D9025 : overriding '/EHs' with '/EHs-'
2026-07-26T16:36:33.4018622Z cl : Command line warning D9025 : overriding '/EHc' with '/EHc-'
2026-07-26T16:36:33.4019246Z cl : Command line warning D9025 : overriding '/Z7' with '/Zi'
2026-07-26T16:36:33.4020685Z cl : Command line warning D9025 : overriding '/EHs-' with '/EHs'
2026-07-26T16:36:33.4021993Z cl : Command line warning D9025 : overriding '/EHc-' with '/EHc'
2026-07-26T16:36:33.4022700Z cl : Command line warning D9025 : overriding '/Zi' with '/Z7'
2026-07-26T16:36:33.4023594Z cl : Command line warning D9024 : unrecognized source file type 'Files/Microsoft\', object file assumed
2026-07-26T16:36:33.4024782Z cl : Command line warning D9027 : source file 'Files/Microsoft\' ignored
2026-07-26T16:36:33.4026114Z cl : Command line warning D9024 : unrecognized source file type 'Visual\', object file assumed
2026-07-26T16:36:33.4027003Z cl : Command line warning D9027 : source file 'Visual\' ignored
2026-07-26T16:36:33.4028247Z cl : Command line warning D9024 : unrecognized source file type 'Studio/18/Enterprise/VC/vcpkg/installed/x64-windows/debug/../include', object file assumed
2026-07-26T16:36:33.4030253Z cl : Command line warning D9027 : source file 'Studio/18/Enterprise/VC/vcpkg/installed/x64-windows/debug/../include' ignored
2026-07-26T16:36:33.4031558Z cl : Command line warning D9024 : unrecognized source file type 'Files/Microsoft\', object file assumed
2026-07-26T16:36:33.4032513Z cl : Command line warning D9027 : source file 'Files/Microsoft\' ignored
2026-07-26T16:36:33.4033373Z cl : Command line warning D9024 : unrecognized source file type 'Visual\', object file assumed
2026-07-26T16:36:33.4035773Z cl : Command line warning D9027 : source file 'Visual\' ignored
2026-07-26T16:36:33.4038039Z cl : Command line warning D9024 : unrecognized source file type 'Studio/18/Enterprise/VC/vcpkg/installed/x64-windows/debug/../include/libpng16', object file assumed
2026-07-26T16:36:33.4039703Z cl : Command line warning D9027 : source file 'Studio/18/Enterprise/VC/vcpkg/installed/x64-windows/debug/../include/libpng16' ignored
2026-07-26T16:36:33.4041056Z cl : Command line warning D9030 : '/showIncludes' is incompatible with multiprocessing; ignoring /MP switch
2026-07-26T16:36:33.4047606Z [20/129] "C:/Program Files/Microsoft Visual Studio/18/Enterprise/VC/Tools/MSVC/14.51.36231/bin/Hostx64/x64/cl.exe" "-DWIN32" "-D_WINDOWS" "-utf-8" "-GR" "-EHsc" "-MP" "-MDd" "-Z7" "-Ob0" "-Od" "-RTC1" "-Isrc\harfbuzz.dll.p" "-Isrc" "-I..\src\14.2.1-f76ca539fc.clean\src" "-I." "-I..\src\14.2.1-f76ca539fc.clean" "-IC:/Program\\" "-IC:/Program Files/Microsoft Visual Studio/18/Enterprise/VC/vcpkg/installed/x64-windows/include" "/MDd" "/nologo" "/showIncludes" "/utf-8" "/Zc:__cplusplus" "/W2" "/EHs-c-" "/std:c++14" "/permissive-" "/Zi" "/wd4244" "/bigobj" "/utf-8" "-DHAVE_CONFIG_H" "-nologo" "-DWIN32" "-D_WINDOWS" "-utf-8" "-GR" "-EHsc" "-MP" "-MDd" "-Z7" "-Ob0" "-Od" "-RTC1" "Files/Microsoft\\" "Visual\\" "Studio/18/Enterprise/VC/vcpkg/installed/x64-windows/debug/../include" "Files/Microsoft\\" "Visual\\" "Studio/18/Enterprise/VC/vcpkg/installed/x64-windows/debug/../include/libpng16" "-DHB_DLL_EXPORT" "/Fdsrc\harfbuzz.dll.p\hb-outline.cc.pdb" /Fosrc/harfbuzz.dll.p/hb-outline.cc.obj "/c" ../src/14.2.1-f76ca539fc.clean/src/hb-outline.cc
2026-07-26T16:36:33.4055012Z cl : Command line warning D9025 : overriding '/EHs' with '/EHs-'
2026-07-26T16:36:33.4055754Z cl : Command line warning D9025 : overriding '/EHc' with '/EHc-'
2026-07-26T16:36:33.4056962Z cl : Command line warning D9025 : overriding '/Z7' with '/Zi'
2026-07-26T16:36:33.4058437Z cl : Command line warning D9025 : overriding '/EHs-' with '/EHs'
2026-07-26T16:36:33.4059423Z cl : Command line warning D9025 : overriding '/EHc-' with '/EHc'
2026-07-26T16:36:33.4060648Z cl : Command line warning D9025 : overriding '/Zi' with '/Z7'
2026-07-26T16:36:33.4062622Z cl : Command line warning D9024 : unrecognized source file type 'Files/Microsoft\', object file assumed
2026-07-26T16:36:33.4063991Z cl : Command line warning D9027 : source file 'Files/Microsoft\' ignored
2026-07-26T16:36:33.4065534Z cl : Command line warning D9024 : unrecognized source file type 'Visual\', object file assumed
2026-07-26T16:36:33.4066595Z cl : Command line warning D9027 : source file 'Visual\' ignored
2026-07-26T16:36:33.4067933Z cl : Command line warning D9024 : unrecognized source file type 'Studio/18/Enterprise/VC/vcpkg/installed/x64-windows/debug/../include', object file assumed
2026-07-26T16:36:33.4069197Z cl : Command line warning D9027 : source file 'Studio/18/Enterprise/VC/vcpkg/installed/x64-windows/debug/../include' ignored
2026-07-26T16:36:33.4070340Z cl : Command line warning D9024 : unrecognized source file type 'Files/Microsoft\', object file assumed
2026-07-26T16:36:33.4071971Z cl : Command line warning D9027 : source file 'Files/Microsoft\' ignored
2026-07-26T16:36:33.4072773Z cl : Command line warning D9024 : unrecognized source file type 'Visual\', object file assumed
2026-07-26T16:36:33.4073495Z cl : Command line warning D9027 : source file 'Visual\' ignored
2026-07-26T16:36:33.4074556Z cl : Command line warning D9024 : unrecognized source file type 'Studio/18/Enterprise/VC/vcpkg/installed/x64-windows/debug/../include/libpng16', object file assumed
2026-07-26T16:36:33.4076042Z cl : Command line warning D9027 : source file 'Studio/18/Enterprise/VC/vcpkg/installed/x64-windows/debug/../include/libpng16' ignored
2026-07-26T16:36:33.4076937Z cl : Command line warning D9030 : '/showIncludes' is incompatible with multiprocessing; ignoring /MP switch
2026-07-26T16:36:33.4080934Z [21/129] "C:/Program Files/Microsoft Visual Studio/18/Enterprise/VC/Tools/MSVC/14.51.36231/bin/Hostx64/x64/cl.exe" "-DWIN32" "-D_WINDOWS" "-utf-8" "-GR" "-EHsc" "-MP" "-MDd" "-Z7" "-Ob0" "-Od" "-RTC1" "-Isrc\harfbuzz.dll.p" "-Isrc" "-I..\src\14.2.1-f76ca539fc.clean\src" "-I." "-I..\src\14.2.1-f76ca539fc.clean" "-IC:/Program\\" "-IC:/Program Files/Microsoft Visual Studio/18/Enterprise/VC/vcpkg/installed/x64-windows/include" "/MDd" "/nologo" "/showIncludes" "/utf-8" "/Zc:__cplusplus" "/W2" "/EHs-c-" "/std:c++14" "/permissive-" "/Zi" "/wd4244" "/bigobj" "/utf-8" "-DHAVE_CONFIG_H" "-nologo" "-DWIN32" "-D_WINDOWS" "-utf-8" "-GR" "-EHsc" "-MP" "-MDd" "-Z7" "-Ob0" "-Od" "-RTC1" "Files/Microsoft\\" "Visual\\" "Studio/18/Enterprise/VC/vcpkg/installed/x64-windows/debug/../include" "Files/Microsoft\\" "Visual\\" "Studio/18/Enterprise/VC/vcpkg/installed/x64-windows/debug/../include/libpng16" "-DHB_DLL_EXPORT" "/Fdsrc\harfbuzz.dll.p\hb-ot-color.cc.pdb" /Fosrc/harfbuzz.dll.p/hb-ot-color.cc.obj "/c" ../src/14.2.1-f76ca539fc.clean/src/hb-ot-color.cc
2026-07-26T16:36:33.4085108Z cl : Command line warning D9025 : overriding '/EHs' with '/EHs-'
2026-07-26T16:36:33.4085499Z cl : Command line warning D9025 : overriding '/EHc' with '/EHc-'
2026-07-26T16:36:33.4085873Z cl : Command line warning D9025 : overriding '/Z7' with '/Zi'
2026-07-26T16:36:33.4086265Z cl : Command line warning D9025 : overriding '/EHs-' with '/EHs'
2026-07-26T16:36:33.4086631Z cl : Command line warning D9025 : overriding '/EHc-' with '/EHc'
2026-07-26T16:36:33.4086990Z cl : Command line warning D9025 : overriding '/Zi' with '/Z7'
2026-07-26T16:36:33.4087487Z cl : Command line warning D9024 : unrecognized source file type 'Files/Microsoft\', object file assumed
2026-07-26T16:36:33.4088028Z cl : Command line warning D9027 : source file 'Files/Microsoft\' ignored
2026-07-26T16:36:33.4088533Z cl : Command line warning D9024 : unrecognized source file type 'Visual\', object file assumed
2026-07-26T16:36:33.4089003Z cl : Command line warning D9027 : source file 'Visual\' ignored
2026-07-26T16:36:33.4089689Z cl : Command line warning D9024 : unrecognized source file type 'Studio/18/Enterprise/VC/vcpkg/installed/x64-windows/debug/../include', object file assumed
2026-07-26T16:36:33.4090615Z cl : Command line warning D9027 : source file 'Studio/18/Enterprise/VC/vcpkg/installed/x64-windows/debug/../include' ignored
2026-07-26T16:36:33.4091309Z cl : Command line warning D9024 : unrecognized source file type 'Files/Microsoft\', object file assumed
2026-07-26T16:36:33.4091831Z cl : Command line warning D9027 : source file 'Files/Microsoft\' ignored
2026-07-26T16:36:33.4092315Z cl : Command line warning D9024 : unrecognized source file type 'Visual\', object file assumed
2026-07-26T16:36:33.4093951Z cl : Command line warning D9027 : source file 'Visual\' ignored
2026-07-26T16:36:33.4094681Z cl : Command line warning D9024 : unrecognized source file type 'Studio/18/Enterprise/VC/vcpkg/installed/x64-windows/debug/../include/libpng16', object file assumed
2026-07-26T16:36:33.4095726Z cl : Command line warning D9027 : source file 'Studio/18/Enterprise/VC/vcpkg/installed/x64-windows/debug/../include/libpng16' ignored
2026-07-26T16:36:33.4096492Z cl : Command line warning D9030 : '/showIncludes' is incompatible with multiprocessing; ignoring /MP switch
2026-07-26T16:36:33.4100280Z [22/129] "C:/Program Files/Microsoft Visual Studio/18/Enterprise/VC/Tools/MSVC/14.51.36231/bin/Hostx64/x64/cl.exe" "-DWIN32" "-D_WINDOWS" "-utf-8" "-GR" "-EHsc" "-MP" "-MDd" "-Z7" "-Ob0" "-Od" "-RTC1" "-Isrc\harfbuzz.dll.p" "-Isrc" "-I..\src\14.2.1-f76ca539fc.clean\src" "-I." "-I..\src\14.2.1-f76ca539fc.clean" "-IC:/Program\\" "-IC:/Program Files/Microsoft Visual Studio/18/Enterprise/VC/vcpkg/installed/x64-windows/include" "/MDd" "/nologo" "/showIncludes" "/utf-8" "/Zc:__cplusplus" "/W2" "/EHs-c-" "/std:c++14" "/permissive-" "/Zi" "/wd4244" "/bigobj" "/utf-8" "-DHAVE_CONFIG_H" "-nologo" "-DWIN32" "-D_WINDOWS" "-utf-8" "-GR" "-EHsc" "-MP" "-MDd" "-Z7" "-Ob0" "-Od" "-RTC1" "Files/Microsoft\\" "Visual\\" "Studio/18/Enterprise/VC/vcpkg/installed/x64-windows/debug/../include" "Files/Microsoft\\" "Visual\\" "Studio/18/Enterprise/VC/vcpkg/installed/x64-windows/debug/../include/libpng16" "-DHB_DLL_EXPORT" "/Fdsrc\harfbuzz.dll.p\hb-ot-map.cc.pdb" /Fosrc/harfbuzz.dll.p/hb-ot-map.cc.obj "/c" ../src/14.2.1-f76ca539fc.clean/src/hb-ot-map.cc
2026-07-26T16:36:33.4103995Z cl : Command line warning D9025 : overriding '/EHs' with '/EHs-'
2026-07-26T16:36:33.4104373Z cl : Command line warning D9025 : overriding '/EHc' with '/EHc-'
2026-07-26T16:36:33.4104733Z cl : Command line warning D9025 : overriding '/Z7' with '/Zi'
2026-07-26T16:36:33.4105098Z cl : Command line warning D9025 : overriding '/EHs-' with '/EHs'
2026-07-26T16:36:33.4105465Z cl : Command line warning D9025 : overriding '/EHc-' with '/EHc'
2026-07-26T16:36:33.4105812Z cl : Command line warning D9025 : overriding '/Zi' with '/Z7'
2026-07-26T16:36:33.4106295Z cl : Command line warning D9024 : unrecognized source file type 'Files/Microsoft\', object file assumed
2026-07-26T16:36:33.4106824Z cl : Command line warning D9027 : source file 'Files/Microsoft\' ignored
2026-07-26T16:36:33.4107315Z cl : Command line warning D9024 : unrecognized source file type 'Visual\', object file assumed
2026-07-26T16:36:33.4107789Z cl : Command line warning D9027 : source file 'Visual\' ignored
2026-07-26T16:36:33.4108469Z cl : Command line warning D9024 : unrecognized source file type 'Studio/18/Enterprise/VC/vcpkg/installed/x64-windows/debug/../include', object file assumed
2026-07-26T16:36:33.4109348Z cl : Command line warning D9027 : source file 'Studio/18/Enterprise/VC/vcpkg/installed/x64-windows/debug/../include' ignored
2026-07-26T16:36:33.4110051Z cl : Command line warning D9024 : unrecognized source file type 'Files/Microsoft\', object file assumed
2026-07-26T16:36:33.4110572Z cl : Command line warning D9027 : source file 'Files/Microsoft\' ignored
2026-07-26T16:36:33.4111061Z cl : Command line warning D9024 : unrecognized source file type 'Visual\', object file assumed
2026-07-26T16:36:33.4111526Z cl : Command line warning D9027 : source file 'Visual\' ignored
2026-07-26T16:36:33.4112233Z cl : Command line warning D9024 : unrecognized source file type 'Studio/18/Enterprise/VC/vcpkg/installed/x64-windows/debug/../include/libpng16', object file assumed
2026-07-26T16:36:33.4113177Z cl : Command line warning D9027 : source file 'Studio/18/Enterprise/VC/vcpkg/installed/x64-windows/debug/../include/libpng16' ignored
2026-07-26T16:36:33.4113918Z cl : Command line warning D9030 : '/showIncludes' is incompatible with multiprocessing; ignoring /MP switch
2026-07-26T16:36:33.4118273Z [23/129] "C:/Program Files/Microsoft Visual Studio/18/Enterprise/VC/Tools/MSVC/14.51.36231/bin/Hostx64/x64/cl.exe" "-DWIN32" "-D_WINDOWS" "-utf-8" "-GR" "-EHsc" "-MP" "-MDd" "-Z7" "-Ob0" "-Od" "-RTC1" "-Isrc\harfbuzz.dll.p" "-Isrc" "-I..\src\14.2.1-f76ca539fc.clean\src" "-I." "-I..\src\14.2.1-f76ca539fc.clean" "-IC:/Program\\" "-IC:/Program Files/Microsoft Visual Studio/18/Enterprise/VC/vcpkg/installed/x64-windows/include" "/MDd" "/nologo" "/showIncludes" "/utf-8" "/Zc:__cplusplus" "/W2" "/EHs-c-" "/std:c++14" "/permissive-" "/Zi" "/wd4244" "/bigobj" "/utf-8" "-DHAVE_CONFIG_H" "-nologo" "-DWIN32" "-D_WINDOWS" "-utf-8" "-GR" "-EHsc" "-MP" "-MDd" "-Z7" "-Ob0" "-Od" "-RTC1" "Files/Microsoft\\" "Visual\\" "Studio/18/Enterprise/VC/vcpkg/installed/x64-windows/debug/../include" "Files/Microsoft\\" "Visual\\" "Studio/18/Enterprise/VC/vcpkg/installed/x64-windows/debug/../include/libpng16" "-DHB_DLL_EXPORT" "/Fdsrc\harfbuzz.dll.p\hb-ot-font.cc.pdb" /Fosrc/harfbuzz.dll.p/hb-ot-font.cc.obj "/c" ../src/14.2.1-f76ca539fc.clean/src/hb-ot-font.cc
2026-07-26T16:36:33.4121939Z cl : Command line warning D9025 : overriding '/EHs' with '/EHs-'
2026-07-26T16:36:33.4122314Z cl : Command line warning D9025 : overriding '/EHc' with '/EHc-'
2026-07-26T16:36:33.4122734Z cl : Command line warning D9025 : overriding '/Z7' with '/Zi'
2026-07-26T16:36:33.4123228Z cl : Command line warning D9025 : overriding '/EHs-' with '/EHs'
2026-07-26T16:36:33.4123587Z cl : Command line warning D9025 : overriding '/EHc-' with '/EHc'
2026-07-26T16:36:33.4123939Z cl : Command line warning D9025 : overriding '/Zi' with '/Z7'
2026-07-26T16:36:33.4124421Z cl : Command line warning D9024 : unrecognized source file type 'Files/Microsoft\', object file assumed
2026-07-26T16:36:33.4124959Z cl : Command line warning D9027 : source file 'Files/Microsoft\' ignored
2026-07-26T16:36:33.4125448Z cl : Command line warning D9024 : unrecognized source file type 'Visual\', object file assumed
2026-07-26T16:36:33.4125914Z cl : Command line warning D9027 : source file 'Visual\' ignored
2026-07-26T16:36:33.4126596Z cl : Command line warning D9024 : unrecognized source file type 'Studio/18/Enterprise/VC/vcpkg/installed/x64-windows/debug/../include', object file assumed
2026-07-26T16:36:33.4127477Z cl : Command line warning D9027 : source file 'Studio/18/Enterprise/VC/vcpkg/installed/x64-windows/debug/../include' ignored
2026-07-26T16:36:33.4128173Z cl : Command line warning D9024 : unrecognized source file type 'Files/Microsoft\', object file assumed
2026-07-26T16:36:33.4128701Z cl : Command line warning D9027 : source file 'Files/Microsoft\' ignored
2026-07-26T16:36:33.4129184Z cl : Command line warning D9024 : unrecognized source file type 'Visual\', object file assumed
2026-07-26T16:36:33.4129654Z cl : Command line warning D9027 : source file 'Visual\' ignored
2026-07-26T16:36:33.4130359Z cl : Command line warning D9024 : unrecognized source file type 'Studio/18/Enterprise/VC/vcpkg/installed/x64-windows/debug/../include/libpng16', object file assumed
2026-07-26T16:36:33.4131308Z cl : Command line warning D9027 : source file 'Studio/18/Enterprise/VC/vcpkg/installed/x64-windows/debug/../include/libpng16' ignored
2026-07-26T16:36:33.4132057Z cl : Command line warning D9030 : '/showIncludes' is incompatible with multiprocessing; ignoring /MP switch
2026-07-26T16:36:33.4135624Z [24/129] "C:/Program Files/Microsoft Visual Studio/18/Enterprise/VC/Tools/MSVC/14.51.36231/bin/Hostx64/x64/cl.exe" "-DWIN32" "-D_WINDOWS" "-utf-8" "-GR" "-EHsc" "-MP" "-MDd" "-Z7" "-Ob0" "-Od" "-RTC1" "-Isrc\harfbuzz.dll.p" "-Isrc" "-I..\src\14.2.1-f76ca539fc.clean\src" "-I." "-I..\src\14.2.1-f76ca539fc.clean" "-IC:/Program\\" "-IC:/Program Files/Microsoft Visual Studio/18/Enterprise/VC/vcpkg/installed/x64-windows/include" "/MDd" "/nologo" "/showIncludes" "/utf-8" "/Zc:__cplusplus" "/W2" "/EHs-c-" "/std:c++14" "/permissive-" "/Zi" "/wd4244" "/bigobj" "/utf-8" "-DHAVE_CONFIG_H" "-nologo" "-DWIN32" "-D_WINDOWS" "-utf-8" "-GR" "-EHsc" "-MP" "-MDd" "-Z7" "-Ob0" "-Od" "-RTC1" "Files/Microsoft\\" "Visual\\" "Studio/18/Enterprise/VC/vcpkg/installed/x64-windows/debug/../include" "Files/Microsoft\\" "Visual\\" "Studio/18/Enterprise/VC/vcpkg/installed/x64-windows/debug/../include/libpng16" "-DHB_DLL_EXPORT" "/Fdsrc\harfbuzz.dll.p\OT_Var_VARC_VARC.cc.pdb" /Fosrc/harfbuzz.dll.p/OT_Var_VARC_VARC.cc.obj "/c" ../src/14.2.1-f76ca539fc.clean/src/OT/Var/VARC/VARC.cc
2026-07-26T16:36:33.4139755Z cl : Command line warning D9025 : overriding '/EHs' with '/EHs-'
2026-07-26T16:36:33.4140286Z cl : Command line warning D9025 : overriding '/EHc' with '/EHc-'
2026-07-26T16:36:33.4140885Z cl : Command line warning D9025 : overriding '/Z7' with '/Zi'
2026-07-26T16:36:33.4141313Z cl : Command line warning D9025 : overriding '/EHs-' with '/EHs'
2026-07-26T16:36:33.4141681Z cl : Command line warning D9025 : overriding '/EHc-' with '/EHc'
2026-07-26T16:36:33.4142076Z cl : Command line warning D9025 : overriding '/Zi' with '/Z7'
2026-07-26T16:36:33.4142571Z cl : Command line warning D9024 : unrecognized source file type 'Files/Microsoft\', object file assumed
2026-07-26T16:36:33.4143286Z cl : Command line warning D9027 : source file 'Files/Microsoft\' ignored
2026-07-26T16:36:33.4143782Z cl : Command line warning D9024 : unrecognized source file type 'Visual\', object file assumed
2026-07-26T16:36:33.4144254Z cl : Command line warning D9027 : source file 'Visual\' ignored
2026-07-26T16:36:33.4144953Z cl : Command line warning D9024 : unrecognized source file type 'Studio/18/Enterprise/VC/vcpkg/installed/x64-windows/debug/../include', object file assumed
2026-07-26T16:36:33.4145851Z cl : Command line warning D9027 : source file 'Studio/18/Enterprise/VC/vcpkg/installed/x64-windows/debug/../include' ignored
2026-07-26T16:36:33.4146550Z cl : Command line warning D9024 : unrecognized source file type 'Files/Microsoft\', object file assumed
2026-07-26T16:36:33.4147082Z cl : Command line warning D9027 : source file 'Files/Microsoft\' ignored
2026-07-26T16:36:33.4147569Z cl : Command line warning D9024 : unrecognized source file type 'Visual\', object file assumed
2026-07-26T16:36:33.4148040Z cl : Command line warning D9027 : source file 'Visual\' ignored
2026-07-26T16:36:33.4148755Z cl : Command line warning D9024 : unrecognized source file type 'Studio/18/Enterprise/VC/vcpkg/installed/x64-windows/debug/../include/libpng16', object file assumed
2026-07-26T16:36:33.4149702Z cl : Command line warning D9027 : source file 'Studio/18/Enterprise/VC/vcpkg/installed/x64-windows/debug/../include/libpng16' ignored
2026-07-26T16:36:33.4150463Z cl : Command line warning D9030 : '/showIncludes' is incompatible with multiprocessing; ignoring /MP switch
2026-07-26T16:36:33.4154017Z [25/129] "C:/Program Files/Microsoft Visual Studio/18/Enterprise/VC/Tools/MSVC/14.51.36231/bin/Hostx64/x64/cl.exe" "-DWIN32" "-D_WINDOWS" "-utf-8" "-GR" "-EHsc" "-MP" "-MDd" "-Z7" "-Ob0" "-Od" "-RTC1" "-Isrc\harfbuzz.dll.p" "-Isrc" "-I..\src\14.2.1-f76ca539fc.clean\src" "-I." "-I..\src\14.2.1-f76ca539fc.clean" "-IC:/Program\\" "-IC:/Program Files/Microsoft Visual Studio/18/Enterprise/VC/vcpkg/installed/x64-windows/include" "/MDd" "/nologo" "/showIncludes" "/utf-8" "/Zc:__cplusplus" "/W2" "/EHs-c-" "/std:c++14" "/permissive-" "/Zi" "/wd4244" "/bigobj" "/utf-8" "-DHAVE_CONFIG_H" "-nologo" "-DWIN32" "-D_WINDOWS" "-utf-8" "-GR" "-EHsc" "-MP" "-MDd" "-Z7" "-Ob0" "-Od" "-RTC1" "Files/Microsoft\\" "Visual\\" "Studio/18/Enterprise/VC/vcpkg/installed/x64-windows/debug/../include" "Files/Microsoft\\" "Visual\\" "Studio/18/Enterprise/VC/vcpkg/installed/x64-windows/debug/../include/libpng16" "-DHB_DLL_EXPORT" "/Fdsrc\harfbuzz.dll.p\hb-ot-meta.cc.pdb" /Fosrc/harfbuzz.dll.p/hb-ot-meta.cc.obj "/c" ../src/14.2.1-f76ca539fc.clean/src/hb-ot-meta.cc
2026-07-26T16:36:33.4157710Z cl : Command line warning D9025 : overriding '/EHs' with '/EHs-'
2026-07-26T16:36:33.4158090Z cl : Command line warning D9025 : overriding '/EHc' with '/EHc-'
2026-07-26T16:36:33.4158453Z cl : Command line warning D9025 : overriding '/Z7' with '/Zi'
2026-07-26T16:36:33.4158806Z cl : Command line warning D9025 : overriding '/EHs-' with '/EHs'
2026-07-26T16:36:33.4159287Z cl : Command line warning D9025 : overriding '/EHc-' with '/EHc'
2026-07-26T16:36:33.4159636Z cl : Command line warning D9025 : overriding '/Zi' with '/Z7'
2026-07-26T16:36:33.4160122Z cl : Command line warning D9024 : unrecognized source file type 'Files/Microsoft\', object file assumed
2026-07-26T16:36:33.4160650Z cl : Command line warning D9027 : source file 'Files/Microsoft\' ignored
2026-07-26T16:36:33.4161226Z cl : Command line warning D9024 : unrecognized source file type 'Visual\', object file assumed
2026-07-26T16:36:33.4161703Z cl : Command line warning D9027 : source file 'Visual\' ignored
2026-07-26T16:36:33.4162385Z cl : Command line warning D9024 : unrecognized source file type 'Studio/18/Enterprise/VC/vcpkg/installed/x64-windows/debug/../include', object file assumed
2026-07-26T16:36:33.4163457Z cl : Command line warning D9027 : source file 'Studio/18/Enterprise/VC/vcpkg/installed/x64-windows/debug/../include' ignored
2026-07-26T16:36:33.4164158Z cl : Command line warning D9024 : unrecognized source file type 'Files/Microsoft\', object file assumed
2026-07-26T16:36:33.4164695Z cl : Command line warning D9027 : source file 'Files/Microsoft\' ignored
2026-07-26T16:36:33.4165183Z cl : Command line warning D9024 : unrecognized source file type 'Visual\', object file assumed
2026-07-26T16:36:33.4165650Z cl : Command line warning D9027 : source file 'Visual\' ignored
2026-07-26T16:36:33.4166363Z cl : Command line warning D9024 : unrecognized source file type 'Studio/18/Enterprise/VC/vcpkg/installed/x64-windows/debug/../include/libpng16', object file assumed
2026-07-26T16:36:33.4167312Z cl : Command line warning D9027 : source file 'Studio/18/Enterprise/VC/vcpkg/installed/x64-windows/debug/../include/libpng16' ignored
2026-07-26T16:36:33.4168063Z cl : Command line warning D9030 : '/showIncludes' is incompatible with multiprocessing; ignoring /MP switch
2026-07-26T16:36:33.4171592Z [26/129] "C:/Program Files/Microsoft Visual Studio/18/Enterprise/VC/Tools/MSVC/14.51.36231/bin/Hostx64/x64/cl.exe" "-DWIN32" "-D_WINDOWS" "-utf-8" "-GR" "-EHsc" "-MP" "-MDd" "-Z7" "-Ob0" "-Od" "-RTC1" "-Isrc\harfbuzz.dll.p" "-Isrc" "-I..\src\14.2.1-f76ca539fc.clean\src" "-I." "-I..\src\14.2.1-f76ca539fc.clean" "-IC:/Program\\" "-IC:/Program Files/Microsoft Visual Studio/18/Enterprise/VC/vcpkg/installed/x64-windows/include" "/MDd" "/nologo" "/showIncludes" "/utf-8" "/Zc:__cplusplus" "/W2" "/EHs-c-" "/std:c++14" "/permissive-" "/Zi" "/wd4244" "/bigobj" "/utf-8" "-DHAVE_CONFIG_H" "-nologo" "-DWIN32" "-D_WINDOWS" "-utf-8" "-GR" "-EHsc" "-MP" "-MDd" "-Z7" "-Ob0" "-Od" "-RTC1" "Files/Microsoft\\" "Visual\\" "Studio/18/Enterprise/VC/vcpkg/installed/x64-windows/debug/../include" "Files/Microsoft\\" "Visual\\" "Studio/18/Enterprise/VC/vcpkg/installed/x64-windows/debug/../include/libpng16" "-DHB_DLL_EXPORT" "/Fdsrc\harfbuzz.dll.p\hb-ot-math.cc.pdb" /Fosrc/harfbuzz.dll.p/hb-ot-math.cc.obj "/c" ../src/14.2.1-f76ca539fc.clean/src/hb-ot-math.cc
2026-07-26T16:36:33.4175097Z cl : Command line warning D9025 : overriding '/EHs' with '/EHs-'
2026-07-26T16:36:33.4175476Z cl : Command line warning D9025 : overriding '/EHc' with '/EHc-'
2026-07-26T16:36:33.4175834Z cl : Command line warning D9025 : overriding '/Z7' with '/Zi'
2026-07-26T16:36:33.4176194Z cl : Command line warning D9025 : overriding '/EHs-' with '/EHs'
2026-07-26T16:36:33.4176551Z cl : Command line warning D9025 : overriding '/EHc-' with '/EHc'
2026-07-26T16:36:33.4176906Z cl : Command line warning D9025 : overriding '/Zi' with '/Z7'
2026-07-26T16:36:33.4177395Z cl : Command line warning D9024 : unrecognized source file type 'Files/Microsoft\', object file assumed
2026-07-26T16:36:33.4178155Z cl : Command line warning D9027 : source file 'Files/Microsoft\' ignored
2026-07-26T16:36:33.4178644Z cl : Command line warning D9024 : unrecognized source file type 'Visual\', object file assumed
2026-07-26T16:36:33.4179118Z cl : Command line warning D9027 : source file 'Visual\' ignored
2026-07-26T16:36:33.4180016Z cl : Command line warning D9024 : unrecognized source file type 'Studio/18/Enterprise/VC/vcpkg/installed/x64-windows/debug/../include', object file assumed
2026-07-26T16:36:33.4181063Z cl : Command line warning D9027 : source file 'Studio/18/Enterprise/VC/vcpkg/installed/x64-windows/debug/../include' ignored
2026-07-26T16:36:33.4181755Z cl : Command line warning D9024 : unrecognized source file type 'Files/Microsoft\', object file assumed
2026-07-26T16:36:33.4182350Z cl : Command line warning D9027 : source file 'Files/Microsoft\' ignored
2026-07-26T16:36:33.4182837Z cl : Command line warning D9024 : unrecognized source file type 'Visual\', object file assumed
2026-07-26T16:36:33.4183477Z cl : Command line warning D9027 : source file 'Visual\' ignored
2026-07-26T16:36:33.4184192Z cl : Command line warning D9024 : unrecognized source file type 'Studio/18/Enterprise/VC/vcpkg/installed/x64-windows/debug/../include/libpng16', object file assumed
2026-07-26T16:36:33.4185141Z cl : Command line warning D9027 : source file 'Studio/18/Enterprise/VC/vcpkg/installed/x64-windows/debug/../include/libpng16' ignored
2026-07-26T16:36:33.4185892Z cl : Command line warning D9030 : '/showIncludes' is incompatible with multiprocessing; ignoring /MP switch
2026-07-26T16:36:33.4189410Z [27/129] "C:/Program Files/Microsoft Visual Studio/18/Enterprise/VC/Tools/MSVC/14.51.36231/bin/Hostx64/x64/cl.exe" "-DWIN32" "-D_WINDOWS" "-utf-8" "-GR" "-EHsc" "-MP" "-MDd" "-Z7" "-Ob0" "-Od" "-RTC1" "-Isrc\harfbuzz.dll.p" "-Isrc" "-I..\src\14.2.1-f76ca539fc.clean\src" "-I." "-I..\src\14.2.1-f76ca539fc.clean" "-IC:/Program\\" "-IC:/Program Files/Microsoft Visual Studio/18/Enterprise/VC/vcpkg/installed/x64-windows/include" "/MDd" "/nologo" "/showIncludes" "/utf-8" "/Zc:__cplusplus" "/W2" "/EHs-c-" "/std:c++14" "/permissive-" "/Zi" "/wd4244" "/bigobj" "/utf-8" "-DHAVE_CONFIG_H" "-nologo" "-DWIN32" "-D_WINDOWS" "-utf-8" "-GR" "-EHsc" "-MP" "-MDd" "-Z7" "-Ob0" "-Od" "-RTC1" "Files/Microsoft\\" "Visual\\" "Studio/18/Enterprise/VC/vcpkg/installed/x64-windows/debug/../include" "Files/Microsoft\\" "Visual\\" "Studio/18/Enterprise/VC/vcpkg/installed/x64-windows/debug/../include/libpng16" "-DHB_DLL_EXPORT" "/Fdsrc\harfbuzz.dll.p\hb-ot-name.cc.pdb" /Fosrc/harfbuzz.dll.p/hb-ot-name.cc.obj "/c" ../src/14.2.1-f76ca539fc.clean/src/hb-ot-name.cc
2026-07-26T16:36:33.4192947Z cl : Command line warning D9025 : overriding '/EHs' with '/EHs-'
2026-07-26T16:36:33.4193427Z cl : Command line warning D9025 : overriding '/EHc' with '/EHc-'
2026-07-26T16:36:33.4193853Z cl : Command line warning D9025 : overriding '/Z7' with '/Zi'
2026-07-26T16:36:33.4194207Z cl : Command line warning D9025 : overriding '/EHs-' with '/EHs'
2026-07-26T16:36:33.4194568Z cl : Command line warning D9025 : overriding '/EHc-' with '/EHc'
2026-07-26T16:36:33.4194918Z cl : Command line warning D9025 : overriding '/Zi' with '/Z7'
2026-07-26T16:36:33.4195621Z cl : Command line warning D9024 : unrecognized source file type 'Files/Microsoft\', object file assumed
2026-07-26T16:36:33.4196156Z cl : Command line warning D9027 : source file 'Files/Microsoft\' ignored
2026-07-26T16:36:33.4196656Z cl : Command line warning D9024 : unrecognized source file type 'Visual\', object file assumed
2026-07-26T16:36:33.4197121Z cl : Command line warning D9027 : source file 'Visual\' ignored
2026-07-26T16:36:33.4197798Z cl : Command line warning D9024 : unrecognized source file type 'Studio/18/Enterprise/VC/vcpkg/installed/x64-windows/debug/../include', object file assumed
2026-07-26T16:36:33.4198855Z cl : Command line warning D9027 : source file 'Studio/18/Enterprise/VC/vcpkg/installed/x64-windows/debug/../include' ignored
2026-07-26T16:36:33.4199554Z cl : Command line warning D9024 : unrecognized source file type 'Files/Microsoft\', object file assumed
2026-07-26T16:36:33.4200091Z cl : Command line warning D9027 : source file 'Files/Microsoft\' ignored
2026-07-26T16:36:33.4200575Z cl : Command line warning D9024 : unrecognized source file type 'Visual\', object file assumed
2026-07-26T16:36:33.4201043Z cl : Command line warning D9027 : source file 'Visual\' ignored
2026-07-26T16:36:33.4201879Z cl : Command line warning D9024 : unrecognized source file type 'Studio/18/Enterprise/VC/vcpkg/installed/x64-windows/debug/../include/libpng16', object file assumed
2026-07-26T16:36:33.4202825Z cl : Command line warning D9027 : source file 'Studio/18/Enterprise/VC/vcpkg/installed/x64-windows/debug/../include/libpng16' ignored
2026-07-26T16:36:33.4203658Z cl : Command line warning D9030 : '/showIncludes' is incompatible with multiprocessing; ignoring /MP switch
2026-07-26T16:36:33.4207312Z [28/129] "C:/Program Files/Microsoft Visual Studio/18/Enterprise/VC/Tools/MSVC/14.51.36231/bin/Hostx64/x64/cl.exe" "-DWIN32" "-D_WINDOWS" "-utf-8" "-GR" "-EHsc" "-MP" "-MDd" "-Z7" "-Ob0" "-Od" "-RTC1" "-Isrc\harfbuzz.dll.p" "-Isrc" "-I..\src\14.2.1-f76ca539fc.clean\src" "-I." "-I..\src\14.2.1-f76ca539fc.clean" "-IC:/Program\\" "-IC:/Program Files/Microsoft Visual Studio/18/Enterprise/VC/vcpkg/installed/x64-windows/include" "/MDd" "/nologo" "/showIncludes" "/utf-8" "/Zc:__cplusplus" "/W2" "/EHs-c-" "/std:c++14" "/permissive-" "/Zi" "/wd4244" "/bigobj" "/utf-8" "-DHAVE_CONFIG_H" "-nologo" "-DWIN32" "-D_WINDOWS" "-utf-8" "-GR" "-EHsc" "-MP" "-MDd" "-Z7" "-Ob0" "-Od" "-RTC1" "Files/Microsoft\\" "Visual\\" "Studio/18/Enterprise/VC/vcpkg/installed/x64-windows/debug/../include" "Files/Microsoft\\" "Visual\\" "Studio/18/Enterprise/VC/vcpkg/installed/x64-windows/debug/../include/libpng16" "-DHB_DLL_EXPORT" "/Fdsrc\harfbuzz.dll.p\hb-ot-shaper-default.cc.pdb" /Fosrc/harfbuzz.dll.p/hb-ot-shaper-default.cc.obj "/c" ../src/14.2.1-f76ca539fc.clean/src/hb-ot-shaper-default.cc
2026-07-26T16:36:33.4210940Z cl : Command line warning D9025 : overriding '/EHs' with '/EHs-'
2026-07-26T16:36:33.4211315Z cl : Command line warning D9025 : overriding '/EHc' with '/EHc-'
2026-07-26T16:36:33.4211673Z cl : Command line warning D9025 : overriding '/Z7' with '/Zi'
2026-07-26T16:36:33.4211810Z cl : Command line warning D9025 : overriding '/EHs-' with '/EHs'
2026-07-26T16:36:33.4211939Z cl : Command line warning D9025 : overriding '/EHc-' with '/EHc'
2026-07-26T16:36:33.4212072Z cl : Command line warning D9025 : overriding '/Zi' with '/Z7'
2026-07-26T16:36:33.4212338Z cl : Command line warning D9024 : unrecognized source file type 'Files/Microsoft\', object file assumed
2026-07-26T16:36:33.4212505Z cl : Command line warning D9027 : source file 'Files/Microsoft\' ignored
2026-07-26T16:36:33.4212742Z cl : Command line warning D9024 : unrecognized source file type 'Visual\', object file assumed
2026-07-26T16:36:33.4212879Z cl : Command line warning D9027 : source file 'Visual\' ignored
2026-07-26T16:36:33.4213337Z cl : Command line warning D9024 : unrecognized source file type 'Studio/18/Enterprise/VC/vcpkg/installed/x64-windows/debug/../include', object file assumed
2026-07-26T16:36:33.4213682Z cl : Command line warning D9027 : source file 'Studio/18/Enterprise/VC/vcpkg/installed/x64-windows/debug/../include' ignored
2026-07-26T16:36:33.4213943Z cl : Command line warning D9024 : unrecognized source file type 'Files/Microsoft\', object file assumed
2026-07-26T16:36:33.4214113Z cl : Command line warning D9027 : source file 'Files/Microsoft\' ignored
2026-07-26T16:36:33.4214343Z cl : Command line warning D9024 : unrecognized source file type 'Visual\', object file assumed
2026-07-26T16:36:33.4214481Z cl : Command line warning D9027 : source file 'Visual\' ignored
2026-07-26T16:36:33.4214973Z cl : Command line warning D9024 : unrecognized source file type 'Studio/18/Enterprise/VC/vcpkg/installed/x64-windows/debug/../include/libpng16', object file assumed
2026-07-26T16:36:33.4215345Z cl : Command line warning D9027 : source file 'Studio/18/Enterprise/VC/vcpkg/installed/x64-windows/debug/../include/libpng16' ignored
2026-07-26T16:36:33.4215889Z cl : Command line warning D9030 : '/showIncludes' is incompatible with multiprocessing; ignoring /MP switch
2026-07-26T16:36:33.4219285Z [29/129] "C:/Program Files/Microsoft Visual Studio/18/Enterprise/VC/Tools/MSVC/14.51.36231/bin/Hostx64/x64/cl.exe" "-DWIN32" "-D_WINDOWS" "-utf-8" "-GR" "-EHsc" "-MP" "-MDd" "-Z7" "-Ob0" "-Od" "-RTC1" "-Isrc\harfbuzz.dll.p" "-Isrc" "-I..\src\14.2.1-f76ca539fc.clean\src" "-I." "-I..\src\14.2.1-f76ca539fc.clean" "-IC:/Program\\" "-IC:/Program Files/Microsoft Visual Studio/18/Enterprise/VC/vcpkg/installed/x64-windows/include" "/MDd" "/nologo" "/showIncludes" "/utf-8" "/Zc:__cplusplus" "/W2" "/EHs-c-" "/std:c++14" "/permissive-" "/Zi" "/wd4244" "/bigobj" "/utf-8" "-DHAVE_CONFIG_H" "-nologo" "-DWIN32" "-D_WINDOWS" "-utf-8" "-GR" "-EHsc" "-MP" "-MDd" "-Z7" "-Ob0" "-Od" "-RTC1" "Files/Microsoft\\" "Visual\\" "Studio/18/Enterprise/VC/vcpkg/installed/x64-windows/debug/../include" "Files/Microsoft\\" "Visual\\" "Studio/18/Enterprise/VC/vcpkg/installed/x64-windows/debug/../include/libpng16" "-DHB_DLL_EXPORT" "/Fdsrc\harfbuzz.dll.p\hb-ot-face.cc.pdb" /Fosrc/harfbuzz.dll.p/hb-ot-face.cc.obj "/c" ../src/14.2.1-f76ca539fc.clean/src/hb-ot-face.cc
2026-07-26T16:36:33.4219525Z cl : Command line warning D9025 : overriding '/EHs' with '/EHs-'
2026-07-26T16:36:33.4219665Z cl : Command line warning D9025 : overriding '/EHc' with '/EHc-'
2026-07-26T16:36:33.4219799Z cl : Command line warning D9025 : overriding '/Z7' with '/Zi'
2026-07-26T16:36:33.4219933Z cl : Command line warning D9025 : overriding '/EHs-' with '/EHs'
2026-07-26T16:36:33.4220070Z cl : Command line warning D9025 : overriding '/EHc-' with '/EHc'
2026-07-26T16:36:33.4220198Z cl : Command line warning D9025 : overriding '/Zi' with '/Z7'
2026-07-26T16:36:33.4220464Z cl : Command line warning D9024 : unrecognized source file type 'Files/Microsoft\', object file assumed
2026-07-26T16:36:33.4220632Z cl : Command line warning D9027 : source file 'Files/Microsoft\' ignored
2026-07-26T16:36:33.4220861Z cl : Command line warning D9024 : unrecognized source file type 'Visual\', object file assumed
2026-07-26T16:36:33.4220995Z cl : Command line warning D9027 : source file 'Visual\' ignored
2026-07-26T16:36:33.4221452Z cl : Command line warning D9024 : unrecognized source file type 'Studio/18/Enterprise/VC/vcpkg/installed/x64-windows/debug/../include', object file assumed
2026-07-26T16:36:33.4221792Z cl : Command line warning D9027 : source file 'Studio/18/Enterprise/VC/vcpkg/installed/x64-windows/debug/../include' ignored
2026-07-26T16:36:33.4222054Z cl : Command line warning D9024 : unrecognized source file type 'Files/Microsoft\', object file assumed
2026-07-26T16:36:33.4222212Z cl : Command line warning D9027 : source file 'Files/Microsoft\' ignored
2026-07-26T16:36:33.4222445Z cl : Command line warning D9024 : unrecognized source file type 'Visual\', object file assumed
2026-07-26T16:36:33.4222580Z cl : Command line warning D9027 : source file 'Visual\' ignored
2026-07-26T16:36:33.4223054Z cl : Command line warning D9024 : unrecognized source file type 'Studio/18/Enterprise/VC/vcpkg/installed/x64-windows/debug/../include/libpng16', object file assumed
2026-07-26T16:36:33.4223427Z cl : Command line warning D9027 : source file 'Studio/18/Enterprise/VC/vcpkg/installed/x64-windows/debug/../include/libpng16' ignored
2026-07-26T16:36:33.4223714Z cl : Command line warning D9030 : '/showIncludes' is incompatible with multiprocessing; ignoring /MP switch
2026-07-26T16:36:33.4226869Z [30/129] "C:/Program Files/Microsoft Visual Studio/18/Enterprise/VC/Tools/MSVC/14.51.36231/bin/Hostx64/x64/cl.exe" "-DWIN32" "-D_WINDOWS" "-utf-8" "-GR" "-EHsc" "-MP" "-MDd" "-Z7" "-Ob0" "-Od" "-RTC1" "-Isrc\harfbuzz.dll.p" "-Isrc" "-I..\src\14.2.1-f76ca539fc.clean\src" "-I." "-I..\src\14.2.1-f76ca539fc.clean" "-IC:/Program\\" "-IC:/Program Files/Microsoft Visual Studio/18/Enterprise/VC/vcpkg/installed/x64-windows/include" "/MDd" "/nologo" "/showIncludes" "/utf-8" "/Zc:__cplusplus" "/W2" "/EHs-c-" "/std:c++14" "/permissive-" "/Zi" "/wd4244" "/bigobj" "/utf-8" "-DHAVE_CONFIG_H" "-nologo" "-DWIN32" "-D_WINDOWS" "-utf-8" "-GR" "-EHsc" "-MP" "-MDd" "-Z7" "-Ob0" "-Od" "-RTC1" "Files/Microsoft\\" "Visual\\" "Studio/18/Enterprise/VC/vcpkg/installed/x64-windows/debug/../include" "Files/Microsoft\\" "Visual\\" "Studio/18/Enterprise/VC/vcpkg/installed/x64-windows/debug/../include/libpng16" "-DHB_DLL_EXPORT" "/Fdsrc\harfbuzz.dll.p\hb-ot-metrics.cc.pdb" /Fosrc/harfbuzz.dll.p/hb-ot-metrics.cc.obj "/c" ../src/14.2.1-f76ca539fc.clean/src/hb-ot-metrics.cc
2026-07-26T16:36:33.4227101Z cl : Command line warning D9025 : overriding '/EHs' with '/EHs-'
2026-07-26T16:36:33.4227242Z cl : Command line warning D9025 : overriding '/EHc' with '/EHc-'
2026-07-26T16:36:33.4227438Z cl : Command line warning D9025 : overriding '/Z7' with '/Zi'
2026-07-26T16:36:33.4227579Z cl : Command line warning D9025 : overriding '/EHs-' with '/EHs'
2026-07-26T16:36:33.4227713Z cl : Command line warning D9025 : overriding '/EHc-' with '/EHc'
2026-07-26T16:36:33.4227838Z cl : Command line warning D9025 : overriding '/Zi' with '/Z7'
2026-07-26T16:36:33.4228107Z cl : Command line warning D9024 : unrecognized source file type 'Files/Microsoft\', object file assumed
2026-07-26T16:36:33.4228266Z cl : Command line warning D9027 : source file 'Files/Microsoft\' ignored
2026-07-26T16:36:33.4228504Z cl : Command line warning D9024 : unrecognized source file type 'Visual\', object file assumed
2026-07-26T16:36:33.4228641Z cl : Command line warning D9027 : source file 'Visual\' ignored
2026-07-26T16:36:33.4229086Z cl : Command line warning D9024 : unrecognized source file type 'Studio/18/Enterprise/VC/vcpkg/installed/x64-windows/debug/../include', object file assumed
2026-07-26T16:36:33.4229431Z cl : Command line warning D9027 : source file 'Studio/18/Enterprise/VC/vcpkg/installed/x64-windows/debug/../include' ignored
2026-07-26T16:36:33.4229696Z cl : Command line warning D9024 : unrecognized source file type 'Files/Microsoft\', object file assumed
2026-07-26T16:36:33.4229853Z cl : Command line warning D9027 : source file 'Files/Microsoft\' ignored
2026-07-26T16:36:33.4230082Z cl : Command line warning D9024 : unrecognized source file type 'Visual\', object file assumed
2026-07-26T16:36:33.4230212Z cl : Command line warning D9027 : source file 'Visual\' ignored
2026-07-26T16:36:33.4230694Z cl : Command line warning D9024 : unrecognized source file type 'Studio/18/Enterprise/VC/vcpkg/installed/x64-windows/debug/../include/libpng16', object file assumed
2026-07-26T16:36:33.4231065Z cl : Command line warning D9027 : source file 'Studio/18/Enterprise/VC/vcpkg/installed/x64-windows/debug/../include/libpng16' ignored
2026-07-26T16:36:33.4231344Z cl : Command line warning D9030 : '/showIncludes' is incompatible with multiprocessing; ignoring /MP switch
2026-07-26T16:36:33.4234499Z [31/129] "C:/Program Files/Microsoft Visual Studio/18/Enterprise/VC/Tools/MSVC/14.51.36231/bin/Hostx64/x64/cl.exe" "-DWIN32" "-D_WINDOWS" "-utf-8" "-GR" "-EHsc" "-MP" "-MDd" "-Z7" "-Ob0" "-Od" "-RTC1" "-Isrc\harfbuzz.dll.p" "-Isrc" "-I..\src\14.2.1-f76ca539fc.clean\src" "-I." "-I..\src\14.2.1-f76ca539fc.clean" "-IC:/Program\\" "-IC:/Program Files/Microsoft Visual Studio/18/Enterprise/VC/vcpkg/installed/x64-windows/include" "/MDd" "/nologo" "/showIncludes" "/utf-8" "/Zc:__cplusplus" "/W2" "/EHs-c-" "/std:c++14" "/permissive-" "/Zi" "/wd4244" "/bigobj" "/utf-8" "-DHAVE_CONFIG_H" "-nologo" "-DWIN32" "-D_WINDOWS" "-utf-8" "-GR" "-EHsc" "-MP" "-MDd" "-Z7" "-Ob0" "-Od" "-RTC1" "Files/Microsoft\\" "Visual\\" "Studio/18/Enterprise/VC/vcpkg/installed/x64-windows/debug/../include" "Files/Microsoft\\" "Visual\\" "Studio/18/Enterprise/VC/vcpkg/installed/x64-windows/debug/../include/libpng16" "-DHB_DLL_EXPORT" "/Fdsrc\harfbuzz.dll.p\hb-ot-layout.cc.pdb" /Fosrc/harfbuzz.dll.p/hb-ot-layout.cc.obj "/c" ../src/14.2.1-f76ca539fc.clean/src/hb-ot-layout.cc
2026-07-26T16:36:33.4234649Z cl : Command line warning D9025 : overriding '/EHs' with '/EHs-'
2026-07-26T16:36:33.4234790Z cl : Command line warning D9025 : overriding '/EHc' with '/EHc-'
2026-07-26T16:36:33.4234915Z cl : Command line warning D9025 : overriding '/Z7' with '/Zi'
2026-07-26T16:36:33.4235052Z cl : Command line warning D9025 : overriding '/EHs-' with '/EHs'
2026-07-26T16:36:33.4235185Z cl : Command line warning D9025 : overriding '/EHc-' with '/EHc'
2026-07-26T16:36:33.4235406Z cl : Command line warning D9025 : overriding '/Zi' with '/Z7'
2026-07-26T16:36:33.4235853Z cl : Command line warning D9024 : unrecognized source file type 'Files/Microsoft\', object file assumed
2026-07-26T16:36:33.4236014Z cl : Command line warning D9027 : source file 'Files/Microsoft\' ignored
2026-07-26T16:36:33.4236247Z cl : Command line warning D9024 : unrecognized source file type 'Visual\', object file assumed
2026-07-26T16:36:33.4236462Z cl : Command line warning D9027 : source file 'Visual\' ignored
2026-07-26T16:36:33.4236922Z cl : Command line warning D9024 : unrecognized source file type 'Studio/18/Enterprise/VC/vcpkg/installed/x64-windows/debug/../include', object file assumed
2026-07-26T16:36:33.4237260Z cl : Command line warning D9027 : source file 'Studio/18/Enterprise/VC/vcpkg/installed/x64-windows/debug/../include' ignored
2026-07-26T16:36:33.4237516Z cl : Command line warning D9024 : unrecognized source file type 'Files/Microsoft\', object file assumed
2026-07-26T16:36:33.4237686Z cl : Command line warning D9027 : source file 'Files/Microsoft\' ignored
2026-07-26T16:36:33.4237919Z cl : Command line warning D9024 : unrecognized source file type 'Visual\', object file assumed
2026-07-26T16:36:33.4238050Z cl : Command line warning D9027 : source file 'Visual\' ignored
2026-07-26T16:36:33.4238531Z cl : Command line warning D9024 : unrecognized source file type 'Studio/18/Enterprise/VC/vcpkg/installed/x64-windows/debug/../include/libpng16', object file assumed
2026-07-26T16:36:33.4239083Z cl : Command line warning D9027 : source file 'Studio/18/Enterprise/VC/vcpkg/installed/x64-windows/debug/../include/libpng16' ignored
2026-07-26T16:36:33.4239376Z cl : Command line warning D9030 : '/showIncludes' is incompatible with multiprocessing; ignoring /MP switch
2026-07-26T16:36:33.4242625Z [32/129] "C:/Program Files/Microsoft Visual Studio/18/Enterprise/VC/Tools/MSVC/14.51.36231/bin/Hostx64/x64/cl.exe" "-DWIN32" "-D_WINDOWS" "-utf-8" "-GR" "-EHsc" "-MP" "-MDd" "-Z7" "-Ob0" "-Od" "-RTC1" "-Isrc\harfbuzz.dll.p" "-Isrc" "-I..\src\14.2.1-f76ca539fc.clean\src" "-I." "-I..\src\14.2.1-f76ca539fc.clean" "-IC:/Program\\" "-IC:/Program Files/Microsoft Visual Studio/18/Enterprise/VC/vcpkg/installed/x64-windows/include" "/MDd" "/nologo" "/showIncludes" "/utf-8" "/Zc:__cplusplus" "/W2" "/EHs-c-" "/std:c++14" "/permissive-" "/Zi" "/wd4244" "/bigobj" "/utf-8" "-DHAVE_CONFIG_H" "-nologo" "-DWIN32" "-D_WINDOWS" "-utf-8" "-GR" "-EHsc" "-MP" "-MDd" "-Z7" "-Ob0" "-Od" "-RTC1" "Files/Microsoft\\" "Visual\\" "Studio/18/Enterprise/VC/vcpkg/installed/x64-windows/debug/../include" "Files/Microsoft\\" "Visual\\" "Studio/18/Enterprise/VC/vcpkg/installed/x64-windows/debug/../include/libpng16" "-DHB_DLL_EXPORT" "/Fdsrc\harfbuzz.dll.p\hb-ot-shaper-hangul.cc.pdb" /Fosrc/harfbuzz.dll.p/hb-ot-shaper-hangul.cc.obj "/c" ../src/14.2.1-f76ca539fc.clean/src/hb-ot-shaper-hangul.cc
2026-07-26T16:36:33.4242794Z cl : Command line warning D9025 : overriding '/EHs' with '/EHs-'
2026-07-26T16:36:33.4242926Z cl : Command line warning D9025 : overriding '/EHc' with '/EHc-'
2026-07-26T16:36:33.4243060Z cl : Command line warning D9025 : overriding '/Z7' with '/Zi'
2026-07-26T16:36:33.4243195Z cl : Command line warning D9025 : overriding '/EHs-' with '/EHs'
2026-07-26T16:36:33.4243327Z cl : Command line warning D9025 : overriding '/EHc-' with '/EHc'
2026-07-26T16:36:33.4243455Z cl : Command line warning D9025 : overriding '/Zi' with '/Z7'
2026-07-26T16:36:33.4243718Z cl : Command line warning D9024 : unrecognized source file type 'Files/Microsoft\', object file assumed
2026-07-26T16:36:33.4243882Z cl : Command line warning D9027 : source file 'Files/Microsoft\' ignored
2026-07-26T16:36:33.4244114Z cl : Command line warning D9024 : unrecognized source file type 'Visual\', object file assumed
2026-07-26T16:36:33.4244244Z cl : Command line warning D9027 : source file 'Visual\' ignored
2026-07-26T16:36:33.4244696Z cl : Command line warning D9024 : unrecognized source file type 'Studio/18/Enterprise/VC/vcpkg/installed/x64-windows/debug/../include', object file assumed
2026-07-26T16:36:33.4245129Z cl : Command line warning D9027 : source file 'Studio/18/Enterprise/VC/vcpkg/installed/x64-windows/debug/../include' ignored
2026-07-26T16:36:33.4245387Z cl : Command line warning D9024 : unrecognized source file type 'Files/Microsoft\', object file assumed
2026-07-26T16:36:33.4245547Z cl : Command line warning D9027 : source file 'Files/Microsoft\' ignored
2026-07-26T16:36:33.4245847Z cl : Command line warning D9024 : unrecognized source file type 'Visual\', object file assumed
2026-07-26T16:36:33.4245985Z cl : Command line warning D9027 : source file 'Visual\' ignored
2026-07-26T16:36:33.4246469Z cl : Command line warning D9024 : unrecognized source file type 'Studio/18/Enterprise/VC/vcpkg/installed/x64-windows/debug/../include/libpng16', object file assumed
2026-07-26T16:36:33.4246833Z cl : Command line warning D9027 : source file 'Studio/18/Enterprise/VC/vcpkg/installed/x64-windows/debug/../include/libpng16' ignored
2026-07-26T16:36:33.4247120Z cl : Command line warning D9030 : '/showIncludes' is incompatible with multiprocessing; ignoring /MP switch
2026-07-26T16:36:33.4250366Z [33/129] "C:/Program Files/Microsoft Visual Studio/18/Enterprise/VC/Tools/MSVC/14.51.36231/bin/Hostx64/x64/cl.exe" "-DWIN32" "-D_WINDOWS" "-utf-8" "-GR" "-EHsc" "-MP" "-MDd" "-Z7" "-Ob0" "-Od" "-RTC1" "-Isrc\harfbuzz.dll.p" "-Isrc" "-I..\src\14.2.1-f76ca539fc.clean\src" "-I." "-I..\src\14.2.1-f76ca539fc.clean" "-IC:/Program\\" "-IC:/Program Files/Microsoft Visual Studio/18/Enterprise/VC/vcpkg/installed/x64-windows/include" "/MDd" "/nologo" "/showIncludes" "/utf-8" "/Zc:__cplusplus" "/W2" "/EHs-c-" "/std:c++14" "/permissive-" "/Zi" "/wd4244" "/bigobj" "/utf-8" "-DHAVE_CONFIG_H" "-nologo" "-DWIN32" "-D_WINDOWS" "-utf-8" "-GR" "-EHsc" "-MP" "-MDd" "-Z7" "-Ob0" "-Od" "-RTC1" "Files/Microsoft\\" "Visual\\" "Studio/18/Enterprise/VC/vcpkg/installed/x64-windows/debug/../include" "Files/Microsoft\\" "Visual\\" "Studio/18/Enterprise/VC/vcpkg/installed/x64-windows/debug/../include/libpng16" "-DHB_DLL_EXPORT" "/Fdsrc\harfbuzz.dll.p\hb-ot-shaper-hebrew.cc.pdb" /Fosrc/harfbuzz.dll.p/hb-ot-shaper-hebrew.cc.obj "/c" ../src/14.2.1-f76ca539fc.clean/src/hb-ot-shaper-hebrew.cc
2026-07-26T16:36:33.4250514Z cl : Command line warning D9025 : overriding '/EHs' with '/EHs-'
2026-07-26T16:36:33.4250649Z cl : Command line warning D9025 : overriding '/EHc' with '/EHc-'
2026-07-26T16:36:33.4250784Z cl : Command line warning D9025 : overriding '/Z7' with '/Zi'
2026-07-26T16:36:33.4250916Z cl : Command line warning D9025 : overriding '/EHs-' with '/EHs'
2026-07-26T16:36:33.4251052Z cl : Command line warning D9025 : overriding '/EHc-' with '/EHc'
2026-07-26T16:36:33.4251184Z cl : Command line warning D9025 : overriding '/Zi' with '/Z7'
2026-07-26T16:36:33.4251443Z cl : Command line warning D9024 : unrecognized source file type 'Files/Microsoft\', object file assumed
2026-07-26T16:36:33.4251606Z cl : Command line warning D9027 : source file 'Files/Microsoft\' ignored
2026-07-26T16:36:33.4251837Z cl : Command line warning D9024 : unrecognized source file type 'Visual\', object file assumed
2026-07-26T16:36:33.4251974Z cl : Command line warning D9027 : source file 'Visual\' ignored
2026-07-26T16:36:33.4252430Z cl : Command line warning D9024 : unrecognized source file type 'Studio/18/Enterprise/VC/vcpkg/installed/x64-windows/debug/../include', object file assumed
2026-07-26T16:36:33.4252766Z cl : Command line warning D9027 : source file 'Studio/18/Enterprise/VC/vcpkg/installed/x64-windows/debug/../include' ignored
2026-07-26T16:36:33.4253032Z cl : Command line warning D9024 : unrecognized source file type 'Files/Microsoft\', object file assumed
2026-07-26T16:36:33.4253195Z cl : Command line warning D9027 : source file 'Files/Microsoft\' ignored
2026-07-26T16:36:33.4253420Z cl : Command line warning D9024 : unrecognized source file type 'Visual\', object file assumed
2026-07-26T16:36:33.4253553Z cl : Command line warning D9027 : source file 'Visual\' ignored
2026-07-26T16:36:33.4254123Z cl : Command line warning D9024 : unrecognized source file type 'Studio/18/Enterprise/VC/vcpkg/installed/x64-windows/debug/../include/libpng16', object file assumed
2026-07-26T16:36:33.4254494Z cl : Command line warning D9027 : source file 'Studio/18/Enterprise/VC/vcpkg/installed/x64-windows/debug/../include/libpng16' ignored
2026-07-26T16:36:33.4254846Z cl : Command line warning D9030 : '/showIncludes' is incompatible with multiprocessing; ignoring /MP switch
2026-07-26T16:36:33.4258320Z [34/129] "C:/Program Files/Microsoft Visual Studio/18/Enterprise/VC/Tools/MSVC/14.51.36231/bin/Hostx64/x64/cl.exe" "-DWIN32" "-D_WINDOWS" "-utf-8" "-GR" "-EHsc" "-MP" "-MDd" "-Z7" "-Ob0" "-Od" "-RTC1" "-Isrc\harfbuzz.dll.p" "-Isrc" "-I..\src\14.2.1-f76ca539fc.clean\src" "-I." "-I..\src\14.2.1-f76ca539fc.clean" "-IC:/Program\\" "-IC:/Program Files/Microsoft Visual Studio/18/Enterprise/VC/vcpkg/installed/x64-windows/include" "/MDd" "/nologo" "/showIncludes" "/utf-8" "/Zc:__cplusplus" "/W2" "/EHs-c-" "/std:c++14" "/permissive-" "/Zi" "/wd4244" "/bigobj" "/utf-8" "-DHAVE_CONFIG_H" "-nologo" "-DWIN32" "-D_WINDOWS" "-utf-8" "-GR" "-EHsc" "-MP" "-MDd" "-Z7" "-Ob0" "-Od" "-RTC1" "Files/Microsoft\\" "Visual\\" "Studio/18/Enterprise/VC/vcpkg/installed/x64-windows/debug/../include" "Files/Microsoft\\" "Visual\\" "Studio/18/Enterprise/VC/vcpkg/installed/x64-windows/debug/../include/libpng16" "-DHB_DLL_EXPORT" "/Fdsrc\harfbuzz.dll.p\hb-ot-shaper-indic-table.cc.pdb" /Fosrc/harfbuzz.dll.p/hb-ot-shaper-indic-table.cc.obj "/c" ../src/14.2.1-f76ca539fc.clean/src/hb-ot-shaper-indic-table.cc
2026-07-26T16:36:33.4258475Z cl : Command line warning D9025 : overriding '/EHs' with '/EHs-'
2026-07-26T16:36:33.4258620Z cl : Command line warning D9025 : overriding '/EHc' with '/EHc-'
2026-07-26T16:36:33.4258768Z cl : Command line warning D9025 : overriding '/Z7' with '/Zi'
2026-07-26T16:36:33.4259029Z cl : Command line warning D9025 : overriding '/EHs-' with '/EHs'
2026-07-26T16:36:33.4259205Z cl : Command line warning D9025 : overriding '/EHc-' with '/EHc'
2026-07-26T16:36:33.4259342Z cl : Command line warning D9025 : overriding '/Zi' with '/Z7'
2026-07-26T16:36:33.4259617Z cl : Command line warning D9024 : unrecognized source file type 'Files/Microsoft\', object file assumed
2026-07-26T16:36:33.4259784Z cl : Command line warning D9027 : source file 'Files/Microsoft\' ignored
2026-07-26T16:36:33.4260019Z cl : Command line warning D9024 : unrecognized source file type 'Visual\', object file assumed
2026-07-26T16:36:33.4260156Z cl : Command line warning D9027 : source file 'Visual\' ignored
2026-07-26T16:36:33.4260611Z cl : Command line warning D9024 : unrecognized source file type 'Studio/18/Enterprise/VC/vcpkg/installed/x64-windows/debug/../include', object file assumed
2026-07-26T16:36:33.4260955Z cl : Command line warning D9027 : source file 'Studio/18/Enterprise/VC/vcpkg/installed/x64-windows/debug/../include' ignored
2026-07-26T16:36:33.4261219Z cl : Command line warning D9024 : unrecognized source file type 'Files/Microsoft\', object file assumed
2026-07-26T16:36:33.4261378Z cl : Command line warning D9027 : source file 'Files/Microsoft\' ignored
2026-07-26T16:36:33.4261609Z cl : Command line warning D9024 : unrecognized source file type 'Visual\', object file assumed
2026-07-26T16:36:33.4261740Z cl : Command line warning D9027 : source file 'Visual\' ignored
2026-07-26T16:36:33.4262237Z cl : Command line warning D9024 : unrecognized source file type 'Studio/18/Enterprise/VC/vcpkg/installed/x64-windows/debug/../include/libpng16', object file assumed
2026-07-26T16:36:33.4262621Z cl : Command line warning D9027 : source file 'Studio/18/Enterprise/VC/vcpkg/installed/x64-windows/debug/../include/libpng16' ignored
2026-07-26T16:36:33.4262907Z cl : Command line warning D9030 : '/showIncludes' is incompatible with multiprocessing; ignoring /MP switch
2026-07-26T16:36:33.4266276Z [35/129] "C:/Program Files/Microsoft Visual Studio/18/Enterprise/VC/Tools/MSVC/14.51.36231/bin/Hostx64/x64/cl.exe" "-DWIN32" "-D_WINDOWS" "-utf-8" "-GR" "-EHsc" "-MP" "-MDd" "-Z7" "-Ob0" "-Od" "-RTC1" "-Isrc\harfbuzz.dll.p" "-Isrc" "-I..\src\14.2.1-f76ca539fc.clean\src" "-I." "-I..\src\14.2.1-f76ca539fc.clean" "-IC:/Program\\" "-IC:/Program Files/Microsoft Visual Studio/18/Enterprise/VC/vcpkg/installed/x64-windows/include" "/MDd" "/nologo" "/showIncludes" "/utf-8" "/Zc:__cplusplus" "/W2" "/EHs-c-" "/std:c++14" "/permissive-" "/Zi" "/wd4244" "/bigobj" "/utf-8" "-DHAVE_CONFIG_H" "-nologo" "-DWIN32" "-D_WINDOWS" "-utf-8" "-GR" "-EHsc" "-MP" "-MDd" "-Z7" "-Ob0" "-Od" "-RTC1" "Files/Microsoft\\" "Visual\\" "Studio/18/Enterprise/VC/vcpkg/installed/x64-windows/debug/../include" "Files/Microsoft\\" "Visual\\" "Studio/18/Enterprise/VC/vcpkg/installed/x64-windows/debug/../include/libpng16" "-DHB_DLL_EXPORT" "/Fdsrc\harfbuzz.dll.p\hb-ot-shaper-indic.cc.pdb" /Fosrc/harfbuzz.dll.p/hb-ot-shaper-indic.cc.obj "/c" ../src/14.2.1-f76ca539fc.clean/src/hb-ot-shaper-indic.cc
2026-07-26T16:36:33.4266506Z cl : Command line warning D9025 : overriding '/EHs' with '/EHs-'
2026-07-26T16:36:33.4266652Z cl : Command line warning D9025 : overriding '/EHc' with '/EHc-'
2026-07-26T16:36:33.4266781Z cl : Command line warning D9025 : overriding '/Z7' with '/Zi'
2026-07-26T16:36:33.4266920Z cl : Command line warning D9025 : overriding '/EHs-' with '/EHs'
2026-07-26T16:36:33.4267051Z cl : Command line warning D9025 : overriding '/EHc-' with '/EHc'
2026-07-26T16:36:33.4267180Z cl : Command line warning D9025 : overriding '/Zi' with '/Z7'
2026-07-26T16:36:33.4267451Z cl : Command line warning D9024 : unrecognized source file type 'Files/Microsoft\', object file assumed
2026-07-26T16:36:33.4267607Z cl : Command line warning D9027 : source file 'Files/Microsoft\' ignored
2026-07-26T16:36:33.4267842Z cl : Command line warning D9024 : unrecognized source file type 'Visual\', object file assumed
2026-07-26T16:36:33.4267971Z cl : Command line warning D9027 : source file 'Visual\' ignored
2026-07-26T16:36:33.4268425Z cl : Command line warning D9024 : unrecognized source file type 'Studio/18/Enterprise/VC/vcpkg/installed/x64-windows/debug/../include', object file assumed
2026-07-26T16:36:33.4268766Z cl : Command line warning D9027 : source file 'Studio/18/Enterprise/VC/vcpkg/installed/x64-windows/debug/../include' ignored
2026-07-26T16:36:33.4269026Z cl : Command line warning D9024 : unrecognized source file type 'Files/Microsoft\', object file assumed
2026-07-26T16:36:33.4269187Z cl : Command line warning D9027 : source file 'Files/Microsoft\' ignored
2026-07-26T16:36:33.4269421Z cl : Command line warning D9024 : unrecognized source file type 'Visual\', object file assumed
2026-07-26T16:36:33.4269550Z cl : Command line warning D9027 : source file 'Visual\' ignored
2026-07-26T16:36:33.4270032Z cl : Command line warning D9024 : unrecognized source file type 'Studio/18/Enterprise/VC/vcpkg/installed/x64-windows/debug/../include/libpng16', object file assumed
2026-07-26T16:36:33.4270398Z cl : Command line warning D9027 : source file 'Studio/18/Enterprise/VC/vcpkg/installed/x64-windows/debug/../include/libpng16' ignored
2026-07-26T16:36:33.4270684Z cl : Command line warning D9030 : '/showIncludes' is incompatible with multiprocessing; ignoring /MP switch
2026-07-26T16:36:33.4273919Z [36/129] "C:/Program Files/Microsoft Visual Studio/18/Enterprise/VC/Tools/MSVC/14.51.36231/bin/Hostx64/x64/cl.exe" "-DWIN32" "-D_WINDOWS" "-utf-8" "-GR" "-EHsc" "-MP" "-MDd" "-Z7" "-Ob0" "-Od" "-RTC1" "-Isrc\harfbuzz.dll.p" "-Isrc" "-I..\src\14.2.1-f76ca539fc.clean\src" "-I." "-I..\src\14.2.1-f76ca539fc.clean" "-IC:/Program\\" "-IC:/Program Files/Microsoft Visual Studio/18/Enterprise/VC/vcpkg/installed/x64-windows/include" "/MDd" "/nologo" "/showIncludes" "/utf-8" "/Zc:__cplusplus" "/W2" "/EHs-c-" "/std:c++14" "/permissive-" "/Zi" "/wd4244" "/bigobj" "/utf-8" "-DHAVE_CONFIG_H" "-nologo" "-DWIN32" "-D_WINDOWS" "-utf-8" "-GR" "-EHsc" "-MP" "-MDd" "-Z7" "-Ob0" "-Od" "-RTC1" "Files/Microsoft\\" "Visual\\" "Studio/18/Enterprise/VC/vcpkg/installed/x64-windows/debug/../include" "Files/Microsoft\\" "Visual\\" "Studio/18/Enterprise/VC/vcpkg/installed/x64-windows/debug/../include/libpng16" "-DHB_DLL_EXPORT" "/Fdsrc\harfbuzz.dll.p\hb-ot-shaper-khmer.cc.pdb" /Fosrc/harfbuzz.dll.p/hb-ot-shaper-khmer.cc.obj "/c" ../src/14.2.1-f76ca539fc.clean/src/hb-ot-shaper-khmer.cc
2026-07-26T16:36:33.4274152Z cl : Command line warning D9025 : overriding '/EHs' with '/EHs-'
2026-07-26T16:36:33.4274285Z cl : Command line warning D9025 : overriding '/EHc' with '/EHc-'
2026-07-26T16:36:33.4274491Z cl : Command line warning D9025 : overriding '/Z7' with '/Zi'
2026-07-26T16:36:33.4274629Z cl : Command line warning D9025 : overriding '/EHs-' with '/EHs'
2026-07-26T16:36:33.4274758Z cl : Command line warning D9025 : overriding '/EHc-' with '/EHc'
2026-07-26T16:36:33.4274887Z cl : Command line warning D9025 : overriding '/Zi' with '/Z7'
2026-07-26T16:36:33.4275149Z cl : Command line warning D9024 : unrecognized source file type 'Files/Microsoft\', object file assumed
2026-07-26T16:36:33.4275313Z cl : Command line warning D9027 : source file 'Files/Microsoft\' ignored
2026-07-26T16:36:33.4275551Z cl : Command line warning D9024 : unrecognized source file type 'Visual\', object file assumed
2026-07-26T16:36:33.4275679Z cl : Command line warning D9027 : source file 'Visual\' ignored
2026-07-26T16:36:33.4276310Z cl : Command line warning D9024 : unrecognized source file type 'Studio/18/Enterprise/VC/vcpkg/installed/x64-windows/debug/../include', object file assumed
2026-07-26T16:36:33.4276651Z cl : Command line warning D9027 : source file 'Studio/18/Enterprise/VC/vcpkg/installed/x64-windows/debug/../include' ignored
2026-07-26T16:36:33.4276914Z cl : Command line warning D9024 : unrecognized source file type 'Files/Microsoft\', object file assumed
2026-07-26T16:36:33.4277078Z cl : Command line warning D9027 : source file 'Files/Microsoft\' ignored
2026-07-26T16:36:33.4277304Z cl : Command line warning D9024 : unrecognized source file type 'Visual\', object file assumed
2026-07-26T16:36:33.4277492Z cl : Command line warning D9027 : source file 'Visual\' ignored
2026-07-26T16:36:33.4278158Z cl : Command line warning D9024 : unrecognized source file type 'Studio/18/Enterprise/VC/vcpkg/installed/x64-windows/debug/../include/libpng16', object file assumed
2026-07-26T16:36:33.4278527Z cl : Command line warning D9027 : source file 'Studio/18/Enterprise/VC/vcpkg/installed/x64-windows/debug/../include/libpng16' ignored
2026-07-26T16:36:33.4278826Z cl : Command line warning D9030 : '/showIncludes' is incompatible with multiprocessing; ignoring /MP switch
2026-07-26T16:36:33.4282305Z [37/129] "C:/Program Files/Microsoft Visual Studio/18/Enterprise/VC/Tools/MSVC/14.51.36231/bin/Hostx64/x64/cl.exe" "-DWIN32" "-D_WINDOWS" "-utf-8" "-GR" "-EHsc" "-MP" "-MDd" "-Z7" "-Ob0" "-Od" "-RTC1" "-Isrc\harfbuzz.dll.p" "-Isrc" "-I..\src\14.2.1-f76ca539fc.clean\src" "-I." "-I..\src\14.2.1-f76ca539fc.clean" "-IC:/Program\\" "-IC:/Program Files/Microsoft Visual Studio/18/Enterprise/VC/vcpkg/installed/x64-windows/include" "/MDd" "/nologo" "/showIncludes" "/utf-8" "/Zc:__cplusplus" "/W2" "/EHs-c-" "/std:c++14" "/permissive-" "/Zi" "/wd4244" "/bigobj" "/utf-8" "-DHAVE_CONFIG_H" "-nologo" "-DWIN32" "-D_WINDOWS" "-utf-8" "-GR" "-EHsc" "-MP" "-MDd" "-Z7" "-Ob0" "-Od" "-RTC1" "Files/Microsoft\\" "Visual\\" "Studio/18/Enterprise/VC/vcpkg/installed/x64-windows/debug/../include" "Files/Microsoft\\" "Visual\\" "Studio/18/Enterprise/VC/vcpkg/installed/x64-windows/debug/../include/libpng16" "-DHB_DLL_EXPORT" "/Fdsrc\harfbuzz.dll.p\hb-ot-shaper-arabic.cc.pdb" /Fosrc/harfbuzz.dll.p/hb-ot-shaper-arabic.cc.obj "/c" ../src/14.2.1-f76ca539fc.clean/src/hb-ot-shaper-arabic.cc
2026-07-26T16:36:33.4282463Z cl : Command line warning D9025 : overriding '/EHs' with '/EHs-'
2026-07-26T16:36:33.4282599Z cl : Command line warning D9025 : overriding '/EHc' with '/EHc-'
2026-07-26T16:36:33.4282732Z cl : Command line warning D9025 : overriding '/Z7' with '/Zi'
2026-07-26T16:36:33.4282864Z cl : Command line warning D9025 : overriding '/EHs-' with '/EHs'
2026-07-26T16:36:33.4283000Z cl : Command line warning D9025 : overriding '/EHc-' with '/EHc'
2026-07-26T16:36:33.4283257Z cl : Command line warning D9025 : overriding '/Zi' with '/Z7'
2026-07-26T16:36:33.4283534Z cl : Command line warning D9024 : unrecognized source file type 'Files/Microsoft\', object file assumed
2026-07-26T16:36:33.4283699Z cl : Command line warning D9027 : source file 'Files/Microsoft\' ignored
2026-07-26T16:36:33.4284009Z cl : Command line warning D9024 : unrecognized source file type 'Visual\', object file assumed
2026-07-26T16:36:33.4284150Z cl : Command line warning D9027 : source file 'Visual\' ignored
2026-07-26T16:36:33.4284608Z cl : Command line warning D9024 : unrecognized source file type 'Studio/18/Enterprise/VC/vcpkg/installed/x64-windows/debug/../include', object file assumed
2026-07-26T16:36:33.4284940Z cl : Command line warning D9027 : source file 'Studio/18/Enterprise/VC/vcpkg/installed/x64-windows/debug/../include' ignored
2026-07-26T16:36:33.4285207Z cl : Command line warning D9024 : unrecognized source file type 'Files/Microsoft\', object file assumed
2026-07-26T16:36:33.4285367Z cl : Command line warning D9027 : source file 'Files/Microsoft\' ignored
2026-07-26T16:36:33.4285603Z cl : Command line warning D9024 : unrecognized source file type 'Visual\', object file assumed
2026-07-26T16:36:33.4285737Z cl : Command line warning D9027 : source file 'Visual\' ignored
2026-07-26T16:36:33.4286226Z cl : Command line warning D9024 : unrecognized source file type 'Studio/18/Enterprise/VC/vcpkg/installed/x64-windows/debug/../include/libpng16', object file assumed
2026-07-26T16:36:33.4286599Z cl : Command line warning D9027 : source file 'Studio/18/Enterprise/VC/vcpkg/installed/x64-windows/debug/../include/libpng16' ignored
2026-07-26T16:36:33.4286881Z cl : Command line warning D9030 : '/showIncludes' is incompatible with multiprocessing; ignoring /MP switch
2026-07-26T16:36:33.4290210Z [38/129] "C:/Program Files/Microsoft Visual Studio/18/Enterprise/VC/Tools/MSVC/14.51.36231/bin/Hostx64/x64/cl.exe" "-DWIN32" "-D_WINDOWS" "-utf-8" "-GR" "-EHsc" "-MP" "-MDd" "-Z7" "-Ob0" "-Od" "-RTC1" "-Isrc\harfbuzz.dll.p" "-Isrc" "-I..\src\14.2.1-f76ca539fc.clean\src" "-I." "-I..\src\14.2.1-f76ca539fc.clean" "-IC:/Program\\" "-IC:/Program Files/Microsoft Visual Studio/18/Enterprise/VC/vcpkg/installed/x64-windows/include" "/MDd" "/nologo" "/showIncludes" "/utf-8" "/Zc:__cplusplus" "/W2" "/EHs-c-" "/std:c++14" "/permissive-" "/Zi" "/wd4244" "/bigobj" "/utf-8" "-DHAVE_CONFIG_H" "-nologo" "-DWIN32" "-D_WINDOWS" "-utf-8" "-GR" "-EHsc" "-MP" "-MDd" "-Z7" "-Ob0" "-Od" "-RTC1" "Files/Microsoft\\" "Visual\\" "Studio/18/Enterprise/VC/vcpkg/installed/x64-windows/debug/../include" "Files/Microsoft\\" "Visual\\" "Studio/18/Enterprise/VC/vcpkg/installed/x64-windows/debug/../include/libpng16" "-DHB_DLL_EXPORT" "/Fdsrc\harfbuzz.dll.p\hb-ot-shaper-myanmar.cc.pdb" /Fosrc/harfbuzz.dll.p/hb-ot-shaper-myanmar.cc.obj "/c" ../src/14.2.1-f76ca539fc.clean/src/hb-ot-shaper-myanmar.cc
2026-07-26T16:36:33.4290364Z cl : Command line warning D9025 : overriding '/EHs' with '/EHs-'
2026-07-26T16:36:33.4290509Z cl : Command line warning D9025 : overriding '/EHc' with '/EHc-'
2026-07-26T16:36:33.4290640Z cl : Command line warning D9025 : overriding '/Z7' with '/Zi'
2026-07-26T16:36:33.4290780Z cl : Command line warning D9025 : overriding '/EHs-' with '/EHs'
2026-07-26T16:36:33.4290918Z cl : Command line warning D9025 : overriding '/EHc-' with '/EHc'
2026-07-26T16:36:33.4291041Z cl : Command line warning D9025 : overriding '/Zi' with '/Z7'
2026-07-26T16:36:33.4291314Z cl : Command line warning D9024 : unrecognized source file type 'Files/Microsoft\', object file assumed
2026-07-26T16:36:33.4291473Z cl : Command line warning D9027 : source file 'Files/Microsoft\' ignored
2026-07-26T16:36:33.4291709Z cl : Command line warning D9024 : unrecognized source file type 'Visual\', object file assumed
2026-07-26T16:36:33.4291843Z cl : Command line warning D9027 : source file 'Visual\' ignored
2026-07-26T16:36:33.4292291Z cl : Command line warning D9024 : unrecognized source file type 'Studio/18/Enterprise/VC/vcpkg/installed/x64-windows/debug/../include', object file assumed
2026-07-26T16:36:33.4292716Z cl : Command line warning D9027 : source file 'Studio/18/Enterprise/VC/vcpkg/installed/x64-windows/debug/../include' ignored
2026-07-26T16:36:33.4292981Z cl : Command line warning D9024 : unrecognized source file type 'Files/Microsoft\', object file assumed
2026-07-26T16:36:33.4293218Z cl : Command line warning D9027 : source file 'Files/Microsoft\' ignored
2026-07-26T16:36:33.4293458Z cl : Command line warning D9024 : unrecognized source file type 'Visual\', object file assumed
2026-07-26T16:36:33.4293587Z cl : Command line warning D9027 : source file 'Visual\' ignored
2026-07-26T16:36:33.4294071Z cl : Command line warning D9024 : unrecognized source file type 'Studio/18/Enterprise/VC/vcpkg/installed/x64-windows/debug/../include/libpng16', object file assumed
2026-07-26T16:36:33.4294443Z cl : Command line warning D9027 : source file 'Studio/18/Enterprise/VC/vcpkg/installed/x64-windows/debug/../include/libpng16' ignored
2026-07-26T16:36:33.4294721Z cl : Command line warning D9030 : '/showIncludes' is incompatible with multiprocessing; ignoring /MP switch
2026-07-26T16:36:33.4298212Z [39/129] "C:/Program Files/Microsoft Visual Studio/18/Enterprise/VC/Tools/MSVC/14.51.36231/bin/Hostx64/x64/cl.exe" "-DWIN32" "-D_WINDOWS" "-utf-8" "-GR" "-EHsc" "-MP" "-MDd" "-Z7" "-Ob0" "-Od" "-RTC1" "-Isrc\harfbuzz.dll.p" "-Isrc" "-I..\src\14.2.1-f76ca539fc.clean\src" "-I." "-I..\src\14.2.1-f76ca539fc.clean" "-IC:/Program\\" "-IC:/Program Files/Microsoft Visual Studio/18/Enterprise/VC/vcpkg/installed/x64-windows/include" "/MDd" "/nologo" "/showIncludes" "/utf-8" "/Zc:__cplusplus" "/W2" "/EHs-c-" "/std:c++14" "/permissive-" "/Zi" "/wd4244" "/bigobj" "/utf-8" "-DHAVE_CONFIG_H" "-nologo" "-DWIN32" "-D_WINDOWS" "-utf-8" "-GR" "-EHsc" "-MP" "-MDd" "-Z7" "-Ob0" "-Od" "-RTC1" "Files/Microsoft\\" "Visual\\" "Studio/18/Enterprise/VC/vcpkg/installed/x64-windows/debug/../include" "Files/Microsoft\\" "Visual\\" "Studio/18/Enterprise/VC/vcpkg/installed/x64-windows/debug/../include/libpng16" "-DHB_DLL_EXPORT" "/Fdsrc\harfbuzz.dll.p\hb-ot-shaper-syllabic.cc.pdb" /Fosrc/harfbuzz.dll.p/hb-ot-shaper-syllabic.cc.obj "/c" ../src/14.2.1-f76ca539fc.clean/src/hb-ot-shaper-syllabic.cc
2026-07-26T16:36:33.4298364Z cl : Command line warning D9025 : overriding '/EHs' with '/EHs-'
2026-07-26T16:36:33.4298506Z cl : Command line warning D9025 : overriding '/EHc' with '/EHc-'
2026-07-26T16:36:33.4298631Z cl : Command line warning D9025 : overriding '/Z7' with '/Zi'
2026-07-26T16:36:33.4298770Z cl : Command line warning D9025 : overriding '/EHs-' with '/EHs'
2026-07-26T16:36:33.4298900Z cl : Command line warning D9025 : overriding '/EHc-' with '/EHc'
2026-07-26T16:36:33.4299051Z cl : Command line warning D9025 : overriding '/Zi' with '/Z7'
2026-07-26T16:36:33.4299520Z cl : Command line warning D9024 : unrecognized source file type 'Files/Microsoft\', object file assumed
2026-07-26T16:36:33.4299746Z cl : Command line warning D9027 : source file 'Files/Microsoft\' ignored
2026-07-26T16:36:33.4299991Z cl : Command line warning D9024 : unrecognized source file type 'Visual\', object file assumed
2026-07-26T16:36:33.4300119Z cl : Command line warning D9027 : source file 'Visual\' ignored
2026-07-26T16:36:33.4300570Z cl : Command line warning D9024 : unrecognized source file type 'Studio/18/Enterprise/VC/vcpkg/installed/x64-windows/debug/../include', object file assumed
2026-07-26T16:36:33.4300910Z cl : Command line warning D9027 : source file 'Studio/18/Enterprise/VC/vcpkg/installed/x64-windows/debug/../include' ignored
2026-07-26T16:36:33.4301170Z cl : Command line warning D9024 : unrecognized source file type 'Files/Microsoft\', object file assumed
2026-07-26T16:36:33.4301332Z cl : Command line warning D9027 : source file 'Files/Microsoft\' ignored
2026-07-26T16:36:33.4301562Z cl : Command line warning D9024 : unrecognized source file type 'Visual\', object file assumed
2026-07-26T16:36:33.4301689Z cl : Command line warning D9027 : source file 'Visual\' ignored
2026-07-26T16:36:33.4302285Z cl : Command line warning D9024 : unrecognized source file type 'Studio/18/Enterprise/VC/vcpkg/installed/x64-windows/debug/../include/libpng16', object file assumed
2026-07-26T16:36:33.4302651Z cl : Command line warning D9027 : source file 'Studio/18/Enterprise/VC/vcpkg/installed/x64-windows/debug/../include/libpng16' ignored
2026-07-26T16:36:33.4303007Z cl : Command line warning D9030 : '/showIncludes' is incompatible with multiprocessing; ignoring /MP switch
2026-07-26T16:36:33.4306237Z [40/129] "C:/Program Files/Microsoft Visual Studio/18/Enterprise/VC/Tools/MSVC/14.51.36231/bin/Hostx64/x64/cl.exe" "-DWIN32" "-D_WINDOWS" "-utf-8" "-GR" "-EHsc" "-MP" "-MDd" "-Z7" "-Ob0" "-Od" "-RTC1" "-Isrc\harfbuzz.dll.p" "-Isrc" "-I..\src\14.2.1-f76ca539fc.clean\src" "-I." "-I..\src\14.2.1-f76ca539fc.clean" "-IC:/Program\\" "-IC:/Program Files/Microsoft Visual Studio/18/Enterprise/VC/vcpkg/installed/x64-windows/include" "/MDd" "/nologo" "/showIncludes" "/utf-8" "/Zc:__cplusplus" "/W2" "/EHs-c-" "/std:c++14" "/permissive-" "/Zi" "/wd4244" "/bigobj" "/utf-8" "-DHAVE_CONFIG_H" "-nologo" "-DWIN32" "-D_WINDOWS" "-utf-8" "-GR" "-EHsc" "-MP" "-MDd" "-Z7" "-Ob0" "-Od" "-RTC1" "Files/Microsoft\\" "Visual\\" "Studio/18/Enterprise/VC/vcpkg/installed/x64-windows/debug/../include" "Files/Microsoft\\" "Visual\\" "Studio/18/Enterprise/VC/vcpkg/installed/x64-windows/debug/../include/libpng16" "-DHB_DLL_EXPORT" "/Fdsrc\harfbuzz.dll.p\hb-ot-shaper-thai.cc.pdb" /Fosrc/harfbuzz.dll.p/hb-ot-shaper-thai.cc.obj "/c" ../src/14.2.1-f76ca539fc.clean/src/hb-ot-shaper-thai.cc
2026-07-26T16:36:33.4306385Z cl : Command line warning D9025 : overriding '/EHs' with '/EHs-'
2026-07-26T16:36:33.4306518Z cl : Command line warning D9025 : overriding '/EHc' with '/EHc-'
2026-07-26T16:36:33.4306648Z cl : Command line warning D9025 : overriding '/Z7' with '/Zi'
2026-07-26T16:36:33.4306787Z cl : Command line warning D9025 : overriding '/EHs-' with '/EHs'
2026-07-26T16:36:33.4306919Z cl : Command line warning D9025 : overriding '/EHc-' with '/EHc'
2026-07-26T16:36:33.4307052Z cl : Command line warning D9025 : overriding '/Zi' with '/Z7'
2026-07-26T16:36:33.4307313Z cl : Command line warning D9024 : unrecognized source file type 'Files/Microsoft\', object file assumed
2026-07-26T16:36:33.4307476Z cl : Command line warning D9027 : source file 'Files/Microsoft\' ignored
2026-07-26T16:36:33.4307711Z cl : Command line warning D9024 : unrecognized source file type 'Visual\', object file assumed
2026-07-26T16:36:33.4307841Z cl : Command line warning D9027 : source file 'Visual\' ignored
2026-07-26T16:36:33.4308290Z cl : Command line warning D9024 : unrecognized source file type 'Studio/18/Enterprise/VC/vcpkg/installed/x64-windows/debug/../include', object file assumed
2026-07-26T16:36:33.4308623Z cl : Command line warning D9027 : source file 'Studio/18/Enterprise/VC/vcpkg/installed/x64-windows/debug/../include' ignored
2026-07-26T16:36:33.4308889Z cl : Command line warning D9024 : unrecognized source file type 'Files/Microsoft\', object file assumed
2026-07-26T16:36:33.4309052Z cl : Command line warning D9027 : source file 'Files/Microsoft\' ignored
2026-07-26T16:36:33.4309280Z cl : Command line warning D9024 : unrecognized source file type 'Visual\', object file assumed
2026-07-26T16:36:33.4309416Z cl : Command line warning D9027 : source file 'Visual\' ignored
2026-07-26T16:36:33.4309894Z cl : Command line warning D9024 : unrecognized source file type 'Studio/18/Enterprise/VC/vcpkg/installed/x64-windows/debug/../include/libpng16', object file assumed
2026-07-26T16:36:33.4310267Z cl : Command line warning D9027 : source file 'Studio/18/Enterprise/VC/vcpkg/installed/x64-windows/debug/../include/libpng16' ignored
2026-07-26T16:36:33.4310548Z cl : Command line warning D9030 : '/showIncludes' is incompatible with multiprocessing; ignoring /MP switch
2026-07-26T16:36:33.4313834Z [41/129] "C:/Program Files/Microsoft Visual Studio/18/Enterprise/VC/Tools/MSVC/14.51.36231/bin/Hostx64/x64/cl.exe" "-DWIN32" "-D_WINDOWS" "-utf-8" "-GR" "-EHsc" "-MP" "-MDd" "-Z7" "-Ob0" "-Od" "-RTC1" "-Isrc\harfbuzz.dll.p" "-Isrc" "-I..\src\14.2.1-f76ca539fc.clean\src" "-I." "-I..\src\14.2.1-f76ca539fc.clean" "-IC:/Program\\" "-IC:/Program Files/Microsoft Visual Studio/18/Enterprise/VC/vcpkg/installed/x64-windows/include" "/MDd" "/nologo" "/showIncludes" "/utf-8" "/Zc:__cplusplus" "/W2" "/EHs-c-" "/std:c++14" "/permissive-" "/Zi" "/wd4244" "/bigobj" "/utf-8" "-DHAVE_CONFIG_H" "-nologo" "-DWIN32" "-D_WINDOWS" "-utf-8" "-GR" "-EHsc" "-MP" "-MDd" "-Z7" "-Ob0" "-Od" "-RTC1" "Files/Microsoft\\" "Visual\\" "Studio/18/Enterprise/VC/vcpkg/installed/x64-windows/debug/../include" "Files/Microsoft\\" "Visual\\" "Studio/18/Enterprise/VC/vcpkg/installed/x64-windows/debug/../include/libpng16" "-DHB_DLL_EXPORT" "/Fdsrc\harfbuzz.dll.p\hb-ot-shaper-use.cc.pdb" /Fosrc/harfbuzz.dll.p/hb-ot-shaper-use.cc.obj "/c" ../src/14.2.1-f76ca539fc.clean/src/hb-ot-shaper-use.cc
2026-07-26T16:36:33.4314817Z cl : Command line warning D9025 : overriding '/EHs' with '/EHs-'
2026-07-26T16:36:33.4314970Z cl : Command line warning D9025 : overriding '/EHc' with '/EHc-'
2026-07-26T16:36:33.4315109Z cl : Command line warning D9025 : overriding '/Z7' with '/Zi'
2026-07-26T16:36:33.4315247Z cl : Command line warning D9025 : overriding '/EHs-' with '/EHs'
2026-07-26T16:36:33.4315383Z cl : Command line warning D9025 : overriding '/EHc-' with '/EHc'
2026-07-26T16:36:33.4315514Z cl : Command line warning D9025 : overriding '/Zi' with '/Z7'
2026-07-26T16:36:33.4315795Z cl : Command line warning D9024 : unrecognized source file type 'Files/Microsoft\', object file assumed
2026-07-26T16:36:33.4315964Z cl : Command line warning D9027 : source file 'Files/Microsoft\' ignored
2026-07-26T16:36:33.4316442Z cl : Command line warning D9024 : unrecognized source file type 'Visual\', object file assumed
2026-07-26T16:36:33.4316588Z cl : Command line warning D9027 : source file 'Visual\' ignored
2026-07-26T16:36:33.4317049Z cl : Command line warning D9024 : unrecognized source file type 'Studio/18/Enterprise/VC/vcpkg/installed/x64-windows/debug/../include', object file assumed
2026-07-26T16:36:33.4317399Z cl : Command line warning D9027 : source file 'Studio/18/Enterprise/VC/vcpkg/installed/x64-windows/debug/../include' ignored
2026-07-26T16:36:33.4317668Z cl : Command line warning D9024 : unrecognized source file type 'Files/Microsoft\', object file assumed
2026-07-26T16:36:33.4317833Z cl : Command line warning D9027 : source file 'Files/Microsoft\' ignored
2026-07-26T16:36:33.4318069Z cl : Command line warning D9024 : unrecognized source file type 'Visual\', object file assumed
2026-07-26T16:36:33.4318209Z cl : Command line warning D9027 : source file 'Visual\' ignored
2026-07-26T16:36:33.4318697Z cl : Command line warning D9024 : unrecognized source file type 'Studio/18/Enterprise/VC/vcpkg/installed/x64-windows/debug/../include/libpng16', object file assumed
2026-07-26T16:36:33.4319073Z cl : Command line warning D9027 : source file 'Studio/18/Enterprise/VC/vcpkg/installed/x64-windows/debug/../include/libpng16' ignored
2026-07-26T16:36:33.4319545Z cl : Command line warning D9030 : '/showIncludes' is incompatible with multiprocessing; ignoring /MP switch
2026-07-26T16:36:33.4322997Z [42/129] "C:/Program Files/Microsoft Visual Studio/18/Enterprise/VC/Tools/MSVC/14.51.36231/bin/Hostx64/x64/cl.exe" "-DWIN32" "-D_WINDOWS" "-utf-8" "-GR" "-EHsc" "-MP" "-MDd" "-Z7" "-Ob0" "-Od" "-RTC1" "-Isrc\harfbuzz.dll.p" "-Isrc" "-I..\src\14.2.1-f76ca539fc.clean\src" "-I." "-I..\src\14.2.1-f76ca539fc.clean" "-IC:/Program\\" "-IC:/Program Files/Microsoft Visual Studio/18/Enterprise/VC/vcpkg/installed/x64-windows/include" "/MDd" "/nologo" "/showIncludes" "/utf-8" "/Zc:__cplusplus" "/W2" "/EHs-c-" "/std:c++14" "/permissive-" "/Zi" "/wd4244" "/bigobj" "/utf-8" "-DHAVE_CONFIG_H" "-nologo" "-DWIN32" "-D_WINDOWS" "-utf-8" "-GR" "-EHsc" "-MP" "-MDd" "-Z7" "-Ob0" "-Od" "-RTC1" "Files/Microsoft\\" "Visual\\" "Studio/18/Enterprise/VC/vcpkg/installed/x64-windows/debug/../include" "Files/Microsoft\\" "Visual\\" "Studio/18/Enterprise/VC/vcpkg/installed/x64-windows/debug/../include/libpng16" "-DHB_DLL_EXPORT" "/Fdsrc\harfbuzz.dll.p\hb-ot-shaper-vowel-constraints.cc.pdb" /Fosrc/harfbuzz.dll.p/hb-ot-shaper-vowel-constraints.cc.obj "/c" ../src/14.2.1-f76ca539fc.clean/src/hb-ot-shaper-vowel-constraints.cc
2026-07-26T16:36:33.4323295Z cl : Command line warning D9025 : overriding '/EHs' with '/EHs-'
2026-07-26T16:36:33.4324432Z cl : Command line warning D9025 : overriding '/EHc' with '/EHc-'
2026-07-26T16:36:33.4324735Z cl : Command line warning D9025 : overriding '/Z7' with '/Zi'
2026-07-26T16:36:33.4324982Z cl : Command line warning D9025 : overriding '/EHs-' with '/EHs'
2026-07-26T16:36:33.4325244Z cl : Command line warning D9025 : overriding '/EHc-' with '/EHc'
2026-07-26T16:36:33.4325466Z cl : Command line warning D9025 : overriding '/Zi' with '/Z7'
2026-07-26T16:36:33.4325946Z cl : Command line warning D9024 : unrecognized source file type 'Files/Microsoft\', object file assumed
2026-07-26T16:36:33.4326239Z cl : Command line warning D9027 : source file 'Files/Microsoft\' ignored
2026-07-26T16:36:33.4326699Z cl : Command line warning D9024 : unrecognized source file type 'Visual\', object file assumed
2026-07-26T16:36:33.4326964Z cl : Command line warning D9027 : source file 'Visual\' ignored
2026-07-26T16:36:33.4327614Z cl : Command line warning D9024 : unrecognized source file type 'Studio/18/Enterprise/VC/vcpkg/installed/x64-windows/debug/../include', object file assumed
2026-07-26T16:36:33.4328150Z cl : Command line warning D9027 : source file 'Studio/18/Enterprise/VC/vcpkg/installed/x64-windows/debug/../include' ignored
2026-07-26T16:36:33.4328447Z cl : Command line warning D9024 : unrecognized source file type 'Files/Microsoft\', object file assumed
2026-07-26T16:36:33.4328684Z cl : Command line warning D9027 : source file 'Files/Microsoft\' ignored
2026-07-26T16:36:33.4329129Z cl : Command line warning D9024 : unrecognized source file type 'Visual\', object file assumed
2026-07-26T16:36:33.4329379Z cl : Command line warning D9027 : source file 'Visual\' ignored
2026-07-26T16:36:33.4330137Z cl : Command line warning D9024 : unrecognized source file type 'Studio/18/Enterprise/VC/vcpkg/installed/x64-windows/debug/../include/libpng16', object file assumed
2026-07-26T16:36:33.4330699Z cl : Command line warning D9027 : source file 'Studio/18/Enterprise/VC/vcpkg/installed/x64-windows/debug/../include/libpng16' ignored
2026-07-26T16:36:33.4331006Z cl : Command line warning D9030 : '/showIncludes' is incompatible with multiprocessing; ignoring /MP switch
2026-07-26T16:36:33.4336022Z [43/129] "C:/Program Files/Microsoft Visual Studio/18/Enterprise/VC/Tools/MSVC/14.51.36231/bin/Hostx64/x64/cl.exe" "-DWIN32" "-D_WINDOWS" "-utf-8" "-GR" "-EHsc" "-MP" "-MDd" "-Z7" "-Ob0" "-Od" "-RTC1" "-Isrc\harfbuzz.dll.p" "-Isrc" "-I..\src\14.2.1-f76ca539fc.clean\src" "-I." "-I..\src\14.2.1-f76ca539fc.clean" "-IC:/Program\\" "-IC:/Program Files/Microsoft Visual Studio/18/Enterprise/VC/vcpkg/installed/x64-windows/include" "/MDd" "/nologo" "/showIncludes" "/utf-8" "/Zc:__cplusplus" "/W2" "/EHs-c-" "/std:c++14" "/permissive-" "/Zi" "/wd4244" "/bigobj" "/utf-8" "-DHAVE_CONFIG_H" "-nologo" "-DWIN32" "-D_WINDOWS" "-utf-8" "-GR" "-EHsc" "-MP" "-MDd" "-Z7" "-Ob0" "-Od" "-RTC1" "Files/Microsoft\\" "Visual\\" "Studio/18/Enterprise/VC/vcpkg/installed/x64-windows/debug/../include" "Files/Microsoft\\" "Visual\\" "Studio/18/Enterprise/VC/vcpkg/installed/x64-windows/debug/../include/libpng16" "-DHB_DLL_EXPORT" "/Fdsrc\harfbuzz.dll.p\hb-ot-tag.cc.pdb" /Fosrc/harfbuzz.dll.p/hb-ot-tag.cc.obj "/c" ../src/14.2.1-f76ca539fc.clean/src/hb-ot-tag.cc
2026-07-26T16:36:33.4336637Z cl : Command line warning D9025 : overriding '/EHs' with '/EHs-'
2026-07-26T16:36:33.4336929Z cl : Command line warning D9025 : overriding '/EHc' with '/EHc-'
2026-07-26T16:36:33.4337159Z cl : Command line warning D9025 : overriding '/Z7' with '/Zi'
2026-07-26T16:36:33.4337411Z cl : Command line warning D9025 : overriding '/EHs-' with '/EHs'
2026-07-26T16:36:33.4337666Z cl : Command line warning D9025 : overriding '/EHc-' with '/EHc'
2026-07-26T16:36:33.4338041Z cl : Command line warning D9025 : overriding '/Zi' with '/Z7'
2026-07-26T16:36:33.4338326Z cl : Command line warning D9024 : unrecognized source file type 'Files/Microsoft\', object file assumed
2026-07-26T16:36:33.4338495Z cl : Command line warning D9027 : source file 'Files/Microsoft\' ignored
2026-07-26T16:36:33.4339024Z cl : Command line warning D9024 : unrecognized source file type 'Visual\', object file assumed
2026-07-26T16:36:33.4339185Z cl : Command line warning D9027 : source file 'Visual\' ignored
2026-07-26T16:36:33.4339925Z cl : Command line warning D9024 : unrecognized source file type 'Studio/18/Enterprise/VC/vcpkg/installed/x64-windows/debug/../include', object file assumed
2026-07-26T16:36:33.4340565Z cl : Command line warning D9027 : source file 'Studio/18/Enterprise/VC/vcpkg/installed/x64-windows/debug/../include' ignored
2026-07-26T16:36:33.4341087Z cl : Command line warning D9024 : unrecognized source file type 'Files/Microsoft\', object file assumed
2026-07-26T16:36:33.4341378Z cl : Command line warning D9027 : source file 'Files/Microsoft\' ignored
2026-07-26T16:36:33.4341669Z cl : Command line warning D9024 : unrecognized source file type 'Visual\', object file assumed
2026-07-26T16:36:33.4341812Z cl : Command line warning D9027 : source file 'Visual\' ignored
2026-07-26T16:36:33.4342305Z cl : Command line warning D9024 : unrecognized source file type 'Studio/18/Enterprise/VC/vcpkg/installed/x64-windows/debug/../include/libpng16', object file assumed
2026-07-26T16:36:33.4342674Z cl : Command line warning D9027 : source file 'Studio/18/Enterprise/VC/vcpkg/installed/x64-windows/debug/../include/libpng16' ignored
2026-07-26T16:36:33.4342963Z cl : Command line warning D9030 : '/showIncludes' is incompatible with multiprocessing; ignoring /MP switch
2026-07-26T16:36:33.4346271Z [44/129] "C:/Program Files/Microsoft Visual Studio/18/Enterprise/VC/Tools/MSVC/14.51.36231/bin/Hostx64/x64/cl.exe" "-DWIN32" "-D_WINDOWS" "-utf-8" "-GR" "-EHsc" "-MP" "-MDd" "-Z7" "-Ob0" "-Od" "-RTC1" "-Isrc\harfbuzz.dll.p" "-Isrc" "-I..\src\14.2.1-f76ca539fc.clean\src" "-I." "-I..\src\14.2.1-f76ca539fc.clean" "-IC:/Program\\" "-IC:/Program Files/Microsoft Visual Studio/18/Enterprise/VC/vcpkg/installed/x64-windows/include" "/MDd" "/nologo" "/showIncludes" "/utf-8" "/Zc:__cplusplus" "/W2" "/EHs-c-" "/std:c++14" "/permissive-" "/Zi" "/wd4244" "/bigobj" "/utf-8" "-DHAVE_CONFIG_H" "-nologo" "-DWIN32" "-D_WINDOWS" "-utf-8" "-GR" "-EHsc" "-MP" "-MDd" "-Z7" "-Ob0" "-Od" "-RTC1" "Files/Microsoft\\" "Visual\\" "Studio/18/Enterprise/VC/vcpkg/installed/x64-windows/debug/../include" "Files/Microsoft\\" "Visual\\" "Studio/18/Enterprise/VC/vcpkg/installed/x64-windows/debug/../include/libpng16" "-DHB_DLL_EXPORT" "/Fdsrc\harfbuzz.dll.p\hb-ot-shape-normalize.cc.pdb" /Fosrc/harfbuzz.dll.p/hb-ot-shape-normalize.cc.obj "/c" ../src/14.2.1-f76ca539fc.clean/src/hb-ot-shape-normalize.cc
2026-07-26T16:36:33.4346431Z cl : Command line warning D9025 : overriding '/EHs' with '/EHs-'
2026-07-26T16:36:33.4346570Z cl : Command line warning D9025 : overriding '/EHc' with '/EHc-'
2026-07-26T16:36:33.4346707Z cl : Command line warning D9025 : overriding '/Z7' with '/Zi'
2026-07-26T16:36:33.4346846Z cl : Command line warning D9025 : overriding '/EHs-' with '/EHs'
2026-07-26T16:36:33.4346984Z cl : Command line warning D9025 : overriding '/EHc-' with '/EHc'
2026-07-26T16:36:33.4347123Z cl : Command line warning D9025 : overriding '/Zi' with '/Z7'
2026-07-26T16:36:33.4347396Z cl : Command line warning D9024 : unrecognized source file type 'Files/Microsoft\', object file assumed
2026-07-26T16:36:33.4347564Z cl : Command line warning D9027 : source file 'Files/Microsoft\' ignored
2026-07-26T16:36:33.4348113Z cl : Command line warning D9024 : unrecognized source file type 'Visual\', object file assumed
2026-07-26T16:36:33.4348276Z cl : Command line warning D9027 : source file 'Visual\' ignored
2026-07-26T16:36:33.4348752Z cl : Command line warning D9024 : unrecognized source file type 'Studio/18/Enterprise/VC/vcpkg/installed/x64-windows/debug/../include', object file assumed
2026-07-26T16:36:33.4349468Z cl : Command line warning D9027 : source file 'Studio/18/Enterprise/VC/vcpkg/installed/x64-windows/debug/../include' ignored
2026-07-26T16:36:33.4349747Z cl : Command line warning D9024 : unrecognized source file type 'Files/Microsoft\', object file assumed
2026-07-26T16:36:33.4350175Z cl : Command line warning D9027 : source file 'Files/Microsoft\' ignored
2026-07-26T16:36:33.4350428Z cl : Command line warning D9024 : unrecognized source file type 'Visual\', object file assumed
2026-07-26T16:36:33.4350572Z cl : Command line warning D9027 : source file 'Visual\' ignored
2026-07-26T16:36:33.4351242Z cl : Command line warning D9024 : unrecognized source file type 'Studio/18/Enterprise/VC/vcpkg/installed/x64-windows/debug/../include/libpng16', object file assumed
2026-07-26T16:36:33.4351626Z cl : Command line warning D9027 : source file 'Studio/18/Enterprise/VC/vcpkg/installed/x64-windows/debug/../include/libpng16' ignored
2026-07-26T16:36:33.4352091Z cl : Command line warning D9030 : '/showIncludes' is incompatible with multiprocessing; ignoring /MP switch
2026-07-26T16:36:33.4355643Z [45/129] "C:/Program Files/Microsoft Visual Studio/18/Enterprise/VC/Tools/MSVC/14.51.36231/bin/Hostx64/x64/cl.exe" "-DWIN32" "-D_WINDOWS" "-utf-8" "-GR" "-EHsc" "-MP" "-MDd" "-Z7" "-Ob0" "-Od" "-RTC1" "-Isrc\harfbuzz.dll.p" "-Isrc" "-I..\src\14.2.1-f76ca539fc.clean\src" "-I." "-I..\src\14.2.1-f76ca539fc.clean" "-IC:/Program\\" "-IC:/Program Files/Microsoft Visual Studio/18/Enterprise/VC/vcpkg/installed/x64-windows/include" "/MDd" "/nologo" "/showIncludes" "/utf-8" "/Zc:__cplusplus" "/W2" "/EHs-c-" "/std:c++14" "/permissive-" "/Zi" "/wd4244" "/bigobj" "/utf-8" "-DHAVE_CONFIG_H" "-nologo" "-DWIN32" "-D_WINDOWS" "-utf-8" "-GR" "-EHsc" "-MP" "-MDd" "-Z7" "-Ob0" "-Od" "-RTC1" "Files/Microsoft\\" "Visual\\" "Studio/18/Enterprise/VC/vcpkg/installed/x64-windows/debug/../include" "Files/Microsoft\\" "Visual\\" "Studio/18/Enterprise/VC/vcpkg/installed/x64-windows/debug/../include/libpng16" "-DHB_DLL_EXPORT" "/Fdsrc\harfbuzz.dll.p\hb-set.cc.pdb" /Fosrc/harfbuzz.dll.p/hb-set.cc.obj "/c" ../src/14.2.1-f76ca539fc.clean/src/hb-set.cc
2026-07-26T16:36:33.4355807Z cl : Command line warning D9025 : overriding '/EHs' with '/EHs-'
2026-07-26T16:36:33.4355952Z cl : Command line warning D9025 : overriding '/EHc' with '/EHc-'
2026-07-26T16:36:33.4356095Z cl : Command line warning D9025 : overriding '/Z7' with '/Zi'
2026-07-26T16:36:33.4356230Z cl : Command line warning D9025 : overriding '/EHs-' with '/EHs'
2026-07-26T16:36:33.4356364Z cl : Command line warning D9025 : overriding '/EHc-' with '/EHc'
2026-07-26T16:36:33.4356489Z cl : Command line warning D9025 : overriding '/Zi' with '/Z7'
2026-07-26T16:36:33.4356764Z cl : Command line warning D9024 : unrecognized source file type 'Files/Microsoft\', object file assumed
2026-07-26T16:36:33.4356931Z cl : Command line warning D9027 : source file 'Files/Microsoft\' ignored
2026-07-26T16:36:33.4357167Z cl : Command line warning D9024 : unrecognized source file type 'Visual\', object file assumed
2026-07-26T16:36:33.4357309Z cl : Command line warning D9027 : source file 'Visual\' ignored
2026-07-26T16:36:33.4357762Z cl : Command line warning D9024 : unrecognized source file type 'Studio/18/Enterprise/VC/vcpkg/installed/x64-windows/debug/../include', object file assumed
2026-07-26T16:36:33.4358109Z cl : Command line warning D9027 : source file 'Studio/18/Enterprise/VC/vcpkg/installed/x64-windows/debug/../include' ignored
2026-07-26T16:36:33.4358377Z cl : Command line warning D9024 : unrecognized source file type 'Files/Microsoft\', object file assumed
2026-07-26T16:36:33.4358537Z cl : Command line warning D9027 : source file 'Files/Microsoft\' ignored
2026-07-26T16:36:33.4358768Z cl : Command line warning D9024 : unrecognized source file type 'Visual\', object file assumed
2026-07-26T16:36:33.4358904Z cl : Command line warning D9027 : source file 'Visual\' ignored
2026-07-26T16:36:33.4359508Z cl : Command line warning D9024 : unrecognized source file type 'Studio/18/Enterprise/VC/vcpkg/installed/x64-windows/debug/../include/libpng16', object file assumed
2026-07-26T16:36:33.4359882Z cl : Command line warning D9027 : source file 'Studio/18/Enterprise/VC/vcpkg/installed/x64-windows/debug/../include/libpng16' ignored
2026-07-26T16:36:33.4360240Z cl : Command line warning D9030 : '/showIncludes' is incompatible with multiprocessing; ignoring /MP switch
2026-07-26T16:36:33.4363373Z [46/129] "C:/Program Files/Microsoft Visual Studio/18/Enterprise/VC/Tools/MSVC/14.51.36231/bin/Hostx64/x64/cl.exe" "-DWIN32" "-D_WINDOWS" "-utf-8" "-GR" "-EHsc" "-MP" "-MDd" "-Z7" "-Ob0" "-Od" "-RTC1" "-Isrc\harfbuzz.dll.p" "-Isrc" "-I..\src\14.2.1-f76ca539fc.clean\src" "-I." "-I..\src\14.2.1-f76ca539fc.clean" "-IC:/Program\\" "-IC:/Program Files/Microsoft Visual Studio/18/Enterprise/VC/vcpkg/installed/x64-windows/include" "/MDd" "/nologo" "/showIncludes" "/utf-8" "/Zc:__cplusplus" "/W2" "/EHs-c-" "/std:c++14" "/permissive-" "/Zi" "/wd4244" "/bigobj" "/utf-8" "-DHAVE_CONFIG_H" "-nologo" "-DWIN32" "-D_WINDOWS" "-utf-8" "-GR" "-EHsc" "-MP" "-MDd" "-Z7" "-Ob0" "-Od" "-RTC1" "Files/Microsoft\\" "Visual\\" "Studio/18/Enterprise/VC/vcpkg/installed/x64-windows/debug/../include" "Files/Microsoft\\" "Visual\\" "Studio/18/Enterprise/VC/vcpkg/installed/x64-windows/debug/../include/libpng16" "-DHB_DLL_EXPORT" "/Fdsrc\harfbuzz.dll.p\hb-shape.cc.pdb" /Fosrc/harfbuzz.dll.p/hb-shape.cc.obj "/c" ../src/14.2.1-f76ca539fc.clean/src/hb-shape.cc
2026-07-26T16:36:33.4363533Z cl : Command line warning D9025 : overriding '/EHs' with '/EHs-'
2026-07-26T16:36:33.4363676Z cl : Command line warning D9025 : overriding '/EHc' with '/EHc-'
2026-07-26T16:36:33.4363806Z cl : Command line warning D9025 : overriding '/Z7' with '/Zi'
2026-07-26T16:36:33.4363946Z cl : Command line warning D9025 : overriding '/EHs-' with '/EHs'
2026-07-26T16:36:33.4364075Z cl : Command line warning D9025 : overriding '/EHc-' with '/EHc'
2026-07-26T16:36:33.4364212Z cl : Command line warning D9025 : overriding '/Zi' with '/Z7'
2026-07-26T16:36:33.4364487Z cl : Command line warning D9024 : unrecognized source file type 'Files/Microsoft\', object file assumed
2026-07-26T16:36:33.4364650Z cl : Command line warning D9027 : source file 'Files/Microsoft\' ignored
2026-07-26T16:36:33.4364892Z cl : Command line warning D9024 : unrecognized source file type 'Visual\', object file assumed
2026-07-26T16:36:33.4365041Z cl : Command line warning D9027 : source file 'Visual\' ignored
2026-07-26T16:36:33.4365496Z cl : Command line warning D9024 : unrecognized source file type 'Studio/18/Enterprise/VC/vcpkg/installed/x64-windows/debug/../include', object file assumed
2026-07-26T16:36:33.4365843Z cl : Command line warning D9027 : source file 'Studio/18/Enterprise/VC/vcpkg/installed/x64-windows/debug/../include' ignored
2026-07-26T16:36:33.4366108Z cl : Command line warning D9024 : unrecognized source file type 'Files/Microsoft\', object file assumed
2026-07-26T16:36:33.4366282Z cl : Command line warning D9027 : source file 'Files/Microsoft\' ignored
2026-07-26T16:36:33.4366521Z cl : Command line warning D9024 : unrecognized source file type 'Visual\', object file assumed
2026-07-26T16:36:33.4366657Z cl : Command line warning D9027 : source file 'Visual\' ignored
2026-07-26T16:36:33.4367147Z cl : Command line warning D9024 : unrecognized source file type 'Studio/18/Enterprise/VC/vcpkg/installed/x64-windows/debug/../include/libpng16', object file assumed
2026-07-26T16:36:33.4367517Z cl : Command line warning D9027 : source file 'Studio/18/Enterprise/VC/vcpkg/installed/x64-windows/debug/../include/libpng16' ignored
2026-07-26T16:36:33.4367804Z cl : Command line warning D9030 : '/showIncludes' is incompatible with multiprocessing; ignoring /MP switch
2026-07-26T16:36:33.4371054Z [47/129] "C:/Program Files/Microsoft Visual Studio/18/Enterprise/VC/Tools/MSVC/14.51.36231/bin/Hostx64/x64/cl.exe" "-DWIN32" "-D_WINDOWS" "-utf-8" "-GR" "-EHsc" "-MP" "-MDd" "-Z7" "-Ob0" "-Od" "-RTC1" "-Isrc\harfbuzz.dll.p" "-Isrc" "-I..\src\14.2.1-f76ca539fc.clean\src" "-I." "-I..\src\14.2.1-f76ca539fc.clean" "-IC:/Program\\" "-IC:/Program Files/Microsoft Visual Studio/18/Enterprise/VC/vcpkg/installed/x64-windows/include" "/MDd" "/nologo" "/showIncludes" "/utf-8" "/Zc:__cplusplus" "/W2" "/EHs-c-" "/std:c++14" "/permissive-" "/Zi" "/wd4244" "/bigobj" "/utf-8" "-DHAVE_CONFIG_H" "-nologo" "-DWIN32" "-D_WINDOWS" "-utf-8" "-GR" "-EHsc" "-MP" "-MDd" "-Z7" "-Ob0" "-Od" "-RTC1" "Files/Microsoft\\" "Visual\\" "Studio/18/Enterprise/VC/vcpkg/installed/x64-windows/debug/../include" "Files/Microsoft\\" "Visual\\" "Studio/18/Enterprise/VC/vcpkg/installed/x64-windows/debug/../include/libpng16" "-DHB_DLL_EXPORT" "/Fdsrc\harfbuzz.dll.p\hb-shape-plan.cc.pdb" /Fosrc/harfbuzz.dll.p/hb-shape-plan.cc.obj "/c" ../src/14.2.1-f76ca539fc.clean/src/hb-shape-plan.cc
2026-07-26T16:36:33.4371283Z cl : Command line warning D9025 : overriding '/EHs' with '/EHs-'
2026-07-26T16:36:33.4371418Z cl : Command line warning D9025 : overriding '/EHc' with '/EHc-'
2026-07-26T16:36:33.4371557Z cl : Command line warning D9025 : overriding '/Z7' with '/Zi'
2026-07-26T16:36:33.4371697Z cl : Command line warning D9025 : overriding '/EHs-' with '/EHs'
2026-07-26T16:36:33.4371825Z cl : Command line warning D9025 : overriding '/EHc-' with '/EHc'
2026-07-26T16:36:33.4371957Z cl : Command line warning D9025 : overriding '/Zi' with '/Z7'
2026-07-26T16:36:33.4372223Z cl : Command line warning D9024 : unrecognized source file type 'Files/Microsoft\', object file assumed
2026-07-26T16:36:33.4372390Z cl : Command line warning D9027 : source file 'Files/Microsoft\' ignored
2026-07-26T16:36:33.4372626Z cl : Command line warning D9024 : unrecognized source file type 'Visual\', object file assumed
2026-07-26T16:36:33.4372756Z cl : Command line warning D9027 : source file 'Visual\' ignored
2026-07-26T16:36:33.4373207Z cl : Command line warning D9024 : unrecognized source file type 'Studio/18/Enterprise/VC/vcpkg/installed/x64-windows/debug/../include', object file assumed
2026-07-26T16:36:33.4373547Z cl : Command line warning D9027 : source file 'Studio/18/Enterprise/VC/vcpkg/installed/x64-windows/debug/../include' ignored
2026-07-26T16:36:33.4373812Z cl : Command line warning D9024 : unrecognized source file type 'Files/Microsoft\', object file assumed
2026-07-26T16:36:33.4373974Z cl : Command line warning D9027 : source file 'Files/Microsoft\' ignored
2026-07-26T16:36:33.4374449Z cl : Command line warning D9024 : unrecognized source file type 'Visual\', object file assumed
2026-07-26T16:36:33.4374588Z cl : Command line warning D9027 : source file 'Visual\' ignored
2026-07-26T16:36:33.4375245Z cl : Command line warning D9024 : unrecognized source file type 'Studio/18/Enterprise/VC/vcpkg/installed/x64-windows/debug/../include/libpng16', object file assumed
2026-07-26T16:36:33.4375615Z cl : Command line warning D9027 : source file 'Studio/18/Enterprise/VC/vcpkg/installed/x64-windows/debug/../include/libpng16' ignored
2026-07-26T16:36:33.4375901Z cl : Command line warning D9030 : '/showIncludes' is incompatible with multiprocessing; ignoring /MP switch
2026-07-26T16:36:33.4379021Z [48/129] "C:/Program Files/Microsoft Visual Studio/18/Enterprise/VC/Tools/MSVC/14.51.36231/bin/Hostx64/x64/cl.exe" "-DWIN32" "-D_WINDOWS" "-utf-8" "-GR" "-EHsc" "-MP" "-MDd" "-Z7" "-Ob0" "-Od" "-RTC1" "-Isrc\harfbuzz.dll.p" "-Isrc" "-I..\src\14.2.1-f76ca539fc.clean\src" "-I." "-I..\src\14.2.1-f76ca539fc.clean" "-IC:/Program\\" "-IC:/Program Files/Microsoft Visual Studio/18/Enterprise/VC/vcpkg/installed/x64-windows/include" "/MDd" "/nologo" "/showIncludes" "/utf-8" "/Zc:__cplusplus" "/W2" "/EHs-c-" "/std:c++14" "/permissive-" "/Zi" "/wd4244" "/bigobj" "/utf-8" "-DHAVE_CONFIG_H" "-nologo" "-DWIN32" "-D_WINDOWS" "-utf-8" "-GR" "-EHsc" "-MP" "-MDd" "-Z7" "-Ob0" "-Od" "-RTC1" "Files/Microsoft\\" "Visual\\" "Studio/18/Enterprise/VC/vcpkg/installed/x64-windows/debug/../include" "Files/Microsoft\\" "Visual\\" "Studio/18/Enterprise/VC/vcpkg/installed/x64-windows/debug/../include/libpng16" "-DHB_DLL_EXPORT" "/Fdsrc\harfbuzz.dll.p\hb-shaper.cc.pdb" /Fosrc/harfbuzz.dll.p/hb-shaper.cc.obj "/c" ../src/14.2.1-f76ca539fc.clean/src/hb-shaper.cc
2026-07-26T16:36:33.4379280Z cl : Command line warning D9025 : overriding '/EHs' with '/EHs-'
2026-07-26T16:36:33.4379415Z cl : Command line warning D9025 : overriding '/EHc' with '/EHc-'
2026-07-26T16:36:33.4379546Z cl : Command line warning D9025 : overriding '/Z7' with '/Zi'
2026-07-26T16:36:33.4379750Z cl : Command line warning D9025 : overriding '/EHs-' with '/EHs'
2026-07-26T16:36:33.4379887Z cl : Command line warning D9025 : overriding '/EHc-' with '/EHc'
2026-07-26T16:36:33.4380016Z cl : Command line warning D9025 : overriding '/Zi' with '/Z7'
2026-07-26T16:36:33.4380276Z cl : Command line warning D9024 : unrecognized source file type 'Files/Microsoft\', object file assumed
2026-07-26T16:36:33.4380437Z cl : Command line warning D9027 : source file 'Files/Microsoft\' ignored
2026-07-26T16:36:33.4380665Z cl : Command line warning D9024 : unrecognized source file type 'Visual\', object file assumed
2026-07-26T16:36:33.4380803Z cl : Command line warning D9027 : source file 'Visual\' ignored
2026-07-26T16:36:33.4381255Z cl : Command line warning D9024 : unrecognized source file type 'Studio/18/Enterprise/VC/vcpkg/installed/x64-windows/debug/../include', object file assumed
2026-07-26T16:36:33.4381590Z cl : Command line warning D9027 : source file 'Studio/18/Enterprise/VC/vcpkg/installed/x64-windows/debug/../include' ignored
2026-07-26T16:36:33.4381853Z cl : Command line warning D9024 : unrecognized source file type 'Files/Microsoft\', object file assumed
2026-07-26T16:36:33.4382007Z cl : Command line warning D9027 : source file 'Files/Microsoft\' ignored
2026-07-26T16:36:33.4382239Z cl : Command line warning D9024 : unrecognized source file type 'Visual\', object file assumed
2026-07-26T16:36:33.4382372Z cl : Command line warning D9027 : source file 'Visual\' ignored
2026-07-26T16:36:33.4382847Z cl : Command line warning D9024 : unrecognized source file type 'Studio/18/Enterprise/VC/vcpkg/installed/x64-windows/debug/../include/libpng16', object file assumed
2026-07-26T16:36:33.4383220Z cl : Command line warning D9027 : source file 'Studio/18/Enterprise/VC/vcpkg/installed/x64-windows/debug/../include/libpng16' ignored
2026-07-26T16:36:33.4383504Z cl : Command line warning D9030 : '/showIncludes' is incompatible with multiprocessing; ignoring /MP switch
2026-07-26T16:36:33.4386620Z [49/129] "C:/Program Files/Microsoft Visual Studio/18/Enterprise/VC/Tools/MSVC/14.51.36231/bin/Hostx64/x64/cl.exe" "-DWIN32" "-D_WINDOWS" "-utf-8" "-GR" "-EHsc" "-MP" "-MDd" "-Z7" "-Ob0" "-Od" "-RTC1" "-Isrc\harfbuzz.dll.p" "-Isrc" "-I..\src\14.2.1-f76ca539fc.clean\src" "-I." "-I..\src\14.2.1-f76ca539fc.clean" "-IC:/Program\\" "-IC:/Program Files/Microsoft Visual Studio/18/Enterprise/VC/vcpkg/installed/x64-windows/include" "/MDd" "/nologo" "/showIncludes" "/utf-8" "/Zc:__cplusplus" "/W2" "/EHs-c-" "/std:c++14" "/permissive-" "/Zi" "/wd4244" "/bigobj" "/utf-8" "-DHAVE_CONFIG_H" "-nologo" "-DWIN32" "-D_WINDOWS" "-utf-8" "-GR" "-EHsc" "-MP" "-MDd" "-Z7" "-Ob0" "-Od" "-RTC1" "Files/Microsoft\\" "Visual\\" "Studio/18/Enterprise/VC/vcpkg/installed/x64-windows/debug/../include" "Files/Microsoft\\" "Visual\\" "Studio/18/Enterprise/VC/vcpkg/installed/x64-windows/debug/../include/libpng16" "-DHB_DLL_EXPORT" "/Fdsrc\harfbuzz.dll.p\hb-ot-shape.cc.pdb" /Fosrc/harfbuzz.dll.p/hb-ot-shape.cc.obj "/c" ../src/14.2.1-f76ca539fc.clean/src/hb-ot-shape.cc
2026-07-26T16:36:33.4386764Z cl : Command line warning D9025 : overriding '/EHs' with '/EHs-'
2026-07-26T16:36:33.4386903Z cl : Command line warning D9025 : overriding '/EHc' with '/EHc-'
2026-07-26T16:36:33.4387027Z cl : Command line warning D9025 : overriding '/Z7' with '/Zi'
2026-07-26T16:36:33.4387167Z cl : Command line warning D9025 : overriding '/EHs-' with '/EHs'
2026-07-26T16:36:33.4387303Z cl : Command line warning D9025 : overriding '/EHc-' with '/EHc'
2026-07-26T16:36:33.4387425Z cl : Command line warning D9025 : overriding '/Zi' with '/Z7'
2026-07-26T16:36:33.4387776Z cl : Command line warning D9024 : unrecognized source file type 'Files/Microsoft\', object file assumed
2026-07-26T16:36:33.4387930Z cl : Command line warning D9027 : source file 'Files/Microsoft\' ignored
2026-07-26T16:36:33.4388159Z cl : Command line warning D9024 : unrecognized source file type 'Visual\', object file assumed
2026-07-26T16:36:33.4388371Z cl : Command line warning D9027 : source file 'Visual\' ignored
2026-07-26T16:36:33.4388824Z cl : Command line warning D9024 : unrecognized source file type 'Studio/18/Enterprise/VC/vcpkg/installed/x64-windows/debug/../include', object file assumed
2026-07-26T16:36:33.4389162Z cl : Command line warning D9027 : source file 'Studio/18/Enterprise/VC/vcpkg/installed/x64-windows/debug/../include' ignored
2026-07-26T16:36:33.4389424Z cl : Command line warning D9024 : unrecognized source file type 'Files/Microsoft\', object file assumed
2026-07-26T16:36:33.4389615Z cl : Command line warning D9027 : source file 'Files/Microsoft\' ignored
2026-07-26T16:36:33.4389849Z cl : Command line warning D9024 : unrecognized source file type 'Visual\', object file assumed
2026-07-26T16:36:33.4389978Z cl : Command line warning D9027 : source file 'Visual\' ignored
2026-07-26T16:36:33.4390463Z cl : Command line warning D9024 : unrecognized source file type 'Studio/18/Enterprise/VC/vcpkg/installed/x64-windows/debug/../include/libpng16', object file assumed
2026-07-26T16:36:33.4390836Z cl : Command line warning D9027 : source file 'Studio/18/Enterprise/VC/vcpkg/installed/x64-windows/debug/../include/libpng16' ignored
2026-07-26T16:36:33.4391112Z cl : Command line warning D9030 : '/showIncludes' is incompatible with multiprocessing; ignoring /MP switch
2026-07-26T16:36:33.4394379Z [50/129] "C:/Program Files/Microsoft Visual Studio/18/Enterprise/VC/Tools/MSVC/14.51.36231/bin/Hostx64/x64/cl.exe" "-DWIN32" "-D_WINDOWS" "-utf-8" "-GR" "-EHsc" "-MP" "-MDd" "-Z7" "-Ob0" "-Od" "-RTC1" "-Isrc\harfbuzz.dll.p" "-Isrc" "-I..\src\14.2.1-f76ca539fc.clean\src" "-I." "-I..\src\14.2.1-f76ca539fc.clean" "-IC:/Program\\" "-IC:/Program Files/Microsoft Visual Studio/18/Enterprise/VC/vcpkg/installed/x64-windows/include" "/MDd" "/nologo" "/showIncludes" "/utf-8" "/Zc:__cplusplus" "/W2" "/EHs-c-" "/std:c++14" "/permissive-" "/Zi" "/wd4244" "/bigobj" "/utf-8" "-DHAVE_CONFIG_H" "-nologo" "-DWIN32" "-D_WINDOWS" "-utf-8" "-GR" "-EHsc" "-MP" "-MDd" "-Z7" "-Ob0" "-Od" "-RTC1" "Files/Microsoft\\" "Visual\\" "Studio/18/Enterprise/VC/vcpkg/installed/x64-windows/debug/../include" "Files/Microsoft\\" "Visual\\" "Studio/18/Enterprise/VC/vcpkg/installed/x64-windows/debug/../include/libpng16" "-DHB_DLL_EXPORT" "/Fdsrc\harfbuzz.dll.p\hb-ot-var.cc.pdb" /Fosrc/harfbuzz.dll.p/hb-ot-var.cc.obj "/c" ../src/14.2.1-f76ca539fc.clean/src/hb-ot-var.cc
2026-07-26T16:36:33.4394534Z cl : Command line warning D9025 : overriding '/EHs' with '/EHs-'
2026-07-26T16:36:33.4394673Z cl : Command line warning D9025 : overriding '/EHc' with '/EHc-'
2026-07-26T16:36:33.4394821Z cl : Command line warning D9025 : overriding '/Z7' with '/Zi'
2026-07-26T16:36:33.4395081Z cl : Command line warning D9025 : overriding '/EHs-' with '/EHs'
2026-07-26T16:36:33.4395241Z cl : Command line warning D9025 : overriding '/EHc-' with '/EHc'
2026-07-26T16:36:33.4395376Z cl : Command line warning D9025 : overriding '/Zi' with '/Z7'
2026-07-26T16:36:33.4395643Z cl : Command line warning D9024 : unrecognized source file type 'Files/Microsoft\', object file assumed
2026-07-26T16:36:33.4395804Z cl : Command line warning D9027 : source file 'Files/Microsoft\' ignored
2026-07-26T16:36:33.4396041Z cl : Command line warning D9024 : unrecognized source file type 'Visual\', object file assumed
2026-07-26T16:36:33.4396171Z cl : Command line warning D9027 : source file 'Visual\' ignored
2026-07-26T16:36:33.4396625Z cl : Command line warning D9024 : unrecognized source file type 'Studio/18/Enterprise/VC/vcpkg/installed/x64-windows/debug/../include', object file assumed
2026-07-26T16:36:33.4396968Z cl : Command line warning D9027 : source file 'Studio/18/Enterprise/VC/vcpkg/installed/x64-windows/debug/../include' ignored
2026-07-26T16:36:33.4397335Z cl : Command line warning D9024 : unrecognized source file type 'Files/Microsoft\', object file assumed
2026-07-26T16:36:33.4397500Z cl : Command line warning D9027 : source file 'Files/Microsoft\' ignored
2026-07-26T16:36:33.4397803Z cl : Command line warning D9024 : unrecognized source file type 'Visual\', object file assumed
2026-07-26T16:36:33.4397995Z cl : Command line warning D9027 : source file 'Visual\' ignored
2026-07-26T16:36:33.4398476Z cl : Command line warning D9024 : unrecognized source file type 'Studio/18/Enterprise/VC/vcpkg/installed/x64-windows/debug/../include/libpng16', object file assumed
2026-07-26T16:36:33.4398839Z cl : Command line warning D9027 : source file 'Studio/18/Enterprise/VC/vcpkg/installed/x64-windows/debug/../include/libpng16' ignored
2026-07-26T16:36:33.4399119Z cl : Command line warning D9030 : '/showIncludes' is incompatible with multiprocessing; ignoring /MP switch
2026-07-26T16:36:33.4402184Z [51/129] "C:/Program Files/Microsoft Visual Studio/18/Enterprise/VC/Tools/MSVC/14.51.36231/bin/Hostx64/x64/cl.exe" "-DWIN32" "-D_WINDOWS" "-utf-8" "-GR" "-EHsc" "-MP" "-MDd" "-Z7" "-Ob0" "-Od" "-RTC1" "-Isrc\harfbuzz.dll.p" "-Isrc" "-I..\src\14.2.1-f76ca539fc.clean\src" "-I." "-I..\src\14.2.1-f76ca539fc.clean" "-IC:/Program\\" "-IC:/Program Files/Microsoft Visual Studio/18/Enterprise/VC/vcpkg/installed/x64-windows/include" "/MDd" "/nologo" "/showIncludes" "/utf-8" "/Zc:__cplusplus" "/W2" "/EHs-c-" "/std:c++14" "/permissive-" "/Zi" "/wd4244" "/bigobj" "/utf-8" "-DHAVE_CONFIG_H" "-nologo" "-DWIN32" "-D_WINDOWS" "-utf-8" "-GR" "-EHsc" "-MP" "-MDd" "-Z7" "-Ob0" "-Od" "-RTC1" "Files/Microsoft\\" "Visual\\" "Studio/18/Enterprise/VC/vcpkg/installed/x64-windows/debug/../include" "Files/Microsoft\\" "Visual\\" "Studio/18/Enterprise/VC/vcpkg/installed/x64-windows/debug/../include/libpng16" "-DHB_DLL_EXPORT" "/Fdsrc\harfbuzz.dll.p\hb-ucd.cc.pdb" /Fosrc/harfbuzz.dll.p/hb-ucd.cc.obj "/c" ../src/14.2.1-f76ca539fc.clean/src/hb-ucd.cc
2026-07-26T16:36:33.4402329Z cl : Command line warning D9025 : overriding '/EHs' with '/EHs-'
2026-07-26T16:36:33.4402463Z cl : Command line warning D9025 : overriding '/EHc' with '/EHc-'
2026-07-26T16:36:33.4402592Z cl : Command line warning D9025 : overriding '/Z7' with '/Zi'
2026-07-26T16:36:33.4402722Z cl : Command line warning D9025 : overriding '/EHs-' with '/EHs'
2026-07-26T16:36:33.4402859Z cl : Command line warning D9025 : overriding '/EHc-' with '/EHc'
2026-07-26T16:36:33.4402993Z cl : Command line warning D9025 : overriding '/Zi' with '/Z7'
2026-07-26T16:36:33.4403252Z cl : Command line warning D9024 : unrecognized source file type 'Files/Microsoft\', object file assumed
2026-07-26T16:36:33.4403414Z cl : Command line warning D9027 : source file 'Files/Microsoft\' ignored
2026-07-26T16:36:33.4403639Z cl : Command line warning D9024 : unrecognized source file type 'Visual\', object file assumed
2026-07-26T16:36:33.4403775Z cl : Command line warning D9027 : source file 'Visual\' ignored
2026-07-26T16:36:33.4404228Z cl : Command line warning D9024 : unrecognized source file type 'Studio/18/Enterprise/VC/vcpkg/installed/x64-windows/debug/../include', object file assumed
2026-07-26T16:36:33.4404561Z cl : Command line warning D9027 : source file 'Studio/18/Enterprise/VC/vcpkg/installed/x64-windows/debug/../include' ignored
2026-07-26T16:36:33.4404826Z cl : Command line warning D9024 : unrecognized source file type 'Files/Microsoft\', object file assumed
2026-07-26T16:36:33.4404984Z cl : Command line warning D9027 : source file 'Files/Microsoft\' ignored
2026-07-26T16:36:33.4405208Z cl : Command line warning D9024 : unrecognized source file type 'Visual\', object file assumed
2026-07-26T16:36:33.4405344Z cl : Command line warning D9027 : source file 'Visual\' ignored
2026-07-26T16:36:33.4405818Z cl : Command line warning D9024 : unrecognized source file type 'Studio/18/Enterprise/VC/vcpkg/installed/x64-windows/debug/../include/libpng16', object file assumed
2026-07-26T16:36:33.4406277Z cl : Command line warning D9027 : source file 'Studio/18/Enterprise/VC/vcpkg/installed/x64-windows/debug/../include/libpng16' ignored
2026-07-26T16:36:33.4406555Z cl : Command line warning D9030 : '/showIncludes' is incompatible with multiprocessing; ignoring /MP switch
2026-07-26T16:36:33.4409752Z [52/129] "C:/Program Files/Microsoft Visual Studio/18/Enterprise/VC/Tools/MSVC/14.51.36231/bin/Hostx64/x64/cl.exe" "-DWIN32" "-D_WINDOWS" "-utf-8" "-GR" "-EHsc" "-MP" "-MDd" "-Z7" "-Ob0" "-Od" "-RTC1" "-Isrc\harfbuzz.dll.p" "-Isrc" "-I..\src\14.2.1-f76ca539fc.clean\src" "-I." "-I..\src\14.2.1-f76ca539fc.clean" "-IC:/Program\\" "-IC:/Program Files/Microsoft Visual Studio/18/Enterprise/VC/vcpkg/installed/x64-windows/include" "/MDd" "/nologo" "/showIncludes" "/utf-8" "/Zc:__cplusplus" "/W2" "/EHs-c-" "/std:c++14" "/permissive-" "/Zi" "/wd4244" "/bigobj" "/utf-8" "-DHAVE_CONFIG_H" "-nologo" "-DWIN32" "-D_WINDOWS" "-utf-8" "-GR" "-EHsc" "-MP" "-MDd" "-Z7" "-Ob0" "-Od" "-RTC1" "Files/Microsoft\\" "Visual\\" "Studio/18/Enterprise/VC/vcpkg/installed/x64-windows/debug/../include" "Files/Microsoft\\" "Visual\\" "Studio/18/Enterprise/VC/vcpkg/installed/x64-windows/debug/../include/libpng16" "-DHB_DLL_EXPORT" "/Fdsrc\harfbuzz.dll.p\hb-unicode.cc.pdb" /Fosrc/harfbuzz.dll.p/hb-unicode.cc.obj "/c" ../src/14.2.1-f76ca539fc.clean/src/hb-unicode.cc
2026-07-26T16:36:33.4409896Z cl : Command line warning D9025 : overriding '/EHs' with '/EHs-'
2026-07-26T16:36:33.4410035Z cl : Command line warning D9025 : overriding '/EHc' with '/EHc-'
2026-07-26T16:36:33.4410163Z cl : Command line warning D9025 : overriding '/Z7' with '/Zi'
2026-07-26T16:36:33.4410291Z cl : Command line warning D9025 : overriding '/EHs-' with '/EHs'
2026-07-26T16:36:33.4410427Z cl : Command line warning D9025 : overriding '/EHc-' with '/EHc'
2026-07-26T16:36:33.4410548Z cl : Command line warning D9025 : overriding '/Zi' with '/Z7'
2026-07-26T16:36:33.4410809Z cl : Command line warning D9024 : unrecognized source file type 'Files/Microsoft\', object file assumed
2026-07-26T16:36:33.4410974Z cl : Command line warning D9027 : source file 'Files/Microsoft\' ignored
2026-07-26T16:36:33.4411201Z cl : Command line warning D9024 : unrecognized source file type 'Visual\', object file assumed
2026-07-26T16:36:33.4411336Z cl : Command line warning D9027 : source file 'Visual\' ignored
2026-07-26T16:36:33.4411781Z cl : Command line warning D9024 : unrecognized source file type 'Studio/18/Enterprise/VC/vcpkg/installed/x64-windows/debug/../include', object file assumed
2026-07-26T16:36:33.4412123Z cl : Command line warning D9027 : source file 'Studio/18/Enterprise/VC/vcpkg/installed/x64-windows/debug/../include' ignored
2026-07-26T16:36:33.4412386Z cl : Command line warning D9024 : unrecognized source file type 'Files/Microsoft\', object file assumed
2026-07-26T16:36:33.4412540Z cl : Command line warning D9027 : source file 'Files/Microsoft\' ignored
2026-07-26T16:36:33.4412771Z cl : Command line warning D9024 : unrecognized source file type 'Visual\', object file assumed
2026-07-26T16:36:33.4412911Z cl : Command line warning D9027 : source file 'Visual\' ignored
2026-07-26T16:36:33.4413385Z cl : Command line warning D9024 : unrecognized source file type 'Studio/18/Enterprise/VC/vcpkg/installed/x64-windows/debug/../include/libpng16', object file assumed
2026-07-26T16:36:33.4413755Z cl : Command line warning D9027 : source file 'Studio/18/Enterprise/VC/vcpkg/installed/x64-windows/debug/../include/libpng16' ignored
2026-07-26T16:36:33.4414027Z cl : Command line warning D9030 : '/showIncludes' is incompatible with multiprocessing; ignoring /MP switch
2026-07-26T16:36:33.4417710Z [53/129] "C:/Program Files/Microsoft Visual Studio/18/Enterprise/VC/Tools/MSVC/14.51.36231/bin/Hostx64/x64/cl.exe" "-DWIN32" "-D_WINDOWS" "-utf-8" "-GR" "-EHsc" "-MP" "-MDd" "-Z7" "-Ob0" "-Od" "-RTC1" "-Isrc\harfbuzz.dll.p" "-Isrc" "-I..\src\14.2.1-f76ca539fc.clean\src" "-I." "-I..\src\14.2.1-f76ca539fc.clean" "-IC:/Program\\" "-IC:/Program Files/Microsoft Visual Studio/18/Enterprise/VC/vcpkg/installed/x64-windows/include" "/MDd" "/nologo" "/showIncludes" "/utf-8" "/Zc:__cplusplus" "/W2" "/EHs-c-" "/std:c++14" "/permissive-" "/Zi" "/wd4244" "/bigobj" "/utf-8" "-DHAVE_CONFIG_H" "-nologo" "-DWIN32" "-D_WINDOWS" "-utf-8" "-GR" "-EHsc" "-MP" "-MDd" "-Z7" "-Ob0" "-Od" "-RTC1" "Files/Microsoft\\" "Visual\\" "Studio/18/Enterprise/VC/vcpkg/installed/x64-windows/debug/../include" "Files/Microsoft\\" "Visual\\" "Studio/18/Enterprise/VC/vcpkg/installed/x64-windows/debug/../include/libpng16" "-DHB_DLL_EXPORT" "/Fdsrc\harfbuzz.dll.p\hb-ot-shape-fallback.cc.pdb" /Fosrc/harfbuzz.dll.p/hb-ot-shape-fallback.cc.obj "/c" ../src/14.2.1-f76ca539fc.clean/src/hb-ot-shape-fallback.cc
2026-07-26T16:36:33.4417944Z cl : Command line warning D9025 : overriding '/EHs' with '/EHs-'
2026-07-26T16:36:33.4418083Z cl : Command line warning D9025 : overriding '/EHc' with '/EHc-'
2026-07-26T16:36:33.4418209Z cl : Command line warning D9025 : overriding '/Z7' with '/Zi'
2026-07-26T16:36:33.4418349Z cl : Command line warning D9025 : overriding '/EHs-' with '/EHs'
2026-07-26T16:36:33.4418485Z cl : Command line warning D9025 : overriding '/EHc-' with '/EHc'
2026-07-26T16:36:33.4418611Z cl : Command line warning D9025 : overriding '/Zi' with '/Z7'
2026-07-26T16:36:33.4418876Z cl : Command line warning D9024 : unrecognized source file type 'Files/Microsoft\', object file assumed
2026-07-26T16:36:33.4419030Z cl : Command line warning D9027 : source file 'Files/Microsoft\' ignored
2026-07-26T16:36:33.4419259Z cl : Command line warning D9024 : unrecognized source file type 'Visual\', object file assumed
2026-07-26T16:36:33.4419397Z cl : Command line warning D9027 : source file 'Visual\' ignored
2026-07-26T16:36:33.4419841Z cl : Command line warning D9024 : unrecognized source file type 'Studio/18/Enterprise/VC/vcpkg/installed/x64-windows/debug/../include', object file assumed
2026-07-26T16:36:33.4420178Z cl : Command line warning D9027 : source file 'Studio/18/Enterprise/VC/vcpkg/installed/x64-windows/debug/../include' ignored
2026-07-26T16:36:33.4420435Z cl : Command line warning D9024 : unrecognized source file type 'Files/Microsoft\', object file assumed
2026-07-26T16:36:33.4420597Z cl : Command line warning D9027 : source file 'Files/Microsoft\' ignored
2026-07-26T16:36:33.4420830Z cl : Command line warning D9024 : unrecognized source file type 'Visual\', object file assumed
2026-07-26T16:36:33.4420961Z cl : Command line warning D9027 : source file 'Visual\' ignored
2026-07-26T16:36:33.4421444Z cl : Command line warning D9024 : unrecognized source file type 'Studio/18/Enterprise/VC/vcpkg/installed/x64-windows/debug/../include/libpng16', object file assumed
2026-07-26T16:36:33.4421814Z cl : Command line warning D9027 : source file 'Studio/18/Enterprise/VC/vcpkg/installed/x64-windows/debug/../include/libpng16' ignored
2026-07-26T16:36:33.4422086Z cl : Command line warning D9030 : '/showIncludes' is incompatible with multiprocessing; ignoring /MP switch
2026-07-26T16:36:33.4424464Z [54/129] "C:/Program Files/Microsoft Visual Studio/18/Enterprise/VC/Tools/MSVC/14.51.36231/bin/Hostx64/x64/cl.exe" "-DWIN32" "-D_WINDOWS" "-utf-8" "-GR" "-EHsc" "-MP" "-MDd" "-Z7" "-Ob0" "-Od" "-RTC1" "-Isrc\harfbuzz-gpu.dll.p" "-Isrc" "-I..\src\14.2.1-f76ca539fc.clean\src" "-I." "-I..\src\14.2.1-f76ca539fc.clean" "-IC:/Program Files/Microsoft Visual Studio/18/Enterprise/VC/vcpkg/installed/x64-windows/include" "/MDd" "/nologo" "/showIncludes" "/utf-8" "/Zc:__cplusplus" "/W2" "/EHs-c-" "/std:c++14" "/permissive-" "/Zi" "/wd4244" "/bigobj" "/utf-8" "-DHAVE_CONFIG_H" "-nologo" "-DWIN32" "-D_WINDOWS" "-utf-8" "-GR" "-EHsc" "-MP" "-MDd" "-Z7" "-Ob0" "-Od" "-RTC1" "-DHB_DLL_EXPORT" "/Fdsrc\harfbuzz-gpu.dll.p\hb-gpu.cc.pdb" /Fosrc/harfbuzz-gpu.dll.p/hb-gpu.cc.obj "/c" ../src/14.2.1-f76ca539fc.clean/src/hb-gpu.cc
2026-07-26T16:36:33.4424609Z cl : Command line warning D9025 : overriding '/EHs' with '/EHs-'
2026-07-26T16:36:33.4424743Z cl : Command line warning D9025 : overriding '/EHc' with '/EHc-'
2026-07-26T16:36:33.4424962Z cl : Command line warning D9025 : overriding '/Z7' with '/Zi'
2026-07-26T16:36:33.4425103Z cl : Command line warning D9025 : overriding '/EHs-' with '/EHs'
2026-07-26T16:36:33.4425235Z cl : Command line warning D9025 : overriding '/EHc-' with '/EHc'
2026-07-26T16:36:33.4425364Z cl : Command line warning D9025 : overriding '/Zi' with '/Z7'
2026-07-26T16:36:33.4427857Z [55/129] "C:/Program Files/Microsoft Visual Studio/18/Enterprise/VC/Tools/MSVC/14.51.36231/bin/Hostx64/x64/cl.exe" "-DWIN32" "-D_WINDOWS" "-utf-8" "-GR" "-EHsc" "-MP" "-MDd" "-Z7" "-Ob0" "-Od" "-RTC1" "-Isrc\harfbuzz-gpu.dll.p" "-Isrc" "-I..\src\14.2.1-f76ca539fc.clean\src" "-I." "-I..\src\14.2.1-f76ca539fc.clean" "-IC:/Program Files/Microsoft Visual Studio/18/Enterprise/VC/vcpkg/installed/x64-windows/include" "/MDd" "/nologo" "/showIncludes" "/utf-8" "/Zc:__cplusplus" "/W2" "/EHs-c-" "/std:c++14" "/permissive-" "/Zi" "/wd4244" "/bigobj" "/utf-8" "-DHAVE_CONFIG_H" "-nologo" "-DWIN32" "-D_WINDOWS" "-utf-8" "-GR" "-EHsc" "-MP" "-MDd" "-Z7" "-Ob0" "-Od" "-RTC1" "-DHB_DLL_EXPORT" "/Fdsrc\harfbuzz-gpu.dll.p\hb-gpu-draw.cc.pdb" /Fosrc/harfbuzz-gpu.dll.p/hb-gpu-draw.cc.obj "/c" ../src/14.2.1-f76ca539fc.clean/src/hb-gpu-draw.cc
2026-07-26T16:36:33.4427998Z cl : Command line warning D9025 : overriding '/EHs' with '/EHs-'
2026-07-26T16:36:33.4428141Z cl : Command line warning D9025 : overriding '/EHc' with '/EHc-'
2026-07-26T16:36:33.4428266Z cl : Command line warning D9025 : overriding '/Z7' with '/Zi'
2026-07-26T16:36:33.4428402Z cl : Command line warning D9025 : overriding '/EHs-' with '/EHs'
2026-07-26T16:36:33.4428538Z cl : Command line warning D9025 : overriding '/EHc-' with '/EHc'
2026-07-26T16:36:33.4428659Z cl : Command line warning D9025 : overriding '/Zi' with '/Z7'
2026-07-26T16:36:33.4431792Z [56/129] "C:/Program Files/Microsoft Visual Studio/18/Enterprise/VC/Tools/MSVC/14.51.36231/bin/Hostx64/x64/cl.exe" "-DWIN32" "-D_WINDOWS" "-utf-8" "-GR" "-EHsc" "-MP" "-MDd" "-Z7" "-Ob0" "-Od" "-RTC1" "-Isrc\harfbuzz.dll.p" "-Isrc" "-I..\src\14.2.1-f76ca539fc.clean\src" "-I." "-I..\src\14.2.1-f76ca539fc.clean" "-IC:/Program\\" "-IC:/Program Files/Microsoft Visual Studio/18/Enterprise/VC/vcpkg/installed/x64-windows/include" "/MDd" "/nologo" "/showIncludes" "/utf-8" "/Zc:__cplusplus" "/W2" "/EHs-c-" "/std:c++14" "/permissive-" "/Zi" "/wd4244" "/bigobj" "/utf-8" "-DHAVE_CONFIG_H" "-nologo" "-DWIN32" "-D_WINDOWS" "-utf-8" "-GR" "-EHsc" "-MP" "-MDd" "-Z7" "-Ob0" "-Od" "-RTC1" "Files/Microsoft\\" "Visual\\" "Studio/18/Enterprise/VC/vcpkg/installed/x64-windows/debug/../include" "Files/Microsoft\\" "Visual\\" "Studio/18/Enterprise/VC/vcpkg/installed/x64-windows/debug/../include/libpng16" "-DHB_DLL_EXPORT" "/Fdsrc\harfbuzz.dll.p\hb-style.cc.pdb" /Fosrc/harfbuzz.dll.p/hb-style.cc.obj "/c" ../src/14.2.1-f76ca539fc.clean/src/hb-style.cc
2026-07-26T16:36:33.4431939Z cl : Command line warning D9025 : overriding '/EHs' with '/EHs-'
2026-07-26T16:36:33.4432074Z cl : Command line warning D9025 : overriding '/EHc' with '/EHc-'
2026-07-26T16:36:33.4432200Z cl : Command line warning D9025 : overriding '/Z7' with '/Zi'
2026-07-26T16:36:33.4432334Z cl : Command line warning D9025 : overriding '/EHs-' with '/EHs'
2026-07-26T16:36:33.4432462Z cl : Command line warning D9025 : overriding '/EHc-' with '/EHc'
2026-07-26T16:36:33.4433012Z cl : Command line warning D9025 : overriding '/Zi' with '/Z7'
2026-07-26T16:36:33.4433300Z cl : Command line warning D9024 : unrecognized source file type 'Files/Microsoft\', object file assumed
2026-07-26T16:36:33.4433461Z cl : Command line warning D9027 : source file 'Files/Microsoft\' ignored
2026-07-26T16:36:33.4433697Z cl : Command line warning D9024 : unrecognized source file type 'Visual\', object file assumed
2026-07-26T16:36:33.4433829Z cl : Command line warning D9027 : source file 'Visual\' ignored
2026-07-26T16:36:33.4434287Z cl : Command line warning D9024 : unrecognized source file type 'Studio/18/Enterprise/VC/vcpkg/installed/x64-windows/debug/../include', object file assumed
2026-07-26T16:36:33.4434993Z cl : Command line warning D9027 : source file 'Studio/18/Enterprise/VC/vcpkg/installed/x64-windows/debug/../include' ignored
2026-07-26T16:36:33.4435450Z cl : Command line warning D9024 : unrecognized source file type 'Files/Microsoft\', object file assumed
2026-07-26T16:36:33.4435628Z cl : Command line warning D9027 : source file 'Files/Microsoft\' ignored
2026-07-26T16:36:33.4436255Z cl : Command line warning D9024 : unrecognized source file type 'Visual\', object file assumed
2026-07-26T16:36:33.4436432Z cl : Command line warning D9027 : source file 'Visual\' ignored
2026-07-26T16:36:33.4436925Z cl : Command line warning D9024 : unrecognized source file type 'Studio/18/Enterprise/VC/vcpkg/installed/x64-windows/debug/../include/libpng16', object file assumed
2026-07-26T16:36:33.4437295Z cl : Command line warning D9027 : source file 'Studio/18/Enterprise/VC/vcpkg/installed/x64-windows/debug/../include/libpng16' ignored
2026-07-26T16:36:33.4437585Z cl : Command line warning D9030 : '/showIncludes' is incompatible with multiprocessing; ignoring /MP switch
2026-07-26T16:36:33.4440054Z [57/129] "C:/Program Files/Microsoft Visual Studio/18/Enterprise/VC/Tools/MSVC/14.51.36231/bin/Hostx64/x64/cl.exe" "-DWIN32" "-D_WINDOWS" "-utf-8" "-GR" "-EHsc" "-MP" "-MDd" "-Z7" "-Ob0" "-Od" "-RTC1" "-Isrc\harfbuzz-gpu.dll.p" "-Isrc" "-I..\src\14.2.1-f76ca539fc.clean\src" "-I." "-I..\src\14.2.1-f76ca539fc.clean" "-IC:/Program Files/Microsoft Visual Studio/18/Enterprise/VC/vcpkg/installed/x64-windows/include" "/MDd" "/nologo" "/showIncludes" "/utf-8" "/Zc:__cplusplus" "/W2" "/EHs-c-" "/std:c++14" "/permissive-" "/Zi" "/wd4244" "/bigobj" "/utf-8" "-DHAVE_CONFIG_H" "-nologo" "-DWIN32" "-D_WINDOWS" "-utf-8" "-GR" "-EHsc" "-MP" "-MDd" "-Z7" "-Ob0" "-Od" "-RTC1" "-DHB_DLL_EXPORT" "/Fdsrc\harfbuzz-gpu.dll.p\hb-gpu-paint.cc.pdb" /Fosrc/harfbuzz-gpu.dll.p/hb-gpu-paint.cc.obj "/c" ../src/14.2.1-f76ca539fc.clean/src/hb-gpu-paint.cc
2026-07-26T16:36:33.4440202Z cl : Command line warning D9025 : overriding '/EHs' with '/EHs-'
2026-07-26T16:36:33.4440340Z cl : Command line warning D9025 : overriding '/EHc' with '/EHc-'
2026-07-26T16:36:33.4440478Z cl : Command line warning D9025 : overriding '/Z7' with '/Zi'
2026-07-26T16:36:33.4440609Z cl : Command line warning D9025 : overriding '/EHs-' with '/EHs'
2026-07-26T16:36:33.4440748Z cl : Command line warning D9025 : overriding '/EHc-' with '/EHc'
2026-07-26T16:36:33.4440880Z cl : Command line warning D9025 : overriding '/Zi' with '/Z7'
2026-07-26T16:36:33.4443332Z [58/129] "C:/Program Files/Microsoft Visual Studio/18/Enterprise/VC/Tools/MSVC/14.51.36231/bin/Hostx64/x64/cl.exe" "-DWIN32" "-D_WINDOWS" "-utf-8" "-GR" "-EHsc" "-MP" "-MDd" "-Z7" "-Ob0" "-Od" "-RTC1" "-Isrc\harfbuzz-subset.dll.p" "-Isrc" "-I..\src\14.2.1-f76ca539fc.clean\src" "-I." "-I..\src\14.2.1-f76ca539fc.clean" "-IC:/Program Files/Microsoft Visual Studio/18/Enterprise/VC/vcpkg/installed/x64-windows/include" "/MDd" "/nologo" "/showIncludes" "/utf-8" "/Zc:__cplusplus" "/W2" "/EHs-c-" "/std:c++14" "/permissive-" "/Zi" "/wd4244" "/bigobj" "/utf-8" "-DHAVE_CONFIG_H" "-nologo" "-DWIN32" "-D_WINDOWS" "-utf-8" "-GR" "-EHsc" "-MP" "-MDd" "-Z7" "-Ob0" "-Od" "-RTC1" "-DHB_DLL_EXPORT" "/Fdsrc\harfbuzz-subset.dll.p\hb-number.cc.pdb" /Fosrc/harfbuzz-subset.dll.p/hb-number.cc.obj "/c" ../src/14.2.1-f76ca539fc.clean/src/hb-number.cc
2026-07-26T16:36:33.4443477Z cl : Command line warning D9025 : overriding '/EHs' with '/EHs-'
2026-07-26T16:36:33.4443617Z cl : Command line warning D9025 : overriding '/EHc' with '/EHc-'
2026-07-26T16:36:33.4443740Z cl : Command line warning D9025 : overriding '/Z7' with '/Zi'
2026-07-26T16:36:33.4443874Z cl : Command line warning D9025 : overriding '/EHs-' with '/EHs'
2026-07-26T16:36:33.4444008Z cl : Command line warning D9025 : overriding '/EHc-' with '/EHc'
2026-07-26T16:36:33.4444128Z cl : Command line warning D9025 : overriding '/Zi' with '/Z7'
2026-07-26T16:36:33.4447314Z [59/129] "C:/Program Files/Microsoft Visual Studio/18/Enterprise/VC/Tools/MSVC/14.51.36231/bin/Hostx64/x64/cl.exe" "-DWIN32" "-D_WINDOWS" "-utf-8" "-GR" "-EHsc" "-MP" "-MDd" "-Z7" "-Ob0" "-Od" "-RTC1" "-Isrc\harfbuzz.dll.p" "-Isrc" "-I..\src\14.2.1-f76ca539fc.clean\src" "-I." "-I..\src\14.2.1-f76ca539fc.clean" "-IC:/Program\\" "-IC:/Program Files/Microsoft Visual Studio/18/Enterprise/VC/vcpkg/installed/x64-windows/include" "/MDd" "/nologo" "/showIncludes" "/utf-8" "/Zc:__cplusplus" "/W2" "/EHs-c-" "/std:c++14" "/permissive-" "/Zi" "/wd4244" "/bigobj" "/utf-8" "-DHAVE_CONFIG_H" "-nologo" "-DWIN32" "-D_WINDOWS" "-utf-8" "-GR" "-EHsc" "-MP" "-MDd" "-Z7" "-Ob0" "-Od" "-RTC1" "Files/Microsoft\\" "Visual\\" "Studio/18/Enterprise/VC/vcpkg/installed/x64-windows/debug/../include" "Files/Microsoft\\" "Visual\\" "Studio/18/Enterprise/VC/vcpkg/installed/x64-windows/debug/../include/libpng16" "-DHB_DLL_EXPORT" "/Fdsrc\harfbuzz.dll.p\hb-static.cc.pdb" /Fosrc/harfbuzz.dll.p/hb-static.cc.obj "/c" ../src/14.2.1-f76ca539fc.clean/src/hb-static.cc
2026-07-26T16:36:33.4447534Z cl : Command line warning D9025 : overriding '/EHs' with '/EHs-'
2026-07-26T16:36:33.4447668Z cl : Command line warning D9025 : overriding '/EHc' with '/EHc-'
2026-07-26T16:36:33.4447796Z cl : Command line warning D9025 : overriding '/Z7' with '/Zi'
2026-07-26T16:36:33.4447933Z cl : Command line warning D9025 : overriding '/EHs-' with '/EHs'
2026-07-26T16:36:33.4448064Z cl : Command line warning D9025 : overriding '/EHc-' with '/EHc'
2026-07-26T16:36:33.4448193Z cl : Command line warning D9025 : overriding '/Zi' with '/Z7'
2026-07-26T16:36:33.4448459Z cl : Command line warning D9024 : unrecognized source file type 'Files/Microsoft\', object file assumed
2026-07-26T16:36:33.4448625Z cl : Command line warning D9027 : source file 'Files/Microsoft\' ignored
2026-07-26T16:36:33.4448866Z cl : Command line warning D9024 : unrecognized source file type 'Visual\', object file assumed
2026-07-26T16:36:33.4448998Z cl : Command line warning D9027 : source file 'Visual\' ignored
2026-07-26T16:36:33.4449453Z cl : Command line warning D9024 : unrecognized source file type 'Studio/18/Enterprise/VC/vcpkg/installed/x64-windows/debug/../include', object file assumed
2026-07-26T16:36:33.4449800Z cl : Command line warning D9027 : source file 'Studio/18/Enterprise/VC/vcpkg/installed/x64-windows/debug/../include' ignored
2026-07-26T16:36:33.4450061Z cl : Command line warning D9024 : unrecognized source file type 'Files/Microsoft\', object file assumed
2026-07-26T16:36:33.4450228Z cl : Command line warning D9027 : source file 'Files/Microsoft\' ignored
2026-07-26T16:36:33.4450457Z cl : Command line warning D9024 : unrecognized source file type 'Visual\', object file assumed
2026-07-26T16:36:33.4450595Z cl : Command line warning D9027 : source file 'Visual\' ignored
2026-07-26T16:36:33.4451084Z cl : Command line warning D9024 : unrecognized source file type 'Studio/18/Enterprise/VC/vcpkg/installed/x64-windows/debug/../include/libpng16', object file assumed
2026-07-26T16:36:33.4451451Z cl : Command line warning D9027 : source file 'Studio/18/Enterprise/VC/vcpkg/installed/x64-windows/debug/../include/libpng16' ignored
2026-07-26T16:36:33.4451738Z cl : Command line warning D9030 : '/showIncludes' is incompatible with multiprocessing; ignoring /MP switch
2026-07-26T16:36:33.4454988Z [60/129] "C:/Program Files/Microsoft Visual Studio/18/Enterprise/VC/Tools/MSVC/14.51.36231/bin/Hostx64/x64/cl.exe" "-DWIN32" "-D_WINDOWS" "-utf-8" "-GR" "-EHsc" "-MP" "-MDd" "-Z7" "-Ob0" "-Od" "-RTC1" "-Isrc\harfbuzz.dll.p" "-Isrc" "-I..\src\14.2.1-f76ca539fc.clean\src" "-I." "-I..\src\14.2.1-f76ca539fc.clean" "-IC:/Program\\" "-IC:/Program Files/Microsoft Visual Studio/18/Enterprise/VC/vcpkg/installed/x64-windows/include" "/MDd" "/nologo" "/showIncludes" "/utf-8" "/Zc:__cplusplus" "/W2" "/EHs-c-" "/std:c++14" "/permissive-" "/Zi" "/wd4244" "/bigobj" "/utf-8" "-DHAVE_CONFIG_H" "-nologo" "-DWIN32" "-D_WINDOWS" "-utf-8" "-GR" "-EHsc" "-MP" "-MDd" "-Z7" "-Ob0" "-Od" "-RTC1" "Files/Microsoft\\" "Visual\\" "Studio/18/Enterprise/VC/vcpkg/installed/x64-windows/debug/../include" "Files/Microsoft\\" "Visual\\" "Studio/18/Enterprise/VC/vcpkg/installed/x64-windows/debug/../include/libpng16" "-DHB_DLL_EXPORT" "/Fdsrc\harfbuzz.dll.p\hb-ft.cc.pdb" /Fosrc/harfbuzz.dll.p/hb-ft.cc.obj "/c" ../src/14.2.1-f76ca539fc.clean/src/hb-ft.cc
2026-07-26T16:36:33.4455320Z cl : Command line warning D9025 : overriding '/EHs' with '/EHs-'
2026-07-26T16:36:33.4455584Z cl : Command line warning D9025 : overriding '/EHc' with '/EHc-'
2026-07-26T16:36:33.4455822Z cl : Command line warning D9025 : overriding '/Z7' with '/Zi'
2026-07-26T16:36:33.4455960Z cl : Command line warning D9025 : overriding '/EHs-' with '/EHs'
2026-07-26T16:36:33.4456114Z cl : Command line warning D9025 : overriding '/EHc-' with '/EHc'
2026-07-26T16:36:33.4456243Z cl : Command line warning D9025 : overriding '/Zi' with '/Z7'
2026-07-26T16:36:33.4456510Z cl : Command line warning D9024 : unrecognized source file type 'Files/Microsoft\', object file assumed
2026-07-26T16:36:33.4456676Z cl : Command line warning D9027 : source file 'Files/Microsoft\' ignored
2026-07-26T16:36:33.4456910Z cl : Command line warning D9024 : unrecognized source file type 'Visual\', object file assumed
2026-07-26T16:36:33.4457047Z cl : Command line warning D9027 : source file 'Visual\' ignored
2026-07-26T16:36:33.4457506Z cl : Command line warning D9024 : unrecognized source file type 'Studio/18/Enterprise/VC/vcpkg/installed/x64-windows/debug/../include', object file assumed
2026-07-26T16:36:33.4457842Z cl : Command line warning D9027 : source file 'Studio/18/Enterprise/VC/vcpkg/installed/x64-windows/debug/../include' ignored
2026-07-26T16:36:33.4458105Z cl : Command line warning D9024 : unrecognized source file type 'Files/Microsoft\', object file assumed
2026-07-26T16:36:33.4520309Z cl : Command line warning D9027 : source file 'Files/Microsoft\' ignored
2026-07-26T16:36:33.4520692Z cl : Command line warning D9024 : unrecognized source file type 'Visual\', object file assumed
2026-07-26T16:36:33.4520852Z cl : Command line warning D9027 : source file 'Visual\' ignored
2026-07-26T16:36:33.4521380Z cl : Command line warning D9024 : unrecognized source file type 'Studio/18/Enterprise/VC/vcpkg/installed/x64-windows/debug/../include/libpng16', object file assumed
2026-07-26T16:36:33.4521997Z cl : Command line warning D9027 : source file 'Studio/18/Enterprise/VC/vcpkg/installed/x64-windows/debug/../include/libpng16' ignored
2026-07-26T16:36:33.4522495Z cl : Command line warning D9030 : '/showIncludes' is incompatible with multiprocessing; ignoring /MP switch
2026-07-26T16:36:33.4533288Z [61/129] "C:/Program Files/Microsoft Visual Studio/18/Enterprise/VC/Tools/MSVC/14.51.36231/bin/Hostx64/x64/link.exe"  /MACHINE:x64 /OUT:src/harfbuzz.dll src/harfbuzz.dll.p/hb-aat-layout.cc.obj src/harfbuzz.dll.p/hb-aat-map.cc.obj src/harfbuzz.dll.p/hb-blob.cc.obj src/harfbuzz.dll.p/hb-buffer-serialize.cc.obj src/harfbuzz.dll.p/hb-buffer-verify.cc.obj src/harfbuzz.dll.p/hb-buffer.cc.obj src/harfbuzz.dll.p/hb-common.cc.obj src/harfbuzz.dll.p/hb-draw.cc.obj src/harfbuzz.dll.p/hb-paint.cc.obj src/harfbuzz.dll.p/hb-paint-bounded.cc.obj src/harfbuzz.dll.p/hb-paint-extents.cc.obj src/harfbuzz.dll.p/hb-face.cc.obj src/harfbuzz.dll.p/hb-face-builder.cc.obj src/harfbuzz.dll.p/hb-fallback-shape.cc.obj src/harfbuzz.dll.p/hb-font.cc.obj src/harfbuzz.dll.p/hb-map.cc.obj src/harfbuzz.dll.p/hb-number.cc.obj src/harfbuzz.dll.p/hb-ot-cff1-table.cc.obj src/harfbuzz.dll.p/hb-ot-cff2-table.cc.obj src/harfbuzz.dll.p/hb-ot-color.cc.obj src/harfbuzz.dll.p/hb-ot-face.cc.obj src/harfbuzz.dll.p/hb-ot-font.cc.obj src/harfbuzz.dll.p/hb-outline.cc.obj src/harfbuzz.dll.p/OT_Var_VARC_VARC.cc.obj src/harfbuzz.dll.p/hb-ot-layout.cc.obj src/harfbuzz.dll.p/hb-ot-map.cc.obj src/harfbuzz.dll.p/hb-ot-math.cc.obj src/harfbuzz.dll.p/hb-ot-meta.cc.obj src/harfbuzz.dll.p/hb-ot-metrics.cc.obj src/harfbuzz.dll.p/hb-ot-name.cc.obj src/harfbuzz.dll.p/hb-ot-shaper-arabic.cc.obj src/harfbuzz.dll.p/hb-ot-shaper-default.cc.obj src/harfbuzz.dll.p/hb-ot-shaper-hangul.cc.obj src/harfbuzz.dll.p/hb-ot-shaper-hebrew.cc.obj src/harfbuzz.dll.p/hb-ot-shaper-indic-table.cc.obj src/harfbuzz.dll.p/hb-ot-shaper-indic.cc.obj src/harfbuzz.dll.p/hb-ot-shaper-khmer.cc.obj src/harfbuzz.dll.p/hb-ot-shaper-myanmar.cc.obj src/harfbuzz.dll.p/hb-ot-shaper-syllabic.cc.obj src/harfbuzz.dll.p/hb-ot-shaper-thai.cc.obj src/harfbuzz.dll.p/hb-ot-shaper-use.cc.obj src/harfbuzz.dll.p/hb-ot-shaper-vowel-constraints.cc.obj src/harfbuzz.dll.p/hb-ot-shape-fallback.cc.obj src/harfbuzz.dll.p/hb-ot-shape-normalize.cc.obj src/harfbuzz.dll.p/hb-ot-shape.cc.obj src/harfbuzz.dll.p/hb-ot-tag.cc.obj src/harfbuzz.dll.p/hb-ot-var.cc.obj src/harfbuzz.dll.p/hb-set.cc.obj src/harfbuzz.dll.p/hb-shape-plan.cc.obj src/harfbuzz.dll.p/hb-shape.cc.obj src/harfbuzz.dll.p/hb-shaper.cc.obj src/harfbuzz.dll.p/hb-static.cc.obj src/harfbuzz.dll.p/hb-style.cc.obj src/harfbuzz.dll.p/hb-ucd.cc.obj src/harfbuzz.dll.p/hb-unicode.cc.obj src/harfbuzz.dll.p/hb-ft.cc.obj "-INCREMENTAL" "/release" "/nologo" "/DEBUG" "/PDB:src\harfbuzz.pdb" "/DLL" "/IMPLIB:src\harfbuzz.lib" "-machine:x64" "-nologo" "-debug" "/LIBPATH:C:/Program Files/Microsoft Visual Studio/18/Enterprise/VC/vcpkg/installed/x64-windows/debug/lib" "Files/Microsoft\\" "Visual\\" "Studio/18/Enterprise/VC/vcpkg/installed/x64-windows/debug/lib" "/LIBPATH:C:/Program\\" "freetyped.lib" "kernel32.lib" "user32.lib" "gdi32.lib" "winspool.lib" "shell32.lib" "ole32.lib" "oleaut32.lib" "uuid.lib" "comdlg32.lib" "advapi32.lib"
2026-07-26T16:36:33.4533756Z FAILED: [code=1181] src/harfbuzz.dll src/harfbuzz.pdb 
2026-07-26T16:36:33.4543399Z "C:/Program Files/Microsoft Visual Studio/18/Enterprise/VC/Tools/MSVC/14.51.36231/bin/Hostx64/x64/link.exe"  /MACHINE:x64 /OUT:src/harfbuzz.dll src/harfbuzz.dll.p/hb-aat-layout.cc.obj src/harfbuzz.dll.p/hb-aat-map.cc.obj src/harfbuzz.dll.p/hb-blob.cc.obj src/harfbuzz.dll.p/hb-buffer-serialize.cc.obj src/harfbuzz.dll.p/hb-buffer-verify.cc.obj src/harfbuzz.dll.p/hb-buffer.cc.obj src/harfbuzz.dll.p/hb-common.cc.obj src/harfbuzz.dll.p/hb-draw.cc.obj src/harfbuzz.dll.p/hb-paint.cc.obj src/harfbuzz.dll.p/hb-paint-bounded.cc.obj src/harfbuzz.dll.p/hb-paint-extents.cc.obj src/harfbuzz.dll.p/hb-face.cc.obj src/harfbuzz.dll.p/hb-face-builder.cc.obj src/harfbuzz.dll.p/hb-fallback-shape.cc.obj src/harfbuzz.dll.p/hb-font.cc.obj src/harfbuzz.dll.p/hb-map.cc.obj src/harfbuzz.dll.p/hb-number.cc.obj src/harfbuzz.dll.p/hb-ot-cff1-table.cc.obj src/harfbuzz.dll.p/hb-ot-cff2-table.cc.obj src/harfbuzz.dll.p/hb-ot-color.cc.obj src/harfbuzz.dll.p/hb-ot-face.cc.obj src/harfbuzz.dll.p/hb-ot-font.cc.obj src/harfbuzz.dll.p/hb-outline.cc.obj src/harfbuzz.dll.p/OT_Var_VARC_VARC.cc.obj src/harfbuzz.dll.p/hb-ot-layout.cc.obj src/harfbuzz.dll.p/hb-ot-map.cc.obj src/harfbuzz.dll.p/hb-ot-math.cc.obj src/harfbuzz.dll.p/hb-ot-meta.cc.obj src/harfbuzz.dll.p/hb-ot-metrics.cc.obj src/harfbuzz.dll.p/hb-ot-name.cc.obj src/harfbuzz.dll.p/hb-ot-shaper-arabic.cc.obj src/harfbuzz.dll.p/hb-ot-shaper-default.cc.obj src/harfbuzz.dll.p/hb-ot-shaper-hangul.cc.obj src/harfbuzz.dll.p/hb-ot-shaper-hebrew.cc.obj src/harfbuzz.dll.p/hb-ot-shaper-indic-table.cc.obj src/harfbuzz.dll.p/hb-ot-shaper-indic.cc.obj src/harfbuzz.dll.p/hb-ot-shaper-khmer.cc.obj src/harfbuzz.dll.p/hb-ot-shaper-myanmar.cc.obj src/harfbuzz.dll.p/hb-ot-shaper-syllabic.cc.obj src/harfbuzz.dll.p/hb-ot-shaper-thai.cc.obj src/harfbuzz.dll.p/hb-ot-shaper-use.cc.obj src/harfbuzz.dll.p/hb-ot-shaper-vowel-constraints.cc.obj src/harfbuzz.dll.p/hb-ot-shape-fallback.cc.obj src/harfbuzz.dll.p/hb-ot-shape-normalize.cc.obj src/harfbuzz.dll.p/hb-ot-shape.cc.obj src/harfbuzz.dll.p/hb-ot-tag.cc.obj src/harfbuzz.dll.p/hb-ot-var.cc.obj src/harfbuzz.dll.p/hb-set.cc.obj src/harfbuzz.dll.p/hb-shape-plan.cc.obj src/harfbuzz.dll.p/hb-shape.cc.obj src/harfbuzz.dll.p/hb-shaper.cc.obj src/harfbuzz.dll.p/hb-static.cc.obj src/harfbuzz.dll.p/hb-style.cc.obj src/harfbuzz.dll.p/hb-ucd.cc.obj src/harfbuzz.dll.p/hb-unicode.cc.obj src/harfbuzz.dll.p/hb-ft.cc.obj "-INCREMENTAL" "/release" "/nologo" "/DEBUG" "/PDB:src\harfbuzz.pdb" "/DLL" "/IMPLIB:src\harfbuzz.lib" "-machine:x64" "-nologo" "-debug" "/LIBPATH:C:/Program Files/Microsoft Visual Studio/18/Enterprise/VC/vcpkg/installed/x64-windows/debug/lib" "Files/Microsoft\\" "Visual\\" "Studio/18/Enterprise/VC/vcpkg/installed/x64-windows/debug/lib" "/LIBPATH:C:/Program\\" "freetyped.lib" "kernel32.lib" "user32.lib" "gdi32.lib" "winspool.lib" "shell32.lib" "ole32.lib" "oleaut32.lib" "uuid.lib" "comdlg32.lib" "advapi32.lib"
2026-07-26T16:36:33.4544502Z LINK : warning LNK4075: ignoring '/INCREMENTAL' due to '/RELEASE' specification
2026-07-26T16:36:33.4544785Z LINK : fatal error LNK1181: cannot open input file 'Files\Microsoft\.obj'
2026-07-26T16:36:33.4547330Z [62/129] "C:/Program Files/Microsoft Visual Studio/18/Enterprise/VC/Tools/MSVC/14.51.36231/bin/Hostx64/x64/cl.exe" "-DWIN32" "-D_WINDOWS" "-utf-8" "-GR" "-EHsc" "-MP" "-MDd" "-Z7" "-Ob0" "-Od" "-RTC1" "-Isrc\harfbuzz-subset.dll.p" "-Isrc" "-I..\src\14.2.1-f76ca539fc.clean\src" "-I." "-I..\src\14.2.1-f76ca539fc.clean" "-IC:/Program Files/Microsoft Visual Studio/18/Enterprise/VC/vcpkg/installed/x64-windows/include" "/MDd" "/nologo" "/showIncludes" "/utf-8" "/Zc:__cplusplus" "/W2" "/EHs-c-" "/std:c++14" "/permissive-" "/Zi" "/wd4244" "/bigobj" "/utf-8" "-DHAVE_CONFIG_H" "-nologo" "-DWIN32" "-D_WINDOWS" "-utf-8" "-GR" "-EHsc" "-MP" "-MDd" "-Z7" "-Ob0" "-Od" "-RTC1" "-DHB_DLL_EXPORT" "/Fdsrc\harfbuzz-subset.dll.p\hb-ot-cff1-table.cc.pdb" /Fosrc/harfbuzz-subset.dll.p/hb-ot-cff1-table.cc.obj "/c" ../src/14.2.1-f76ca539fc.clean/src/hb-ot-cff1-table.cc
2026-07-26T16:36:33.4547496Z cl : Command line warning D9025 : overriding '/EHs' with '/EHs-'
2026-07-26T16:36:33.4547637Z cl : Command line warning D9025 : overriding '/EHc' with '/EHc-'
2026-07-26T16:36:33.4547777Z cl : Command line warning D9025 : overriding '/Z7' with '/Zi'
2026-07-26T16:36:33.4547912Z cl : Command line warning D9025 : overriding '/EHs-' with '/EHs'
2026-07-26T16:36:33.4548052Z cl : Command line warning D9025 : overriding '/EHc-' with '/EHc'
2026-07-26T16:36:33.4548186Z cl : Command line warning D9025 : overriding '/Zi' with '/Z7'
2026-07-26T16:36:33.4550678Z [63/129] "C:/Program Files/Microsoft Visual Studio/18/Enterprise/VC/Tools/MSVC/14.51.36231/bin/Hostx64/x64/cl.exe" "-DWIN32" "-D_WINDOWS" "-utf-8" "-GR" "-EHsc" "-MP" "-MDd" "-Z7" "-Ob0" "-Od" "-RTC1" "-Isrc\harfbuzz-subset.dll.p" "-Isrc" "-I..\src\14.2.1-f76ca539fc.clean\src" "-I." "-I..\src\14.2.1-f76ca539fc.clean" "-IC:/Program Files/Microsoft Visual Studio/18/Enterprise/VC/vcpkg/installed/x64-windows/include" "/MDd" "/nologo" "/showIncludes" "/utf-8" "/Zc:__cplusplus" "/W2" "/EHs-c-" "/std:c++14" "/permissive-" "/Zi" "/wd4244" "/bigobj" "/utf-8" "-DHAVE_CONFIG_H" "-nologo" "-DWIN32" "-D_WINDOWS" "-utf-8" "-GR" "-EHsc" "-MP" "-MDd" "-Z7" "-Ob0" "-Od" "-RTC1" "-DHB_DLL_EXPORT" "/Fdsrc\harfbuzz-subset.dll.p\hb-ot-cff2-table.cc.pdb" /Fosrc/harfbuzz-subset.dll.p/hb-ot-cff2-table.cc.obj "/c" ../src/14.2.1-f76ca539fc.clean/src/hb-ot-cff2-table.cc
2026-07-26T16:36:33.4550821Z cl : Command line warning D9025 : overriding '/EHs' with '/EHs-'
2026-07-26T16:36:33.4550961Z cl : Command line warning D9025 : overriding '/EHc' with '/EHc-'
2026-07-26T16:36:33.4551084Z cl : Command line warning D9025 : overriding '/Z7' with '/Zi'
2026-07-26T16:36:33.4551225Z cl : Command line warning D9025 : overriding '/EHs-' with '/EHs'
2026-07-26T16:36:33.4551355Z cl : Command line warning D9025 : overriding '/EHc-' with '/EHc'
2026-07-26T16:36:33.4551483Z cl : Command line warning D9025 : overriding '/Zi' with '/Z7'
2026-07-26T16:36:33.4554308Z [64/129] "C:/Program Files/Microsoft Visual Studio/18/Enterprise/VC/Tools/MSVC/14.51.36231/bin/Hostx64/x64/cl.exe" "-DWIN32" "-D_WINDOWS" "-utf-8" "-GR" "-EHsc" "-MP" "-MDd" "-Z7" "-Ob0" "-Od" "-RTC1" "-Isrc\harfbuzz-gpu.dll.p" "-Isrc" "-I..\src\14.2.1-f76ca539fc.clean\src" "-I." "-I..\src\14.2.1-f76ca539fc.clean" "-IC:/Program Files/Microsoft Visual Studio/18/Enterprise/VC/vcpkg/installed/x64-windows/include" "/MDd" "/nologo" "/showIncludes" "/utf-8" "/Zc:__cplusplus" "/W2" "/EHs-c-" "/std:c++14" "/permissive-" "/Zi" "/wd4244" "/bigobj" "/utf-8" "-DHAVE_CONFIG_H" "-nologo" "-DWIN32" "-D_WINDOWS" "-utf-8" "-GR" "-EHsc" "-MP" "-MDd" "-Z7" "-Ob0" "-Od" "-RTC1" "-DHB_DLL_EXPORT" "/Fdsrc\harfbuzz-gpu.dll.p\hb-static.cc.pdb" /Fosrc/harfbuzz-gpu.dll.p/hb-static.cc.obj "/c" ../src/14.2.1-f76ca539fc.clean/src/hb-static.cc
2026-07-26T16:36:33.4554636Z cl : Command line warning D9025 : overriding '/EHs' with '/EHs-'
2026-07-26T16:36:33.4554780Z cl : Command line warning D9025 : overriding '/EHc' with '/EHc-'
2026-07-26T16:36:33.4554921Z cl : Command line warning D9025 : overriding '/Z7' with '/Zi'
2026-07-26T16:36:33.4555624Z cl : Command line warning D9025 : overriding '/EHs-' with '/EHs'
2026-07-26T16:36:33.4555796Z cl : Command line warning D9025 : overriding '/EHc-' with '/EHc'
2026-07-26T16:36:33.4555932Z cl : Command line warning D9025 : overriding '/Zi' with '/Z7'
2026-07-26T16:36:33.4559069Z [65/129] "C:/Program Files/Microsoft Visual Studio/18/Enterprise/VC/Tools/MSVC/14.51.36231/bin/Hostx64/x64/cl.exe" "-DWIN32" "-D_WINDOWS" "-utf-8" "-GR" "-EHsc" "-MP" "-MDd" "-Z7" "-Ob0" "-Od" "-RTC1" "-Isrc\harfbuzz-subset.dll.p" "-Isrc" "-I..\src\14.2.1-f76ca539fc.clean\src" "-I." "-I..\src\14.2.1-f76ca539fc.clean" "-IC:/Program Files/Microsoft Visual Studio/18/Enterprise/VC/vcpkg/installed/x64-windows/include" "/MDd" "/nologo" "/showIncludes" "/utf-8" "/Zc:__cplusplus" "/W2" "/EHs-c-" "/std:c++14" "/permissive-" "/Zi" "/wd4244" "/bigobj" "/utf-8" "-DHAVE_CONFIG_H" "-nologo" "-DWIN32" "-D_WINDOWS" "-utf-8" "-GR" "-EHsc" "-MP" "-MDd" "-Z7" "-Ob0" "-Od" "-RTC1" "-DHB_DLL_EXPORT" "/Fdsrc\harfbuzz-subset.dll.p\hb-subset-cff-common.cc.pdb" /Fosrc/harfbuzz-subset.dll.p/hb-subset-cff-common.cc.obj "/c" ../src/14.2.1-f76ca539fc.clean/src/hb-subset-cff-common.cc
2026-07-26T16:36:33.4559226Z cl : Command line warning D9025 : overriding '/EHs' with '/EHs-'
2026-07-26T16:36:33.4559365Z cl : Command line warning D9025 : overriding '/EHc' with '/EHc-'
2026-07-26T16:36:33.4559494Z cl : Command line warning D9025 : overriding '/Z7' with '/Zi'
2026-07-26T16:36:33.4559629Z cl : Command line warning D9025 : overriding '/EHs-' with '/EHs'
2026-07-26T16:36:33.4559765Z cl : Command line warning D9025 : overriding '/EHc-' with '/EHc'
2026-07-26T16:36:33.4559893Z cl : Command line warning D9025 : overriding '/Zi' with '/Z7'
2026-07-26T16:36:33.4562366Z [66/129] "C:/Program Files/Microsoft Visual Studio/18/Enterprise/VC/Tools/MSVC/14.51.36231/bin/Hostx64/x64/cl.exe" "-DWIN32" "-D_WINDOWS" "-utf-8" "-GR" "-EHsc" "-MP" "-MDd" "-Z7" "-Ob0" "-Od" "-RTC1" "-Isrc\harfbuzz-subset.dll.p" "-Isrc" "-I..\src\14.2.1-f76ca539fc.clean\src" "-I." "-I..\src\14.2.1-f76ca539fc.clean" "-IC:/Program Files/Microsoft Visual Studio/18/Enterprise/VC/vcpkg/installed/x64-windows/include" "/MDd" "/nologo" "/showIncludes" "/utf-8" "/Zc:__cplusplus" "/W2" "/EHs-c-" "/std:c++14" "/permissive-" "/Zi" "/wd4244" "/bigobj" "/utf-8" "-DHAVE_CONFIG_H" "-nologo" "-DWIN32" "-D_WINDOWS" "-utf-8" "-GR" "-EHsc" "-MP" "-MDd" "-Z7" "-Ob0" "-Od" "-RTC1" "-DHB_DLL_EXPORT" "/Fdsrc\harfbuzz-subset.dll.p\hb-static.cc.pdb" /Fosrc/harfbuzz-subset.dll.p/hb-static.cc.obj "/c" ../src/14.2.1-f76ca539fc.clean/src/hb-static.cc
2026-07-26T16:36:33.4562534Z cl : Command line warning D9025 : overriding '/EHs' with '/EHs-'
2026-07-26T16:36:33.4562903Z cl : Command line warning D9025 : overriding '/EHc' with '/EHc-'
2026-07-26T16:36:33.4563048Z cl : Command line warning D9025 : overriding '/Z7' with '/Zi'
2026-07-26T16:36:33.4563192Z cl : Command line warning D9025 : overriding '/EHs-' with '/EHs'
2026-07-26T16:36:33.4563324Z cl : Command line warning D9025 : overriding '/EHc-' with '/EHc'
2026-07-26T16:36:33.4563460Z cl : Command line warning D9025 : overriding '/Zi' with '/Z7'
2026-07-26T16:36:33.4563558Z ninja: build stopped: subcommand failed.
2026-07-26T16:36:33.4563911Z ##[endgroup]
2026-07-26T16:36:33.4563919Z 
2026-07-26T16:36:33.4564176Z Completed submission of vcpkg-tool-meson:x64-windows@1.9.0#10 to 1 binary cache(s) in 69.9 ms
2026-07-26T16:36:34.1705305Z [31;1mException: [0mD:\a\_temp\43bfaa9f-5180-4853-b7ed-95b0889dfa5b.ps1:5[0m
2026-07-26T16:36:34.1706322Z [31;1m[0m[36;1mLine |[0m
2026-07-26T16:36:34.1707648Z [31;1m[0m[36;1m[36;1m   5 | [0m if ($LASTEXITCODE -ne 0) { [36;1mthrow "vcpkg install failed"[0m }[0m
2026-07-26T16:36:34.1708437Z [31;1m[0m[36;1m[36;1m[0m[36;1m[0m[36;1m     | [31;1m                            ~~~~~~~~~~~~~~~~~~~~~~~~~~~~[0m
2026-07-26T16:36:34.1709166Z [31;1m[0m[36;1m[36;1m[0m[36;1m[0m[36;1m[31;1m[31;1m[36;1m     | [31;1mvcpkg install failed[0m
2026-07-26T16:36:34.1934347Z ##[error]Process completed with exit code 1.
2026-07-26T16:36:34.2198013Z Post job cleanup.
2026-07-26T16:36:34.4464578Z [command]"C:\Program Files\Git\bin\git.exe" version
2026-07-26T16:36:34.4753999Z git version 2.55.0.windows.2
2026-07-26T16:36:34.4825272Z Temporarily overriding HOME='D:\a\_temp\c7ee2de1-de8a-46e0-9bd6-57a3a736edca' before making global git config changes
2026-07-26T16:36:34.4826523Z Adding repository directory to the temporary git global config as a safe directory
2026-07-26T16:36:34.4838912Z [command]"C:\Program Files\Git\bin\git.exe" config --global --add safe.directory D:\a\adriatic\adriatic\zelda-engine
2026-07-26T16:36:34.5179341Z Removing SSH command configuration
2026-07-26T16:36:34.5192995Z [command]"C:\Program Files\Git\bin\git.exe" config --local --name-only --get-regexp core\.sshCommand
2026-07-26T16:36:34.5526088Z [command]"C:\Program Files\Git\bin\git.exe" submodule foreach --recursive "sh -c \"git config --local --name-only --get-regexp 'core\.sshCommand' && git config --local --unset-all 'core.sshCommand' || :\""
2026-07-26T16:36:35.1533035Z Removing HTTP extra header
2026-07-26T16:36:35.1545586Z [command]"C:\Program Files\Git\bin\git.exe" config --local --name-only --get-regexp http\.https\:\/\/github\.com\/\.extraheader
2026-07-26T16:36:35.1916139Z [command]"C:\Program Files\Git\bin\git.exe" submodule foreach --recursive "sh -c \"git config --local --name-only --get-regexp 'http\.https\:\/\/github\.com\/\.extraheader' && git config --local --unset-all 'http.https://github.com/.extraheader' || :\""
2026-07-26T16:36:35.7462446Z Removing includeIf entries pointing to credentials config files
2026-07-26T16:36:35.7477123Z [command]"C:\Program Files\Git\bin\git.exe" config --local --name-only --get-regexp ^includeIf\.gitdir:
2026-07-26T16:36:35.7759335Z includeif.gitdir:D:/a/adriatic/adriatic/zelda-engine/.git.path
2026-07-26T16:36:35.7759990Z includeif.gitdir:D:/a/adriatic/adriatic/zelda-engine/.git/worktrees/*.path
2026-07-26T16:36:35.7760542Z includeif.gitdir:/github/workspace/zelda-engine/.git.path
2026-07-26T16:36:35.7761101Z includeif.gitdir:/github/workspace/zelda-engine/.git/worktrees/*.path
2026-07-26T16:36:35.7804740Z [command]"C:\Program Files\Git\bin\git.exe" config --local --get-all includeif.gitdir:D:/a/adriatic/adriatic/zelda-engine/.git.path
2026-07-26T16:36:35.8085288Z D:\a\_temp\git-credentials-eb23ad40-7233-4d6e-a808-90d7acf0d1aa.config
2026-07-26T16:36:35.8134216Z [command]"C:\Program Files\Git\bin\git.exe" config --local --unset includeif.gitdir:D:/a/adriatic/adriatic/zelda-engine/.git.path D:\a\_temp\git-credentials-eb23ad40-7233-4d6e-a808-90d7acf0d1aa.config
2026-07-26T16:36:35.8460951Z [command]"C:\Program Files\Git\bin\git.exe" config --local --get-all includeif.gitdir:D:/a/adriatic/adriatic/zelda-engine/.git/worktrees/*.path
2026-07-26T16:36:35.8742555Z D:\a\_temp\git-credentials-eb23ad40-7233-4d6e-a808-90d7acf0d1aa.config
2026-07-26T16:36:35.8792458Z [command]"C:\Program Files\Git\bin\git.exe" config --local --unset includeif.gitdir:D:/a/adriatic/adriatic/zelda-engine/.git/worktrees/*.path D:\a\_temp\git-credentials-eb23ad40-7233-4d6e-a808-90d7acf0d1aa.config
2026-07-26T16:36:35.9130972Z [command]"C:\Program Files\Git\bin\git.exe" config --local --get-all includeif.gitdir:/github/workspace/zelda-engine/.git.path
2026-07-26T16:36:35.9420760Z /github/runner_temp/git-credentials-eb23ad40-7233-4d6e-a808-90d7acf0d1aa.config
2026-07-26T16:36:35.9466152Z [command]"C:\Program Files\Git\bin\git.exe" config --local --unset includeif.gitdir:/github/workspace/zelda-engine/.git.path /github/runner_temp/git-credentials-eb23ad40-7233-4d6e-a808-90d7acf0d1aa.config
2026-07-26T16:36:35.9803722Z [command]"C:\Program Files\Git\bin\git.exe" config --local --get-all includeif.gitdir:/github/workspace/zelda-engine/.git/worktrees/*.path
2026-07-26T16:36:36.0090781Z /github/runner_temp/git-credentials-eb23ad40-7233-4d6e-a808-90d7acf0d1aa.config
2026-07-26T16:36:36.0142539Z [command]"C:\Program Files\Git\bin\git.exe" config --local --unset includeif.gitdir:/github/workspace/zelda-engine/.git/worktrees/*.path /github/runner_temp/git-credentials-eb23ad40-7233-4d6e-a808-90d7acf0d1aa.config
2026-07-26T16:36:36.0475655Z [command]"C:\Program Files\Git\bin\git.exe" submodule foreach --recursive "git config --local --show-origin --name-only --get-regexp remote.origin.url"
2026-07-26T16:36:36.6176996Z Removing credentials config 'D:\a\_temp\git-credentials-eb23ad40-7233-4d6e-a808-90d7acf0d1aa.config'
2026-07-26T16:36:36.6506371Z Post job cleanup.
2026-07-26T16:36:36.8646252Z [command]"C:\Program Files\Git\bin\git.exe" version
2026-07-26T16:36:36.8926629Z git version 2.55.0.windows.2
2026-07-26T16:36:36.8993383Z Temporarily overriding HOME='D:\a\_temp\0be605ff-529c-4582-930f-5f3e82eec0e5' before making global git config changes
2026-07-26T16:36:36.8994671Z Adding repository directory to the temporary git global config as a safe directory
2026-07-26T16:36:36.9007041Z [command]"C:\Program Files\Git\bin\git.exe" config --global --add safe.directory D:\a\adriatic\adriatic
2026-07-26T16:36:36.9320923Z Removing SSH command configuration
2026-07-26T16:36:36.9335528Z [command]"C:\Program Files\Git\bin\git.exe" config --local --name-only --get-regexp core\.sshCommand
2026-07-26T16:36:36.9663730Z [command]"C:\Program Files\Git\bin\git.exe" submodule foreach --recursive "sh -c \"git config --local --name-only --get-regexp 'core\.sshCommand' && git config --local --unset-all 'core.sshCommand' || :\""
2026-07-26T16:36:37.5201780Z Removing HTTP extra header
2026-07-26T16:36:37.5214532Z [command]"C:\Program Files\Git\bin\git.exe" config --local --name-only --get-regexp http\.https\:\/\/github\.com\/\.extraheader
2026-07-26T16:36:37.5553358Z [command]"C:\Program Files\Git\bin\git.exe" submodule foreach --recursive "sh -c \"git config --local --name-only --get-regexp 'http\.https\:\/\/github\.com\/\.extraheader' && git config --local --unset-all 'http.https://github.com/.extraheader' || :\""
2026-07-26T16:36:38.1265476Z Removing includeIf entries pointing to credentials config files
2026-07-26T16:36:38.1280201Z [command]"C:\Program Files\Git\bin\git.exe" config --local --name-only --get-regexp ^includeIf\.gitdir:
2026-07-26T16:36:38.1571349Z includeif.gitdir:D:/a/adriatic/adriatic/.git.path
2026-07-26T16:36:38.1572071Z includeif.gitdir:D:/a/adriatic/adriatic/.git/worktrees/*.path
2026-07-26T16:36:38.1572637Z includeif.gitdir:/github/workspace/.git.path
2026-07-26T16:36:38.1573200Z includeif.gitdir:/github/workspace/.git/worktrees/*.path
2026-07-26T16:36:38.1619107Z [command]"C:\Program Files\Git\bin\git.exe" config --local --get-all includeif.gitdir:D:/a/adriatic/adriatic/.git.path
2026-07-26T16:36:38.1899645Z D:\a\_temp\git-credentials-be6605da-78b5-4206-b033-7df354846478.config
2026-07-26T16:36:38.1948874Z [command]"C:\Program Files\Git\bin\git.exe" config --local --unset includeif.gitdir:D:/a/adriatic/adriatic/.git.path D:\a\_temp\git-credentials-be6605da-78b5-4206-b033-7df354846478.config
2026-07-26T16:36:38.2280936Z [command]"C:\Program Files\Git\bin\git.exe" config --local --get-all includeif.gitdir:D:/a/adriatic/adriatic/.git/worktrees/*.path
2026-07-26T16:36:38.2565338Z D:\a\_temp\git-credentials-be6605da-78b5-4206-b033-7df354846478.config
2026-07-26T16:36:38.2612322Z [command]"C:\Program Files\Git\bin\git.exe" config --local --unset includeif.gitdir:D:/a/adriatic/adriatic/.git/worktrees/*.path D:\a\_temp\git-credentials-be6605da-78b5-4206-b033-7df354846478.config
2026-07-26T16:36:38.2941905Z [command]"C:\Program Files\Git\bin\git.exe" config --local --get-all includeif.gitdir:/github/workspace/.git.path
2026-07-26T16:36:38.3224206Z /github/runner_temp/git-credentials-be6605da-78b5-4206-b033-7df354846478.config
2026-07-26T16:36:38.3270334Z [command]"C:\Program Files\Git\bin\git.exe" config --local --unset includeif.gitdir:/github/workspace/.git.path /github/runner_temp/git-credentials-be6605da-78b5-4206-b033-7df354846478.config
2026-07-26T16:36:38.3598947Z [command]"C:\Program Files\Git\bin\git.exe" config --local --get-all includeif.gitdir:/github/workspace/.git/worktrees/*.path
2026-07-26T16:36:38.3876356Z /github/runner_temp/git-credentials-be6605da-78b5-4206-b033-7df354846478.config
2026-07-26T16:36:38.3922748Z [command]"C:\Program Files\Git\bin\git.exe" config --local --unset includeif.gitdir:/github/workspace/.git/worktrees/*.path /github/runner_temp/git-credentials-be6605da-78b5-4206-b033-7df354846478.config
2026-07-26T16:36:38.4250863Z [command]"C:\Program Files\Git\bin\git.exe" submodule foreach --recursive "git config --local --show-origin --name-only --get-regexp remote.origin.url"
2026-07-26T16:36:38.9772490Z Removing credentials config 'D:\a\_temp\git-credentials-be6605da-78b5-4206-b033-7df354846478.config'
2026-07-26T16:36:38.9981239Z Cleaning up orphan processes
2026-07-26T16:36:39.0377410Z ##[warning]Node.js 20 is deprecated. The following actions target Node.js 20 but are being forced to run on Node.js 24: actions/cache/restore@v4, actions/cache@v4, ilammy/msvc-dev-cmd@v1. For more information see: https://github.blog/changelog/2025-09-19-deprecation-of-node-20-on-github-actions-runners/

